dispositivo_id,tipo,sistema_operativo,primera_vez,usuarios_distintos,emulador,pais_declarado
D-b2b4b21d5c46,android,Android 13,2025-02-17T19:07:56Z,1,,CL
D-4aa321fbb7e3,android,Linux x86_64,2024-12-30 20:56:16-04:00,2,,CL
D-ecd0344baca3,ios,Android 14; SM-A546E Build/UP1A,2019-02-20T09:59:38Z,1,0,CL
D-3b3f522161e0,web,Android 13,2019-07-04 16:47:17,2,0,PE
D-d866d66dd7d3,android,Android 13,2025-02-19 18:32:57,1,1,Chile
D-db249e4a68de,android,Android 14,2020-10-24 12:38:51,1,,CL
D-bdaa0081fe33,IOS,Windows NT 10.0,2025-06-23 09:07:38,1,,AR
D-2f6595ad260f,pos,iOS 16.7,13/12/2025 02:37,1,,CL
D-67726f7dee18,web,iOS 16.7,2026-06-03T08:13:18Z,1,,CL
D-66ba66568e83,ios,iOS 17.5,2025-01-17T12:52:46Z,1,,CL
D-a539ca0a6997,WEB,Windows NT 10.0,2025-05-01 14:19:55,1,,CHILE
D-a8bdc94eeeef,ios,Linux x86_64,2020-05-24 01:49:06,2,,CL
D-36b736bb364c,android,,2022-05-03 12:46:26,2,,CL
D-415cf2f8e778,ios,Linux x86_64,2021-02-25 08:19:10,1,0,CL
D-ef2d7be3ae55,web,Linux x86_64,2021-12-28T06:15:14Z,1,,CL
D-cd8bdf4be38b,IOS,Mac OS X 10_15_7,15/05/2021 06:29,1,,BR
D-f49268b0b306,ios,Android 9 (SDK 28),20/06/2022 07:32,1,0,cl
D-025c07dc3c1b,ios,Linux x86_64,2020-10-01 04:07:29,1,,PE
D-fdd745ff70cb,web,Android 13,2023-07-21T11:18:53Z,1,1,CL
D-25678f033460,android,Android 13,2021-01-17 10:37:58,1,,Argentina
D-e830f6e5a3ca,ios,iOS 17.5,2023-11-01T00:46:28Z,1,,chile 
D-8318067a92c2,ios,,2025-03-11T16:37:15Z,1,,CL
D-e8e30ad5579c,android,Android 14,2023-07-30T14:08:18Z,1,0,CL
D-757fe733bfc4,ios,Windows NT 10.0,2020-03-27 05:19:31,1,,CHILE
D-eeae5af4d128,web,Linux x86_64,2019-06-23 21:09:49-04:00,1,,cl
D-fe2cf5cdb0f7,ios,iOS 16.7,2020-01-12 12:59:58,1,0,CL
D-23346eebf730,ios,Mac OS X 10_15_7,2023-08-29 07:57:59,1,0,CL
D-800d5e8f8b45,android,Android 13,2022-05-19T09:23:13Z,2,,CL
D-fa18a86813a3,android,Android 14,2022-03-03 14:45:05,1,1, CL
D-1de1c40c5438,ios,Android 13,20/12/2020 10:59,1,,CL
D-84a544d6259a,android,Mac OS X 10_15_7,2022-07-23 23:45:50,1,,BR
D-a1b50ef8c299,Android,Android 14,2020-04-06 18:02:11,1,,Chile
D-06e86d3db94f,android,Mac OS X 10_15_7,2019-11-18 11:19:23,2,,AR
D-9ec9d20ff188,POS,Mac OS X 10_15_7,2020-01-31T00:55:29Z,1,0,BR
D-98b6f5dd33b2,ANDROID,,2024-11-22T21:45:06Z,22,,CHILE
D-d4b886d98290,android,Windows NT 10.0,2023-06-06 14:32:59-04:00,1,,CL
D-dc67a548dc7f,android,Mac OS X 10_15_7,2021-11-15 23:39:50,2,0,cl
D-a475ee716cc3,ios,Android 9 (SDK 28),2021-06-26 23:34:01,1,,CL
D-65ee9fa2f4ef,ios,Android 13,2026-07-18 01:21:36,1,,RU
D-c59f1e58b865,ios,Android 9 (SDK 28),2022-11-06 01:30:08,14,,US
D-21b44ad236ec,android,Android 14; SM-A546E Build/UP1A,2022-03-07 13:56:11,1,,Chile
D-8ecb2916775f,web,Android 9 (SDK 28),07/02/2020 02:47,1,,CL
D-7290b9dbf51b,android,Windows NT 10.0,2024-08-17 18:46:25,1,,CL
D-4f090a22a62c,android,iOS 17.5,2026-01-14 07:10:56,2,,CL
D-551b730b225d,WEB,iOS 16.7,2021-06-16T15:02:14Z,2,,CL
D-4e0ae50c1141,Android,Android 14,2025-12-29 08:14:18,1,0, CL
D-a7547f835ab3,android,Android 9 (SDK 28),2019-12-23 06:51:42,2,,CL
D-3d80fd233abd,ANDROID,iOS 16.7,2024-05-20 17:04:39,1,0,chile 
D-600751199a64,ios,Android 14; SM-A546E Build/UP1A,2020-05-12 23:11:27,3,,US
D-71733d0e7252,Ios,iOS 16.7,2025-03-27 23:23:15,38,0,PE
D-4aa195176710,IOS,Windows NT 10.0,2026-05-17 08:46:24,1,0,CL
D-02d4978806a3,android,Android 9 (SDK 28),2019-05-16 20:01:20-04:00,1,0,CL
D-e597034c8fc7,pos,Linux x86_64,2023-02-05T09:26:30Z,2,0,CL
D-7f7251219ffd,ios,Android 14,2021-07-18 19:58:51,1,,cl
D-b994b24369c7,Android,Android 14,2022-07-02T15:23:01Z,1,,CL
D-f64a65af296c,web,,2023-08-04 17:16:15,2,,CHILE
D-a9c9afbd9446,ios,Android 9 (SDK 28),2025-07-29 19:40:26,1,,CL
D-0d96df584f29,android,Android 14,2022-11-17 01:20:37,1,,PE
D-a2269e73eec0,Android,iOS 16.7,2019-02-07T21:47:28Z,1,,AR
D-e3f046855ac5,Pos,Android 13,2022-09-16 19:40:19-04:00,1,,cl
D-479d6b931bda,ios,Android 14,2023-11-22T17:52:52Z,1,,CL
D-aff3e671f260,android,Android 13,2025-01-27 11:19:49,2,,COLOMBIA
D-72d56f6db9b8,ios,Windows NT 10.0,2024-04-10 13:51:20-04:00,1,,CHILE
D-a0bb3ae4d1af,ANDROID,Android 13,2019-10-31 21:10:51,22,,CL
D-11b003311b25,android,Android 14,2025-12-09T14:04:22Z,1,,CL
D-acc10328a4b9,ios,Windows NT 10.0,2024-04-16T03:01:44Z,1,,VE
D-996136590250,ANDROID,Android 13,2024-04-20T10:14:00Z,1,1,VE
D-ec1333563d29,Pos,Linux x86_64,01/07/2020 09:33,1,0,PE
D-a4dd5dcc0368,android,Android 9 (SDK 28),2023-06-22 14:32:34-04:00,1,0,ARGENTINA
D-190ed480c5df,ios,Mac OS X 10_15_7,2024-10-22T00:01:41Z,5,,CL
D-6f08d61e23c4,android,Android 14; SM-A546E Build/UP1A,2021-12-13 15:12:54,1,,CL
D-8dfca8159f60,ios,Mac OS X 10_15_7,2019-06-25T18:08:14Z,21,,CL
D-17e8bc5b58e3,android,Android 13,2022-09-08 19:14:23,1,0,PE
D-18c0ee31f4cc,ANDROID,iOS 17.5,2020-08-08 10:02:11-04:00,2,0,CHILE
D-b2e386cbd20b,Android,,23/12/2024 17:27,1,,CL
D-ad02562c040c,ios,,2023-04-07 11:08:46,1,,CL
D-897e177dcaba,android,Android 14; SM-A546E Build/UP1A,09/09/2025 16:23,2,,AR
D-591c8582687a,android,iOS 17.5,2025-10-09 04:46:46,1,,Chile
D-1416f66a5545,ios,iOS 16.7,2020-08-12 16:51:05,2,,CL
D-184223a5b6b0,web,Android 14,2026-04-25 14:03:13,1,,CL
D-8fb79ce78d96,web,Android 14; SM-A546E Build/UP1A,2023-08-12 19:31:22,5,,CL
D-c6bf15bf13ec,Web,Android 9 (SDK 28),2024-05-18 15:18:57,37,,CHILE
D-17244a43273e,Android,iOS 17.5,2024-01-19 12:15:31,1,,CL
D-920950058d2e,web,Mac OS X 10_15_7,2021-06-20T11:20:38Z,6,, CL
D-8c667c59349e,Ios,,2020-10-05T02:06:27Z,4,0,CL
D-c458f8558b27,ios,Android 14; SM-A546E Build/UP1A,2019-11-09 00:50:42,1,,AR
D-7daffad62477,android,Android 13,2020-05-02 16:53:56,4,,PE
D-936034be6ad0,android,Android 14; SM-A546E Build/UP1A,2022-11-04 23:29:57,2,,CL
D-38d3c7e731e0,android,,2022-07-11 00:04:42,1,0,chile 
D-36a745f65815,ANDROID,Linux x86_64,2025-02-06 08:48:54,1,,Perú
D-81848cb2df74,android,Android 9 (SDK 28),04/09/2021 01:54,23,,Chile
D-b263735202ed,ios,Windows NT 10.0,2023-12-05 03:40:38-04:00,1,,CL
D-74c5704c949b,android,Android 13,2023-01-07T14:00:12Z,1,0,CHILE
D-d6b9a5c7d291,Android,Android 9 (SDK 28),05/11/2023 16:53,2,,CL
D-5ee4d37aee72,IOS,Android 9 (SDK 28),2025-07-28 14:22:03,1,,CL
D-e9bebaba4c08,ios,Android 13,17/03/2019 07:58,2,,CL
D-eb08dd1a0961,ios,Android 13,2026-01-16 17:14:18,1,,CL
D-362e5db1d5b4,android,iOS 17.5,2026-05-14T06:12:18Z,1,,chile 
D-a10d163a157a,web,Windows NT 10.0,2024-10-07 00:45:27-04:00,2,,CL
D-ad4cc8566532,ios,Windows NT 10.0,2020-04-28T03:34:08Z,1,0,AR
D-db44a85ac23b,android,Mac OS X 10_15_7,28/11/2024 06:54,1,0,cl
D-475ab155995e,web,Linux x86_64,2023-04-13 20:33:24,1,,CL
D-6d7d518a6934,android,Android 9 (SDK 28),2020-04-28T20:58:32Z,1,,CL
D-c1c9e67dcb63,pos,Android 14; SM-A546E Build/UP1A,2024-02-05 18:11:34-04:00,2,,PE
D-e3958d6ef761,android,iOS 16.7,2022-05-07 00:14:07,1,0,US
D-8fc5c09b7d30,web,Windows NT 10.0,21/03/2021 09:22,1,,Venezuela
D-a92ec7bae7df,android,Android 9 (SDK 28),2019-09-04T07:49:05Z,1,1,chile 
D-f07cf15045c5,pos,iOS 17.5,2024-04-20 06:34:17-04:00,2,,CL
D-6dfdabe669c5,ios,Mac OS X 10_15_7,2021-01-15T21:31:48Z,2,,Russia
D-824281880289,android,Android 14; SM-A546E Build/UP1A,2019-10-20T08:12:45Z,1,,US
D-0254efb464a3,web,Windows NT 10.0,2020-03-02T23:56:18Z,1,0,CO
D-f24e4fa17851,ios,iOS 17.5,2021-10-27 04:10:44-04:00,1,,CL
D-2181cf750815,pos,,22/08/2025 05:52,2,0,cl
D-c3002efaf7c2,android,Android 13,2020-09-22 20:17:55,1,0,CL
D-64575ec658c0,android,Android 9 (SDK 28),2024-02-04 05:54:16,2,0,BR
D-3f0f80fe3e42,android,Android 9 (SDK 28),2024-03-17 02:43:33,6,,CL
D-fff3c28bcd14,ios,Linux x86_64,2020-03-27 19:06:32,1,,AR
D-d905547f9243,pos,Android 14,2025-02-05 06:30:59,1,,chile 
D-406eae278bd1,web,Android 14,2023-03-25 00:39:54,1,0,ARGENTINA
D-8c5b998546bf,IOS,iOS 17.5,2022-03-14 05:30:41,2,,PE
D-6a4f300a51fd,ANDROID,Android 9 (SDK 28),2023-06-23 14:06:03,2,,cl
D-30eb87b17d50,android,Android 13,2025-07-26T18:42:38Z,27,,VE
D-e69748c163a1,IOS,Android 14,2022-09-29T04:40:01Z,1,,CL
D-9d3f2e016000,POS,Android 14,2019-08-07T13:57:28Z,1,,CL
D-416e215c2969,pos,Windows NT 10.0,2025-06-13 04:43:03,1,,AR
D-9ff383bd05be,android,Windows NT 10.0,2021-03-05 15:51:01,1,,cl
D-d2e84daa8a4c,web,Android 14; SM-A546E Build/UP1A,2021-01-17 21:22:33,1,0,BR
D-9ec7df47509e,android,iOS 17.5,2025-06-27 14:24:48-04:00,1,,CL
D-a006f8d32086,ANDROID,Android 13,2020-11-21 13:24:10,1,0,CL
D-4a427b2885e7,web,Android 13,2023-06-10T11:22:27Z,1,0, CL
D-e98935da6f66,android,Android 14; SM-A546E Build/UP1A,16/04/2025 16:58,4,,CL
D-e8813425a46e,WEB,,2020-11-12 10:44:23,1,,CO
D-f02984587b12,web,Android 9 (SDK 28),2019-10-24 18:20:06-04:00,1,0,CL
D-acad34f718c0,android,Android 14; SM-A546E Build/UP1A,2024-06-09T12:10:57Z,6,,COLOMBIA
D-5116fa49b3ef,ios,Linux x86_64,2019-02-13 05:27:40-04:00,1,,cl
D-518ba5acc1bf,ANDROID,Linux x86_64,06/03/2021 01:31,18,,CHILE
D-8a047cf5b01f,android,iOS 16.7,2019-11-15T05:28:14Z,1,0,Chile
D-121e4f018e06,ios,Android 14; SM-A546E Build/UP1A,2019-11-13 08:38:00,1,0,VE
D-1ff98cbc6b44,web,Android 14; SM-A546E Build/UP1A,2023-06-27T02:14:19Z,5,,Rusia
D-3ae7a1c87d12,android,,2026-01-02 01:17:26,2,,CL
D-4656cd360e69,web,Windows NT 10.0,2024-01-26T01:12:11Z,1,,CHILE
D-6e546b224939,Android,Linux x86_64,2024-09-25T08:27:21Z,1,,CO
D-55ddbfe9f3fd,android,Android 14; SM-A546E Build/UP1A,2023-05-23T16:30:19Z,1,,CL
D-92e2083d7ca0,android,Linux x86_64,2022-08-19T22:20:31Z,2,,CL
D-9964a3d7a5dd,web,Linux x86_64,2021-11-04T22:02:45Z,2,,CHILE
D-ef8bbaaae43c,pos,Linux x86_64,2022-10-24 23:35:11,2,,RU
D-4feec8f02461,android,iOS 16.7,2023-10-15T21:04:42Z,6,,CHILE
D-d4c09422ae8b,ios,Android 14; SM-A546E Build/UP1A,2021-03-16 23:48:03,1,,RU
D-818f3caf9276,web,Mac OS X 10_15_7,04/11/2025 15:12,1,,CL
D-7e9550ec67be,ios,Android 14,2024-10-22T05:29:25Z,1,,CL
D-1738444a3661,android,,2023-05-17 15:50:03,1,,CL
D-90132da2c847,android,iOS 16.7,13/09/2023 00:51,1,,CL
D-fa1070437f2a,android,Mac OS X 10_15_7,2023-01-08T22:03:05Z,1,0,CL
D-066eb583c71b,android,Windows NT 10.0,2024-01-01 19:47:40,1,,CL
D-a9e21459580f,IOS,Android 14; SM-A546E Build/UP1A,2020-07-15 19:48:18,5,,Chile
D-f3cd8c69d098,android,Linux x86_64,2019-10-16T02:51:37Z,1,,PE
D-45dfc06ec9e5,Android,Windows NT 10.0,2024-11-30T21:35:56Z,5,,AR
D-a06baebef685,ios,Windows NT 10.0,2024-03-28 13:39:42,2,,ARGENTINA
D-0ec5939dabb3,android,Android 14; SM-A546E Build/UP1A,2019-07-22 05:33:26,1,0,NG
D-94fd9ff30326,web,Android 14,20/08/2023 10:22,1,0,CL
D-5a630f596269,web,Linux x86_64,2025-02-15 02:32:59,1,,CL
D-cfa3fad9963f,ANDROID,Android 9 (SDK 28),2019-10-24T05:07:02Z,1,,CL
D-68af2ecb9292,android,Android 14,2023-05-14 00:42:50-04:00,1,0,AR
D-9f2203cceed8,ANDROID,iOS 16.7,2023-12-08T07:33:27Z,2,,chile 
D-b1071e4aa096,android,Linux x86_64,2021-07-15 04:22:04-04:00,1,,CL
D-219392eaa8a8,android,Android 14; SM-A546E Build/UP1A,2022-05-23 06:53:35-04:00,1,0,Chile
D-481c1011c8f4,ios,iOS 17.5,2022-03-27 13:55:44,1,,CL
D-c84d65c12967,ios,iOS 17.5,2022-10-17 12:54:45,1,,CL
D-b56926aa6d20,ios,Linux x86_64,2023-03-20 14:02:00-04:00,1,0,CL
D-b403cdfe0550,ANDROID,Windows NT 10.0,2022-05-20T03:09:46Z,1,,Chile
D-6d6dac6a8d16,IOS,iOS 17.5,2021-12-20T17:39:59Z,15,,CL
D-c786bb515651,ios,iOS 16.7,2022-10-21 10:34:34,2,,chile 
D-6f571f679550,ANDROID,iOS 17.5,02/12/2023 16:58,1,0,CL
D-36b9dcf38010,android,Android 14; SM-A546E Build/UP1A,2022-02-10T22:17:34Z,1,,chile 
D-61af468b3fe4,ios,,2025-04-03 21:42:49,1,,CL
D-51d60e3ba7a0,web,Mac OS X 10_15_7,2024-11-17 09:25:44-04:00,1,,Chile
D-91c8d3bdc0ce,web,Android 9 (SDK 28),2023-12-25 22:08:55-04:00,2,,CL
D-b256d7660f38,android,iOS 17.5,2022-12-09 05:57:52,1,,Rusia
D-63ad361557a8,ios,iOS 16.7,2023-07-26T04:18:58Z,1,,cl
D-099495275369,web,Android 9 (SDK 28),2023-01-25T15:37:02Z,2,,Brazil
D-2c0b40c0a653,POS,Mac OS X 10_15_7,2024-10-25 17:28:59-04:00,1,,Chile
D-2c6fe7854c8d,ios,Mac OS X 10_15_7,2020-02-16T03:26:58Z,1,,CL
D-3ee64530c72d,android,Android 13,2020-06-17 01:48:58,2,,US
D-4d4ba7e8a9d0,pos,Windows NT 10.0,2025-07-06 22:19:10,1,,CO
D-6727e356fd8a,android,Android 14,2025-07-18T14:22:34Z,1,,CL
D-44c8e097e75e,web,Android 14,2021-01-10T00:36:34Z,1,, CL
D-de8c049b9806,android,Linux x86_64,2019-10-14 03:52:38,1,, CL
D-9cafae3cea7f,android,iOS 17.5,16/12/2022 04:49,1,0,cl
D-436bd63ece07,WEB,Linux x86_64,2025-02-08 17:35:04,1,,CHILE
D-9da286cc5fe6,android,Windows NT 10.0,2024-08-18 02:01:00-04:00,1,,CL
D-f1f589c7527d,ios,,2020-06-20T05:45:14Z,3,,CL
D-a4b21d6d6e4f,ios,iOS 16.7,2022-02-13 23:43:53-04:00,1,,CHILE
D-99f30422c6a3,android,Android 14,2021-11-04 12:47:25,1,1,CL
D-37e071c59df5,pos,iOS 16.7,2019-11-20T03:00:40Z,1,,CL
D-8f7c49f9cf41,ios,iOS 16.7,2019-03-29T14:06:11Z,1,,CL
D-5aa55bb200d4,android,iOS 16.7,2020-04-01 01:03:42,2,,cl
D-cffaa4c00ab8,ios,Linux x86_64,2026-07-15T11:07:37Z,1,,CL
D-74c641708631,android,Linux x86_64,28/04/2026 17:16,1,0,CL
D-98416176fdb9,ios,Android 14,2020-07-27 12:47:27,2,0,CL
D-eb84fe9c8e78,web,iOS 16.7,2022-11-01 05:01:48,1,0,CL
D-3a929d79dcfa,android,iOS 16.7,2021-06-26 20:12:23,1,,Estados Unidos
D-7214baf0a4a0,ios,Linux x86_64,2024-10-24 03:17:01,1,,cl
D-f5f90c93276c,web,Linux x86_64,2021-03-15 18:54:05,1,,US
D-a1281366ae49,android,Android 9 (SDK 28),2021-08-31 10:11:59,1,0,PE
D-1dc7a9fded1d,android,iOS 16.7,2024-02-13 22:38:48,1,, CL
D-f991e00fff5a,web,Android 9 (SDK 28),2020-06-03 15:54:34,1,,AR
D-94f78c7269ad,android,iOS 16.7,2020-01-01 13:53:26,1,,chile 
D-a1bc987c2990,Ios,iOS 16.7,2020-01-15 05:59:21,2,0,CL
D-1491e66a2db3,web,Mac OS X 10_15_7,2024-11-26T12:05:33Z,1,1,AR
D-cb4620292b87,ios,Linux x86_64,2024-07-20 01:32:11,1,,Argentina
D-1d80b526b078,web,Android 14,2019-09-06 12:29:12,1,0,CO
D-e17011db6494,ios,Windows NT 10.0,2022-09-18T14:29:22Z,1,,CO
D-202288106714,Android,iOS 17.5,05/05/2022 01:37,1,,chile 
D-5dbf04c58a43,web,Linux x86_64,2024-05-15T09:27:24Z,1,,US
D-73b2b213d603,ANDROID,Mac OS X 10_15_7,2023-01-31 20:44:51,2,,CL
D-8671fdaf888e,ANDROID,Android 13,2020-04-21 11:32:12,2,0,CL
D-987e52f064b8,android,,2024-09-04 01:19:16-04:00,1,0,CL
D-e2dc6f3c0fc6,ios,Android 13,2020-12-29 00:51:55,1,,Chile
D-45e2ad05ed98,android,Mac OS X 10_15_7,2020-04-10T14:55:28Z,1,0,CL
D-cc4c0f199064,web,iOS 16.7,09/02/2025 10:13,1,,PE
D-2723ab553774,pos,Mac OS X 10_15_7,2021-06-28 04:22:41,1,,CL
D-946d9427f3d1,ios,,2024-10-23 04:19:28-04:00,1,,cl
D-7565a549ffb5,IOS,Android 9 (SDK 28),2020-08-04 02:05:11,1,0,CL
D-12a6e634abff,ios,Android 14,2025-12-23T19:19:48Z,4,,CL
D-dce598c7f024,ANDROID,Windows NT 10.0,2026-04-08T10:19:38Z,1,,chile 
D-a3c784414df0,android,Mac OS X 10_15_7,2021-12-02 03:29:51-04:00,1,,CL
D-2fb49a7a1467,android,iOS 17.5,2020-01-14 04:28:28-04:00,1,,CL
D-074bbd71be4a,web,Windows NT 10.0,2020-06-05T05:39:40Z,1,,PE
D-f3c4ffbdc417,ANDROID,Android 9 (SDK 28),2022-12-05T10:39:17Z,1,, CL
D-c4ae2879efea,ios,Android 13,2020-12-31 10:09:38,1,,CL
D-3946bb80d8b3,android,,2024-07-28 22:03:23,2,,CL
D-764f111a583d,ios,Windows NT 10.0,2021-04-05 09:37:48,1,,NG
D-ce6298581949,ANDROID,,2019-04-16 15:19:13,5,,CL
D-67fda4377601,android,Android 14,2023-01-28 12:16:43-04:00,1,,CO
D-095d433e9195,ios,iOS 16.7,2024-06-14T04:29:41Z,4,0,BR
D-03ffe30763b7,web,,2020-07-26 16:28:16-04:00,1,,CL
D-3471df0c2d1a,Android,iOS 16.7,2020-08-31 15:48:27,1,,CL
D-d941833c4d7f,ios,Android 9 (SDK 28),2019-07-29 23:13:26,1,,PE
D-e7fc57da7462,Web,Windows NT 10.0,29/06/2019 16:44,2,,CL
D-5d1e746c767e,pos,iOS 17.5,2024-03-07 15:47:37,1,0,CO
D-92eee54ca99b,ios,Android 13,2022-06-28 22:43:21,1,,CL
D-80cafaf9c863,ios,Linux x86_64,2020-01-16 10:41:43,1,,Chile
D-7dbe2546d2de,ios,Android 14,2019-07-05 22:21:34,1,0,chile 
D-189e8eaaecfe,web,Windows NT 10.0,2025-09-26T07:34:44Z,1,,CL
D-ff54cb5584bf,ios,Linux x86_64,2019-11-12 09:54:44,1,0,CL
D-672ef91fc3d5,WEB,Android 13,2024-07-18 11:17:53,2,,CL
D-501833cbf82f,ios,Linux x86_64,2023-05-26T01:39:31Z,1,0,CL
D-3889ca460cf6,pos,,2021-07-07 22:24:19-04:00,1,1,Chile
D-99d490d507f2,ios,Linux x86_64,2021-04-30T23:53:37Z,1,0,Chile
D-62ae1d5d611b,android,Android 9 (SDK 28),2024-05-12 14:05:33,2,,CL
D-ef37d38804c6,android,Android 14,2023-10-22 08:35:40,1,,CL
D-23fb367ddafe,web,Windows NT 10.0,2024-08-22 13:28:25,1,,Estados Unidos
D-806f40df0ea9,Android,Mac OS X 10_15_7,2022-11-07 00:32:36,1,,cl
D-b4e3048b551a,android,iOS 17.5,15/10/2025 23:26,6,,VE
D-08729d9cd38b,web,Android 9 (SDK 28),2026-02-02T19:27:33Z,1,,RU
D-819784e29d12,web,iOS 17.5,2025-05-10 15:00:45-04:00,1,,CL
D-96d6af125957,ios,Mac OS X 10_15_7,2022-09-12 13:03:22,1,,CL
D-4de125496b2b,android,Linux x86_64,2025-03-08 14:46:28,1,,CL
D-b12b54d3c298,ios,Android 14,2021-02-04 22:15:30,1,,CL
D-6a10b585f1e5,Ios,iOS 16.7,2024-04-22 17:59:03,6,,CL
D-0d95927d33b9,android,Android 14; SM-A546E Build/UP1A,2020-03-20T19:58:40Z,1,,VE
D-de961fb57a4d,pos,Android 14; SM-A546E Build/UP1A,2026-05-06 20:53:35-04:00,2,,CL
D-464b040cde89,Ios,Android 14; SM-A546E Build/UP1A,2022-09-15 21:14:52,2,,CL
D-11e3990c1087,android,Mac OS X 10_15_7,2022-10-03T01:46:35Z,1,,CO
D-fecb6429b0a0,Ios,Android 14; SM-A546E Build/UP1A,2025-09-27 10:11:51,2,,CL
D-4ec1be23120a,ios,iOS 17.5,09/11/2023 10:06,1,0,CL
D-cd2ac39ebf1f,IOS,,2025-05-25 07:37:44-04:00,2,,CL
D-ff0abd688455,ios,Linux x86_64,2021-04-11T12:59:17Z,1,,CL
D-80453f1fd257,WEB,iOS 17.5,2020-08-14T16:22:27Z,1,,cl
D-742876784661,Pos,Linux x86_64,2021-10-30 22:39:40-04:00,2,,CL
D-530e580a9219,ANDROID,Android 9 (SDK 28),2022-02-05 02:47:20,2,,CL
D-770fed0e0bd9,Web,Android 14; SM-A546E Build/UP1A,2019-07-03 12:29:35,2,0,CL
D-15f2a533fd5d,ios,Mac OS X 10_15_7,04/05/2025 16:04,1,,CL
D-e586af5fe435,android,Linux x86_64,2023-10-02 14:54:41,2,,CL
D-8d6511569d51,web,Android 9 (SDK 28),01/08/2020 01:25,1,,cl
D-5170dfa3372c,ios,Linux x86_64,04/03/2022 08:45,1,,CL
D-3d287cb4333d,android,Android 14,2021-09-07 11:14:04,1,,CL
D-fbcbb3e076f4,ios,Mac OS X 10_15_7,2024-01-09T01:02:10Z,1,,CL
D-17bdb42e0e54,ios,,2023-11-15T14:02:39Z,1,0,CL
D-bafd2cdcddcc,ios,Android 14; SM-A546E Build/UP1A,2021-05-02 05:34:48,1,0,PERU
D-acbe08776421,ios,Android 13,2020-05-04 01:19:21,1,,Brazil
D-635ffe5c4787,android,Linux x86_64,2023-06-02T19:32:38Z,1,,US
D-730f4cdd51bc,IOS,Android 14,05/07/2024 21:33,1,,ARGENTINA
D-05fc042be5de,pos,Android 9 (SDK 28),2020-01-09 07:21:30-04:00,1,,CL
D-146950a4515e,ios,Mac OS X 10_15_7,2021-07-31 22:53:58,1,,CL
D-64caade3276a,Ios,Mac OS X 10_15_7,2025-06-23T05:17:26Z,1,,chile 
D-5f4edac909fe,IOS,,2019-06-11T14:26:39Z,9,,CL
D-df9fb880b158,ios,Mac OS X 10_15_7,2019-11-04 02:19:07,1,0,AR
D-5ada88d6eb9e,android,Mac OS X 10_15_7,2020-08-26T23:57:15Z,1,,VE
D-1c5ce39d11cc,android,iOS 17.5,2025-06-21 09:30:26,1,0,COLOMBIA
D-e5679039b779,ios,Android 9 (SDK 28),2020-03-25 08:28:28,1,,CO
D-604a99877d56,pos,Mac OS X 10_15_7,2023-07-07T17:20:45Z,1,0,BR
D-18befa3e36ce,android,iOS 17.5,2024-09-11T14:31:49Z,1,,chile 
D-1e9df8733ec7,android,,2021-05-20 00:50:50,1,,CL
D-956464625d48,ios,Android 13,2019-06-25 13:37:05-04:00,1,0,CL
D-04d5893ca0e1,ios,Linux x86_64,2023-08-03T04:22:05Z,1,,BR
D-979bda8d8ba8,android,Linux x86_64,2024-02-17 17:34:51,6,,CL
D-db1b997bd374,POS,Android 13,2021-03-02T11:26:06Z,1,,CL
D-e4677821eda4,android,Android 9 (SDK 28),2024-08-15T00:43:41Z,1,,CL
D-18c2d166387a,android,Linux x86_64,2024-10-09 09:35:55,1,0,CL
D-1139d262543b,Android,Android 13,2026-01-16 03:35:41,2,,CHILE
D-728a10cccb34,web,Android 13,2021-04-30 04:17:08,1,,CL
D-234d6df1c6a2,android,Android 14; SM-A546E Build/UP1A,2020-08-09 19:47:37-04:00,1,,CL
D-82d474c89d17,web,Mac OS X 10_15_7,2025-05-29T21:43:05Z,1,,CL
D-17a2186d3db9,pos,Android 9 (SDK 28),22/11/2025 12:00,1,,CHILE
D-7e9f7c2d36fb,android,iOS 17.5,2022-01-21T08:50:46Z,6,, CL
D-deba90197ab3,ios,,23/07/2022 04:01,1,, CL
D-ff1701eb656d,Android,Windows NT 10.0,2019-01-06 10:26:45,1,,CL
D-ad693d28e497,Android,iOS 16.7,2021-07-18 02:29:58,2,0,CHILE
D-37c7eb0409ee,ios,Android 14; SM-A546E Build/UP1A,14/06/2019 00:12,1,,CO
D-6be7aed9951f,ios,Android 14,2024-10-11 22:18:03,9,,Colombia
D-c326d4b92886,IOS,Android 13,2019-08-15 03:16:01,1,,RU
D-5c7274239129,android,iOS 16.7,2025-08-01 21:18:32,1,0,CL
D-b5cf976a139c,android,Android 14,2026-05-25T14:45:03Z,1,0,CL
D-c50611fd4fb1,Android,iOS 17.5,2024-01-31 21:58:37,2,,CL
D-91add5bff00e,web,Android 13,2024-01-27 03:31:06,1,0,CL
D-f6bb2d1a1469,web,Android 14,05/05/2026 16:54,1,0, CL
D-71e8771b2b7d,ios,Linux x86_64,2019-07-27 06:21:05,1,0,PE
D-3f5d2130393a,ios,Mac OS X 10_15_7,2026-01-29T18:27:06Z,2,,US
D-e58612f46801,pos,Android 13,14/12/2021 21:41,1,,ARGENTINA
D-3944e132dcc0,pos,Android 14; SM-A546E Build/UP1A,23/04/2021 05:50,1,,CO
D-f7ce832555b6,Ios,iOS 16.7,2023-03-29T09:35:00Z,3,0, CL
D-a5c393c82302,Ios,Android 14,2021-08-28 10:00:55,1,,Chile
D-06f449411226,web,Windows NT 10.0,2021-05-04T13:08:54Z,1,,CL
D-ef7b104ee161,android,iOS 17.5,2023-01-20 09:25:01,1,,CO
D-533d00e1ef0b,ANDROID,Mac OS X 10_15_7,2020-08-18 03:45:03,1,,PE
D-7665d8bbe301,android,Android 9 (SDK 28),2021-04-09 21:22:28,1,0,cl
D-8bc680172ae8,android,iOS 16.7,2023-12-24 01:58:53,1,0,PE
D-67969048904c,android,Linux x86_64,2020-02-21T08:02:35Z,1,,cl
D-8a7454489d20,android,Mac OS X 10_15_7,2024-05-18 14:30:41,1,1,cl
D-ce7654d54c10,Web,iOS 16.7,2022-06-30 22:46:28,1,,CL
D-f9ba239f6c17,android,Android 14,2026-07-11 16:32:32,1,,CL
D-2a07345545c2,ANDROID,Android 9 (SDK 28),2021-10-20 20:31:19,1,,Chile
D-b9e42527f434,android,iOS 16.7,2026-03-16 02:14:11-04:00,1,,CL
D-b861c3f8e8ac,Web,iOS 16.7,2020-04-05T08:32:27Z,1,,CL
D-a335f35bf27b,android,,2023-05-03 12:02:42,1,0,US
D-8c947da6cdf9,android,,2022-01-31 04:48:29,1,0,chile 
D-acfe1141a3ab,android,Android 13,2019-06-25 23:45:59-04:00,1,1,CL
D-512c1f898bc6,Android,Android 14,2025-12-03 23:35:59,2,,CHILE
D-d99a4cc555c9,ios,Windows NT 10.0,2025-11-06 06:43:12,1,,Colombia
D-927eebd63476,ANDROID,Mac OS X 10_15_7,2020-07-05 12:53:12,1,,CO
D-a5c66cd96ddb,android,Mac OS X 10_15_7,2019-01-09T13:33:07Z,1,,CL
D-c231a93d7aac,ios,Android 13,2022-05-19 00:14:41,2,,CL
D-1dfe528503b5,android,Mac OS X 10_15_7,08/01/2024 11:34,5,0,VE
D-63343300bea7,android,Mac OS X 10_15_7,2020-05-09 17:07:44,5,,chile 
D-da6717e281c7,web,Mac OS X 10_15_7,2021-01-17 12:41:04,1,1,CL
D-46b71e6ac4e6,pos,Linux x86_64,2019-05-11 15:54:18-04:00,1,,BR
D-726881c44f33,ios,Android 9 (SDK 28),2024-04-17 17:47:24,1,0,CL
D-b94583af0c9d,ios,Linux x86_64,2024-07-27 03:17:42,1,,PE
D-8011da63d3ee,ios,iOS 17.5,22/02/2020 22:42,1,0,CL
D-600ee2d547e9,android,Android 14; SM-A546E Build/UP1A,2022-07-07T12:11:00Z,1,,ARGENTINA
D-6f3606ccf20c,android,Android 14,2023-11-24 14:54:09,1,,chile 
D-98487a840088,ios,Linux x86_64,13/11/2025 09:05,1,,CL
D-6721231f4c9b,pos,iOS 17.5,14/07/2024 19:42,1,0,CL
D-446b04f2f214,android,Android 9 (SDK 28),2021-11-18 22:12:51,4,,cl
D-4c066f5897fb,ios,Android 14; SM-A546E Build/UP1A,2019-09-12 12:33:01-04:00,1,0,CL
D-4d91cd4c0c3c,pos,,2022-05-11T12:54:32Z,1,,CL
D-bf08c7353743,WEB,Windows NT 10.0,2021-09-03 08:29:57,1,1,CO
D-fa3a79fe8fe8,android,Android 9 (SDK 28),2019-07-31 08:16:43,1,,CL
D-cc458e651aaa,web,Mac OS X 10_15_7,2022-01-05T07:28:54Z,1,, CL
D-0dbbe16abeb3,android,,2021-10-31T02:10:34Z,1,,CO
D-3d9f18534c45,android,,01/08/2020 15:04,1,,CL
D-83778b464b2f,web,iOS 17.5,2024-03-08 22:45:47,1,, CL
D-5053e0f7bc94,web,Android 9 (SDK 28),2019-07-09 07:57:18,1,0,CL
D-a30f76673671,pos,Linux x86_64,2024-05-01 12:33:58,1,,CL
D-598f6e745595,POS,Android 14; SM-A546E Build/UP1A,2019-02-15T05:06:52Z,2,0,US
D-330005b9fc99,android,Android 9 (SDK 28),2025-09-25T16:44:55Z,1,,US
D-d6113b581423,ios,iOS 17.5,2021-07-23 01:58:14,1,,CL
D-f9da6c113cbe,android,Android 14; SM-A546E Build/UP1A,2024-12-17T08:28:03Z,6,,CL
D-f7f173ecda9e,android,Android 9 (SDK 28),2020-01-25 12:11:22,1,,CL
D-83e49d3e9e03,IOS,,2022-06-25T22:20:14Z,1,,CL
D-4453c311a092,android,Android 14; SM-A546E Build/UP1A,2019-12-11 00:45:59,1,,CHILE
D-d841334061ae,pos,iOS 17.5,20/12/2020 14:06,1,0,COLOMBIA
D-240a786ed9a4,pos,Mac OS X 10_15_7,2020-02-09 17:47:27,1,,CL
D-3ce1a19fb7ae,android,Android 9 (SDK 28),2021-10-04 11:07:15,2,,CL
D-7204a914527d,android,iOS 17.5,2024-05-04 12:10:51,1,,cl
D-09ae47bf3aa3,ios,Android 13,2021-10-16T23:53:26Z,1,,CL
D-c32b1e090198,web,iOS 17.5,2019-11-01 00:41:07-04:00,2,,PE
D-ab645a053ecb,ios,Mac OS X 10_15_7,26/06/2026 06:13,1,0,CL
D-7f01da39e16a,android,Mac OS X 10_15_7,2024-12-02 17:14:03,1,,US
D-536fcfd2fb63,ios,Mac OS X 10_15_7,2023-09-10 14:56:10,1,,CL
D-489d9613de3b,web,,2025-09-10T14:48:14Z,1,,CL
D-3151f610c3a4,ios,iOS 16.7,05/01/2023 19:52,1,,CL
D-993ffcb6717f,web,Windows NT 10.0,2019-10-14 20:24:07,2,,RU
D-6fa2699077f9,ios,Mac OS X 10_15_7,2023-01-22 14:20:03,6,,CL
D-0471b25325cf,Android,Android 13,2026-01-08T17:25:08Z,1,0,CL
D-e542cc95977a,ios,Linux x86_64,2023-06-20 11:26:14-04:00,1,,CL
D-edfb13e3bc5c,ios,Android 14,2019-09-29 06:33:16,1,,CL
D-3ce3fd59bb10,ios,Linux x86_64,13/06/2021 17:47,1,,CL
D-bdb2edf6163e,Android,Android 13,04/08/2019 00:53,1,,Chile
D-5a214b042416,ios,Windows NT 10.0,13/06/2021 09:48,1,,CL
D-764149301bc0,android,Android 14,2020-05-07 11:12:59,4,0,US
D-885b75084f39,web,Android 14,2019-12-23T22:25:17Z,1,0,Venezuela
D-b688c3a2115c,ios,iOS 16.7,2025-04-21T01:14:12Z,1,,BR
D-3e8d1e89998e,android,Android 13,2023-08-11T07:19:13Z,1,1,CL
D-681717afebe4,web,iOS 17.5,2021-03-15 07:49:47,2,,CL
D-eaef6d779e8a,web,iOS 17.5,2024-11-18T04:39:00Z,1,1,chile 
D-5c84bdccf6a0,android,Android 13,2023-07-12 23:23:16,1,0,CL
D-5d78fa87c72f,POS,Android 13,2026-03-19 13:31:42,1,,CL
D-c028d90e0917,ios,Mac OS X 10_15_7,2021-01-09T10:18:15Z,2,,chile 
D-905eba658950,web,Linux x86_64,2019-07-22 18:07:15,1,0,BR
D-05335211d29a,android,iOS 16.7,2025-01-26 17:49:26,1,1,Chile
D-1be6e4d711d7,android,iOS 16.7,2026-02-08T17:54:22Z,1,,BR
D-53ecc37a4305,ios,iOS 17.5,2022-03-04 16:40:13-04:00,1,,PE
D-404a889d6904,web,Android 9 (SDK 28),2020-01-29 07:06:04,2,,CO
D-1a873c200f7e,IOS,Android 13,25/05/2025 06:33,1,,CL
D-31e3bc909fef,ios,Android 13,2025-05-21T16:30:04Z,1,,USA
D-520ba353f21a,android,Windows NT 10.0,2020-11-03 12:11:10,2,, CL
D-58f5c1e80a33,android,iOS 16.7,2022-02-13 11:59:27,1,,CHILE
D-6f01c6271c00,ios,Windows NT 10.0,19/07/2024 02:59,1,1,CL
D-58ffecbb126b,web,,2023-08-05T19:51:02Z,1,,BR
D-06f24cb18710,android,iOS 17.5,2023-03-29 01:19:33-04:00,1,0,CL
D-0f4ea84e282f,web,Windows NT 10.0,10/08/2025 13:47,2,, CL
D-d7041b08edce,android,Linux x86_64,2021-06-16 19:58:28,1,,CL
D-77ea3b04873b,pos,Android 13,2024-07-27 10:31:37,1,0,NG
D-4b64766e4ff7,android,Mac OS X 10_15_7,2021-06-09 13:36:52,2,,CL
D-d81c6aa04d83,android,Android 14,09/05/2025 09:14,1,,Chile
D-9b18d3abdf97,ios,Mac OS X 10_15_7,2023-11-29 08:43:22,1,,CL
D-c2b3d7d1bd83,android,iOS 17.5,2023-01-19 14:19:12,1,,RU
D-212df29dd27b,android,Linux x86_64,2019-05-05 17:20:13-04:00,2,0,CL
D-178b0986e701,ANDROID,Android 9 (SDK 28),2026-06-22T22:11:38Z,1,,AR
D-36876d7664e1,WEB,,2026-04-01 00:26:58,1,,cl
D-25f5d8d66a10,android,Android 9 (SDK 28),2021-06-10 22:24:59,1,,CO
D-b19310d146f4,web,,2021-11-05 04:36:04,1,,CL
D-ce9f225101d3,web,Android 14; SM-A546E Build/UP1A,2019-01-20 14:20:23,1,,AR
D-07cfb8f5f280,IOS,Android 9 (SDK 28),2026-03-26 16:57:11-04:00,1,0,CL
D-e93d78dc4ff8,android,Windows NT 10.0,2019-09-01 09:57:48,1,,CL
D-9ba0cb776d1b,android,Android 14,2019-04-10 13:54:26-04:00,1,,CHILE
D-5c204dec8291,ios,,2021-02-18T08:20:47Z,2,0,CL
D-d1f04a9616fe,ios,iOS 17.5,2022-08-14T18:03:41Z,2,1,CL
D-748bdd7b5248,pos,,2022-05-19 08:02:46,1,,CL
D-fce27563c6f3,ios,,2025-05-30 19:13:47,2,,CL
D-89480a43d2a5,Android,iOS 16.7,2022-03-23 16:00:52,1,,BRASIL
D-89ffdd99ecec,ios,Android 14; SM-A546E Build/UP1A,2024-12-13T13:39:50Z,1,,CL
D-c583c0033050,android,,05/11/2020 05:09,1,,CL
D-b5ff1d62d5c2,android,Mac OS X 10_15_7,2023-06-29T20:35:24Z,2,1,CL
D-279289a956ef,Web,Linux x86_64,2025-04-07T03:41:58Z,1,,CL
D-1f20794ea8d5,ANDROID,,2020-01-12 17:46:04,2,,CL
D-783a873d65f8,pos,iOS 17.5,2020-07-01 21:13:02,1,0,CL
D-9871b512b669,WEB,Android 9 (SDK 28),09/11/2024 23:27,1,,CL
D-669b3e77cd7d,ios,Android 9 (SDK 28),2019-07-27 14:25:08,1,,CL
D-64d138d800e5,android,,2020-06-26 11:12:09,1,,CHILE
D-c687a27de805,android,Android 14,2026-07-15 18:48:54,2,,AR
D-eb2f4247252d,Android,Android 14,2025-06-05 04:19:16,6,,CL
D-88602f9000d2,pos,Android 14,2022-01-14 13:06:23-04:00,1,,RU
D-b58b1b17b200,android,,2025-11-06 16:24:52-04:00,1,,PE
D-21e478e648b4,android,Android 9 (SDK 28),2025-09-02 06:10:45-04:00,1,,CL
D-e6637e96c361,android,Android 14,2024-07-15 04:47:12-04:00,1,0,PE
D-2905be86e09c,pos,Windows NT 10.0,2022-05-13 08:55:32,1,,CL
D-8b8c3f434540,android,,2022-06-13T09:28:20Z,1,,CO
D-a9973175d25b,android,,2026-02-20 03:19:05,1,,CL
D-ba19d032a4f5,android,Android 13,2021-09-27 03:24:14,1,,chile 
D-a76c96124b24,ios,Windows NT 10.0,2023-05-07 09:25:23,1,0,BR
D-045ac562a9ea,ios,Mac OS X 10_15_7,2021-09-09T12:06:19Z,1,,PE
D-8b525478e3a4,Android,iOS 16.7,2023-04-11 01:52:01,2,,VE
D-ca0a1f9c881c,ios,Mac OS X 10_15_7,2023-11-20 05:40:20,1,,US
D-6a3bb2ab0f13,android,Android 13,27/09/2021 13:52,1,,CL
D-5f22b9f7185c,Android,Linux x86_64,01/05/2025 11:47,2,0,CO
D-e033b7afc6a1,ios,iOS 16.7,18/01/2025 08:00,1,,CHILE
D-eb06194a2b43,Ios,Android 13,2020-09-22 00:53:00,1,0,CL
D-29ac2cc2e922,Ios,Windows NT 10.0,2020-01-23 03:02:13-04:00,3,,CL
D-635f9ee17e28,ANDROID,Android 9 (SDK 28),29/04/2019 18:51,1,0,VE
D-0237c9e49d0b,android,Mac OS X 10_15_7,2026-07-20 18:09:28,1,,CL
D-745152a6db8e,android,Mac OS X 10_15_7,2023-06-13T01:33:03Z,1,,USA
D-a0a5ac0f7f35,Ios,iOS 16.7,27/02/2025 10:39,1,,CL
D-804701475995,android,iOS 16.7,2022-06-19T10:58:51Z,6,0,CL
D-5fb05f93876d,android,Android 14,2019-11-02 20:46:28-04:00,1,0,Argentina
D-0b92d5575f99,Android,Android 14,2024-03-02 06:19:09,1,, CL
D-769047defaeb,ANDROID,iOS 16.7,2022-12-07 20:33:59,14,,CL
D-8acad25005a1,android,Linux x86_64,2026-02-06T15:40:30Z,1,,CL
D-18f0ce135a0f,WEB,Windows NT 10.0,2020-11-21 21:36:03,2,,CL
D-9c2a2e8436e7,ANDROID,iOS 17.5,2023-02-17 08:28:46,1,0,CL
D-b7626a09437f,android,iOS 17.5,2020-05-03 07:22:23,1,,chile 
D-296405612726,android,Android 14,12/06/2019 20:59,2,0, CL
D-ba6ee4765334,ios,Windows NT 10.0,2023-05-20 14:26:34,1,,CO
D-55c359b2a8dc,Web,Mac OS X 10_15_7,2020-10-12 22:29:18,1,,US
D-8e8b52c2768f,web,iOS 17.5,2021-07-17 05:41:16,1,0,CL
D-f3a69d3d6322,android,Android 9 (SDK 28),2022-07-19 15:47:08-04:00,1,0,CL
D-2c9b52377bc8,pos,Mac OS X 10_15_7,2022-04-02 09:11:20-04:00,1,,cl
D-26c977efe275,ios,,2022-02-21 02:09:56,1,,CO
D-ca5621809dc3,pos,Android 9 (SDK 28),2025-05-03T03:13:59Z,2,,CL
D-3971deae8eec,ios,Windows NT 10.0,2024-08-16T13:33:39Z,1,,CL
D-7ead47abb1a6,android,Android 13,2023-04-14 06:17:25,2,,CL
D-b52bf99f9caf,ANDROID,Android 14,2020-02-03 03:39:15-04:00,2,, CL
D-752a38d84d74,ios,Android 14,2022-07-08 13:58:38,1,0,AR
D-debd0e4f5aa5,web,Linux x86_64,2023-10-24 15:29:24,1,,PE
D-08cf0d0afc10,android,Android 14,13/10/2025 07:10,2,,CL
D-79b8d4819061,android,iOS 16.7,2020-06-19 14:17:35,1,,CL
D-3b331c489936,ios,Linux x86_64,2024-07-03 06:01:35-04:00,1,,AR
D-aec525724d24,ANDROID,Android 9 (SDK 28),22/03/2022 01:41,1,,CL
D-b5319320ff6c,android,Linux x86_64,2023-03-03 02:43:49,2,0,PE
D-3d04917e6446,web,Android 14; SM-A546E Build/UP1A,26/02/2024 12:27,1,,CL
D-5edb873d3688,android,,2025-08-11 03:38:00,1,0,CL
D-3621715074ac,pos,Mac OS X 10_15_7,2020-12-30 21:21:17,6,0,CL
D-3693b4a643c2,Ios,Android 14; SM-A546E Build/UP1A,2022-05-01 02:54:58,6,,CL
D-f440a562dfed,ios,iOS 17.5,2024-08-20T12:05:22Z,1,,CL
D-b944580a27ec,Ios,,2023-04-22 05:01:46,1,,CL
D-3c2fe3d79144,web,Linux x86_64,2020-01-22 06:50:37,1,0,BR
D-2551f2d82ce3,android,,2023-06-22T14:28:05Z,1,,PE
D-f163195d3739,Web,Windows NT 10.0,2025-08-31 22:43:30,1,,BRASIL
D-36c765e3047a,android,Linux x86_64,20/09/2019 02:03,1,0,CL
D-7ed575953e2d,android,iOS 16.7,2023-03-30 15:10:43,1,,VE
D-a07d9c94f241,android,iOS 17.5,2019-07-31T12:19:28Z,6,,CL
D-8c1c2e235069,android,Windows NT 10.0,2024-03-22 20:38:02,1,0,CO
D-b8aaefaa3825,pos,Mac OS X 10_15_7,2023-11-25 06:02:42,2,0,CL
D-e40fb4796ed3,ANDROID,Linux x86_64,2024-12-27 11:17:31,4,,CO
D-6d940ae63048,Android,iOS 16.7,2021-04-01T18:36:09Z,1,,CL
D-1e7daffeda14,Android,Android 14; SM-A546E Build/UP1A,29/07/2025 13:55,1,0,CL
D-7d111cdfb5fa,Android,Linux x86_64,2024-10-29T21:28:16Z,1,,AR
D-4e2e79a312da,android,Android 14,2021-11-25 05:34:23,1,,CL
D-58be4a265594,android,Android 14,2020-05-04T04:00:17Z,2,,CL
D-d1899c895039,android,iOS 17.5,2019-08-01 08:52:36-04:00,1,,VE
D-32aebef7069d,web,iOS 17.5,2019-07-03 10:58:32-04:00,1,,CL
D-15337760cc4b,android,Windows NT 10.0,2022-09-08T23:42:19Z,2,,CL
D-992de5e4c77c,IOS,Windows NT 10.0,2026-04-22 11:21:29-04:00,1,0,BR
D-d0cde56ef8d4,android,Mac OS X 10_15_7,2026-06-26 14:29:41,1,,chile 
D-a6ddf1b4b0de,web,iOS 16.7,2022-01-25T12:12:16Z,1,0,AR
D-c0297d36ae53,pos,Windows NT 10.0,2024-09-29 12:28:01,1,0,CL
D-fcda11d08c47,Ios,Windows NT 10.0,2022-11-17 03:43:45,1,,CL
D-061310ad85e5,ios,Android 14; SM-A546E Build/UP1A,2019-04-10 11:05:05,1,,CL
D-dc350ec57412,ANDROID,iOS 17.5,2023-08-11 13:30:00,1,,USA
D-b50b79f31c61,android,Mac OS X 10_15_7,2019-08-23 07:43:01-04:00,1,,CL
D-ac7b6c79a47e,android,Mac OS X 10_15_7,2023-05-28 02:22:26-04:00,2,,chile 
D-f3dfb8d26224,android,iOS 17.5,2019-06-18 12:50:41,1,0,Venezuela
D-407552f92b78,android,Android 14,2024-12-06 01:00:30,1,0,CHILE
D-70ad6ad6cb1e,android,Android 14; SM-A546E Build/UP1A,2019-02-24T14:20:28Z,1,0,RU
D-587964ac4313,ios,,2024-01-01 14:42:58,10,,CL
D-1b4f2a0316e1,Android,Windows NT 10.0,2020-11-20T13:51:25Z,1,,CL
D-5fb145753251,Web,,2020-09-01T22:21:42Z,1,,CL
D-45496fbc2392,android,Linux x86_64,26/10/2025 06:39,1,,CO
D-b86585b72041,android,iOS 17.5,2020-08-16 12:26:34,1,,CL
D-7c3f228115da,ios,,2025-10-19 09:32:19,1,,CL
D-38336f4fe6d3,web,Android 14; SM-A546E Build/UP1A,2021-12-08 04:46:01-04:00,1,,CL
D-152e55ecb385,POS,Android 13,2020-04-06T19:52:28Z,1,,CL
D-49504fe03082,ANDROID,iOS 16.7,2020-03-31 00:48:55-04:00,1,,CL
D-681994d4bf30,web,Android 9 (SDK 28),2019-09-11 06:44:01,1,0, CL
D-3f607f09be3c,ios,Android 9 (SDK 28),2021-04-23 21:11:29-04:00,1,,CL
D-07263b18ff2b,ios,Android 14; SM-A546E Build/UP1A,14/09/2019 23:38,1,,PE
D-6d5cba0b97c6,ios,Android 14; SM-A546E Build/UP1A,2021-03-27 15:42:08-04:00,1,,CO
D-e95ab3ca60aa,web,Linux x86_64,2026-05-17 21:32:49,1,,PE
D-9e9cc8f22222,ios,Android 9 (SDK 28),17/07/2026 03:44,1,,PE
D-bbd506e1e1c0,Android,iOS 16.7,2020-04-23T14:40:14Z,1,,CL
D-5f3f1b5d63e9,IOS,Linux x86_64,2023-11-26 12:43:36,9,,CL
D-e92c7999350c,ios,Mac OS X 10_15_7,2023-09-02 21:14:02,2,,cl
D-046e7dc9b5ae,android,Windows NT 10.0,2026-07-11 06:41:02-04:00,1,0,CL
D-8c74f800fc32,ios,,2024-01-14 04:59:28-04:00,6,,CL
D-8840b364c26d,web,Linux x86_64,2019-10-07 22:55:59,2,,CL
D-450e9a424176,android,Android 13,2021-07-18T00:48:54Z,1,,cl
D-d25e553dfb81,ANDROID,Windows NT 10.0,27/03/2025 17:49,1,1,ARGENTINA
D-d571857cee83,android,iOS 17.5,07/09/2019 12:28,2,0,CL
D-99b9611251df,ios,,2023-04-13 10:57:35,1,,CL
D-c2f8683a6493,Android,Linux x86_64,2025-03-05T09:31:08Z,1,1,cl
D-9f95d195f2f9,android,Linux x86_64,2025-12-05 10:20:42-04:00,1,,CHILE
D-adaa3e9231b0,Android,iOS 17.5,2023-10-27 18:42:18-04:00,2,,CHILE
D-64456daf9421,android,,2024-08-05 07:22:56-04:00,2,,CL
D-d3f1bf5a357c,WEB,,2022-06-17 23:50:38,1,,CL
D-0b838966650d,android,Android 14,2025-06-13 03:20:34,2,,Venezuela
D-e3d36b3bb915,android,iOS 16.7,2022-01-26 13:25:11,1,0,Argentina
D-1ec995a830c2,IOS,Linux x86_64,2019-07-15 15:33:21-04:00,1,,CL
D-34c9307939e1,ios,Mac OS X 10_15_7,2024-01-06T05:02:06Z,4,,CL
D-ad286172e07e,ios,Android 13,2020-12-11 23:37:23,1,,BR
D-614a8d482ac9,ios,Windows NT 10.0,2023-03-04 20:53:23-04:00,1,,CL
D-574dc8dc9ecb,IOS,Android 9 (SDK 28),2023-07-09T15:55:34Z,2,,CL
D-9069f3ab4f5a,android,,2019-01-23 13:37:43-04:00,1,0,chile 
D-4b8f0cc82eb4,ios,iOS 16.7,2025-11-08 05:45:53,1,0,cl
D-644df06cdc28,android,Windows NT 10.0,2026-02-20 03:57:27,1,,COLOMBIA
D-37fa0d7a3c1c,web,Android 9 (SDK 28),2022-06-28T17:21:30Z,1,0,Chile
D-04edef2c082a,ios,Android 14,2023-08-01 01:43:45,1,,COLOMBIA
D-397fd54aeae6,pos,,2022-07-22 11:05:38,1,,chile 
D-dea7c26e0034,ANDROID,Windows NT 10.0,2022-12-24T22:10:04Z,1,,Chile
D-25747be905a6,ios,Android 14; SM-A546E Build/UP1A,2021-01-31 07:51:36,1,0,CL
D-07e6405f2f52,android,Android 13,2019-09-28 02:46:40-04:00,2,,CL
D-5d2f63f60056,web,iOS 16.7,2023-06-30 22:17:25,1,,CL
D-fd084b672aaa,android,iOS 17.5,2023-02-25 08:50:56-04:00,1,0,NG
D-5aa5e1703c51,web,Android 14,13/05/2025 22:53,1,,CL
D-3b693f9a6102,pos,Android 14; SM-A546E Build/UP1A,19/11/2025 06:38,1,0,Chile
D-4e8a3f032862,web,Android 14; SM-A546E Build/UP1A,2019-01-16 22:33:54,1,0,CHILE
D-4ea8bd5f513b,web,Android 14; SM-A546E Build/UP1A,2025-12-11 22:01:57,2,,NG
D-6143cbcdfd27,android,Android 14; SM-A546E Build/UP1A,2025-11-23 11:35:49,1,0,CL
D-6ba54dbac1cb,WEB,Mac OS X 10_15_7,2020-05-20T02:45:03Z,1,0,CL
D-82875d6c2b3c,pos,Linux x86_64,2021-06-18T12:25:57Z,1,,CL
D-98df2a33973f,ios,Mac OS X 10_15_7,2019-08-07T12:41:09Z,1,,CL
D-3e08f93e8e8f,web,Windows NT 10.0,2024-02-07 00:22:24,1,,CL
D-505ee3e5c0ed,Android,Android 14; SM-A546E Build/UP1A,15/02/2025 06:11,2,,BR
D-e2e07c0ca584,web,Windows NT 10.0,2021-03-24T03:42:41Z,2,,CL
D-b1ffacc47294,android,,2020-05-27T11:00:23Z,1,,RU
D-5a9b98181b3e,ios,iOS 17.5,2025-04-24 21:48:00,1,,PE
D-dece41207f4e,pos,Windows NT 10.0,2021-02-19 23:33:12,1,,chile 
D-0935095273ce,android,Android 13,2020-11-14 04:29:03,1,,CL
D-dde8193c009b,android,iOS 17.5,2024-09-17 00:15:18-04:00,2,0,BR
D-a19d558e513e,ANDROID,Mac OS X 10_15_7,2026-07-31 21:10:23-04:00,1,,CL
D-4c0130535465,pos,Android 9 (SDK 28),2026-02-12 20:17:01,3,1,COLOMBIA
D-00fdf3ad61b3,web,iOS 16.7,2021-10-08 05:06:36,1,0,Brazil
D-8f16443d33f4,Ios,iOS 16.7,2019-06-15T06:50:29Z,1,,CHILE
D-0a16bef9ddb2,Android,Linux x86_64,2020-12-31T19:52:03Z,2,,CL
D-619f7427a2f0,Ios,iOS 17.5,2026-03-11 21:00:44,1,, CL
D-f6c3c02ca604,ios,Android 9 (SDK 28),2025-08-26 06:06:39,1,,CL
D-252795d89c07,ios,iOS 17.5,2023-02-21 17:49:46,1,0,CL
D-e07912c3cdb4,android,Android 13,2025-05-18 21:55:36,1,,CL
D-e3d8de9e5387,android,Linux x86_64,2021-10-23 07:02:42-04:00,1,0,Venezuela
D-d1518e7007a1,web,Linux x86_64,2022-03-26 01:54:50-04:00,1,,CL
D-e3298ede1fe8,ios,Android 14,2021-08-29 15:56:16,32,,CL
D-b1a330cb45b8,ios,Android 14; SM-A546E Build/UP1A,2022-08-08 08:50:39,3,,CL
D-1712d6c65996,android,Android 13,2022-11-18 18:45:40,1,,CL
D-1777321a4a83,android,Android 14; SM-A546E Build/UP1A,01/06/2023 05:50,1,,chile 
D-a72dd356e785,ios,Android 9 (SDK 28),2019-03-28T04:21:36Z,1,,Chile
D-a1594e5e0ae7,ANDROID,Android 9 (SDK 28),2023-05-21 20:35:32,4,,Brasil
D-cb540ced9c21,ANDROID,,2022-03-02T22:04:37Z,1,,PE
D-ff35df148cf3,Web,Linux x86_64,2021-08-19 16:16:21,2,0,AR
D-e5f50f6531ea,WEB,Windows NT 10.0,2025-10-31 23:21:22-04:00,1,,CL
D-608a64f7bbd6,android,Android 14; SM-A546E Build/UP1A,2024-07-12 00:09:38,1,,CL
D-79ef6f63d51b,android,Android 13,2021-05-12 11:39:53-04:00,2,,PERU
D-286f9de2993e,android,Android 14,2020-11-01 12:00:13,1,,Chile
D-b55b11324c70,ANDROID,Android 14,10/10/2021 03:42,1,0,CL
D-892ca755526f,Android,Android 14,2020-08-29 09:16:36-04:00,1,,CL
D-6ecd5938f5ce,android,iOS 17.5,2019-06-20 00:15:24-04:00,1,,CL
D-c7c27b73c935,web,Mac OS X 10_15_7,2025-04-27T10:26:01Z,1,,CHILE
D-fba7ed95fd38,ios,iOS 16.7,2022-12-31T09:29:49Z,1,,ARGENTINA
D-5b5ced1aa39e,android,Android 13,2019-10-14 21:46:06,1,,CL
D-11218e4e3e04,Android,Windows NT 10.0,2022-09-07 19:49:39,2,,CL
D-5c2fbfa53b33,android,iOS 17.5,2020-05-23 21:46:28,1,0,NG
D-c76d26ce65c0,Ios,iOS 16.7,2022-05-16T11:30:27Z,2,,US
D-decd6bfe8f47,ANDROID,Linux x86_64,2020-12-25 17:31:19,1,0,CL
D-a32e697506d2,Android,Mac OS X 10_15_7,2020-03-07 21:43:32-04:00,1,,PERU
D-fe282916ddd3,android,Windows NT 10.0,2020-12-04 20:24:39,1,,Chile
D-3896d972a8b5,ANDROID,iOS 16.7,2026-01-06 02:51:42,1,,PE
D-2300529207d1,android,Linux x86_64,2023-07-08T06:03:07Z,2,,CL
D-148f8c0eaab0,android,Linux x86_64,2020-09-05 00:47:29,2,,CL
D-dade4a2fbf82,pos,Mac OS X 10_15_7,2023-08-08 21:42:22,1,0,CL
D-109c672c8a3f,Android,Windows NT 10.0,2022-11-02T10:19:00Z,1,,NG
D-d88b027a5473,web,Android 14; SM-A546E Build/UP1A,2024-11-23 03:19:33-04:00,1,,CL
D-c953d7057ebd,ANDROID,Android 9 (SDK 28),2026-07-15 07:53:05,1,0,CL
D-2ad41c5e0e49,ios,Android 14,2019-02-22T12:11:57Z,1,,PE
D-4f28536a0710,android,Android 14,20/01/2021 23:15,1,,Peru
D-b3313bd0e952,android,Android 14; SM-A546E Build/UP1A,2020-10-26 22:48:29,1,0,CL
D-129b468215be,Web,iOS 16.7,2020-10-18 09:49:47-04:00,1,,CL
D-f1682604eaca,Web,Mac OS X 10_15_7,2024-04-05 07:53:19-04:00,1,,Brasil
D-01f08c4289c4,android,Android 14,2023-06-09T17:31:04Z,2,0,Brazil
D-4c423fb3777c,ios,Mac OS X 10_15_7,2025-06-10T04:42:05Z,1,0,CL
D-2837bea36797,web,Android 14,2023-07-24 15:49:54-04:00,1,,CL
D-31b6a4038af6,ANDROID,Mac OS X 10_15_7,2019-04-30 07:08:48,1,,CL
D-1bf53e3098c9,Android,Mac OS X 10_15_7,2022-10-06T13:36:23Z,1,,CHILE
D-2721f325078b,Android,Android 14,2022-06-21 09:33:42,1,,CL
D-747b55bca2b3,web,Linux x86_64,2019-04-26 19:19:40,4,,CL
D-b0e93db1b6fb,Android,Windows NT 10.0,2024-05-01 14:08:24,1,,CHILE
D-5ac1af94f19c,ios,Linux x86_64,2022-06-03 18:51:16,2,,CHILE
D-9088184d3117,android,iOS 17.5,2022-10-21 04:45:02-04:00,1,0,CL
D-fa8a39d267b5,ANDROID,Windows NT 10.0,2022-08-05 06:06:41,1,,CL
D-4d2322d3b032,android,Android 14,28/08/2024 11:49,1,, CL
D-36d3c1992292,android,Android 9 (SDK 28),2026-05-01 03:15:28,1,0,VE
D-2641e9b8fb4b,web,Windows NT 10.0,2022-07-02 15:45:28-04:00,1,,CL
D-8de766e8b8c6,android,iOS 17.5,08/06/2025 22:47,1,,AR
D-4fd2ba1d8d00,web,iOS 17.5,2022-05-23 19:26:12,1,,BR
D-ec1e6344f8e9,web,iOS 16.7,2020-08-27T11:07:37Z,1,,Chile
D-409aa82b6bdb,android,iOS 17.5,2019-06-09 18:04:54-04:00,1,0,AR
D-96d3b2ca5510,Web,Android 9 (SDK 28),2020-01-15 04:10:52,1,1,CL
D-85f25d4a51da,ANDROID,Android 9 (SDK 28),2021-04-19 10:47:20,15,,CL
D-3b949281900c,android,iOS 17.5,02/07/2025 03:21,1,,chile 
D-00be95b896e7,IOS,iOS 17.5,2021-02-19 22:43:15-04:00,3,1,CL
D-5f87aee07505,IOS,iOS 16.7,2025-12-15 08:58:56,1,,CL
D-1626bcff46cb,web,Android 14,2024-04-13 21:36:24,2,,CL
D-0e88426167b5,android,Windows NT 10.0,2022-10-31 22:11:23-04:00,1,,Chile
D-4112c2fff1da,android,Android 9 (SDK 28),2025-01-05 13:30:14,1,0,Colombia
D-bce54a870edc,web,iOS 17.5,2019-04-26T09:30:13Z,1,0,AR
D-ba444167ffe5,android,iOS 16.7,2025-07-30 19:24:03-04:00,1,0,PE
D-9b4393b553f2,android,Linux x86_64,2019-10-28 15:20:39,1,,CL
D-693eb21a76cf,android,iOS 16.7,2025-06-28 13:13:02,4,0,Chile
D-3d9ed31afd05,android,iOS 16.7,2026-05-02 19:01:41,1,,chile 
D-c00628771e23,ANDROID,Mac OS X 10_15_7,2019-07-24 22:03:24,1,,CL
D-01cb271e27a3,ios,Android 14; SM-A546E Build/UP1A,2026-02-17 21:08:09,1,,CL
D-3d812b907bd7,pos,Mac OS X 10_15_7,2024-02-29 07:16:05,1,,VE
D-c4813368ec50,ios,Mac OS X 10_15_7,2022-04-28T14:53:27Z,1,,CL
D-015a5602b9ae,android,iOS 16.7,2021-05-28 10:18:51-04:00,1,,CL
D-01a179a517a9,Android,Linux x86_64,2019-08-14 14:49:44,1,,CL
D-e933ae890939,web,iOS 17.5,2021-06-22 09:20:23-04:00,1,,CL
D-68d9f4343729,Android,Android 9 (SDK 28),2026-04-25 03:14:41,2,1,CL
D-5e092204f25c,android,Android 13,2025-04-23 12:01:33,2,,CL
D-ba86972b9dcc,web,Android 14,2025-10-21 00:45:06,1,,CL
D-02b22b2abdf9,android,Linux x86_64,2025-10-06 00:52:17-04:00,1,,CO
D-2072ad5f9251,android,Linux x86_64,2024-02-01T17:41:47Z,2,0,CL
D-da392934691a,web,Linux x86_64,2022-06-25T13:53:53Z,2,,CL
D-1f9d65e6789d,android,iOS 16.7,11/09/2022 08:06,1,, CL
D-e6c7b1d84af4,WEB,Android 9 (SDK 28),2022-11-15 03:42:16-04:00,2,0,AR
D-fc66a294107f,android,Android 14,02/08/2023 17:19,1,,VE
D-3610f3018b7a,web,Mac OS X 10_15_7,2022-08-02 06:53:36,1,,chile 
D-0759927dfd34,web,Linux x86_64,2022-06-04 20:45:41,1,0,chile 
D-c230df9dce0a,android,iOS 17.5,2021-09-04 06:57:52,1,,CL
D-cf9b95bbc2d2,android,Android 14,2021-10-20T23:35:58Z,2,0,CHILE
D-1168fa310b50,ios,Linux x86_64,2024-02-12T10:32:25Z,1,0,Chile
D-7e4d4aa9f34a,web,Android 14; SM-A546E Build/UP1A,03/03/2024 06:01,2,0,CL
D-07d3ef34ecb7,web,Windows NT 10.0,12/08/2024 14:49,1,,VE
D-80c2d0a6943a,ios,Windows NT 10.0,2024-05-17T05:52:02Z,2,,CL
D-f2cf99f29b02,pos,iOS 17.5,2024-05-25T03:00:29Z,2,,CL
D-569c8d763257,android,Windows NT 10.0,2020-03-18 16:28:56,1,0,US
D-ea67ed5e32f1,Ios,iOS 17.5,2026-06-02 14:58:20,2,,Chile
D-1a10a7391e37,android,Mac OS X 10_15_7,2019-11-04 05:06:16,1,0,CL
D-f1282d75151c,ios,iOS 17.5,2021-07-04 14:33:03,1,,CL
D-45d092a7f9c1,ios,,14/12/2021 02:24,1,,CL
D-85598c7fb657,android,iOS 16.7,02/06/2023 09:33,2,0,CL
D-1d6c4f898500,android,Windows NT 10.0,2022-02-08 02:49:59,1,, CL
D-46e93b30bfcb,android,iOS 17.5,2025-10-22 17:17:55,1,0,CL
D-ccde608de9c8,android,Android 13,2022-05-13T16:35:03Z,1,,CL
D-f77c82491958,android,,2024-01-17 13:54:02,1,0,CL
D-f16906d8d737,android,Windows NT 10.0,2024-02-25 07:22:21,4,,CL
D-1da53866ee19,ios,Android 9 (SDK 28),2023-09-21 04:45:25-04:00,1,,CL
D-f131de772432,IOS,Android 9 (SDK 28),2021-09-12 18:33:50-04:00,1,0,CL
D-bbd76674eca8,ios,Android 9 (SDK 28),2021-09-29T00:57:08Z,1,0,AR
D-f1efd4f99f85,IOS,Android 13,2022-03-05 00:44:04,1,0,PERU
D-4a227040c74c,android,Android 14; SM-A546E Build/UP1A,2020-07-13T17:13:32Z,1,,CHILE
D-6ec720a0dfb2,web,Android 13,2019-11-12T15:11:30Z,2,,CL
D-7f7674888d66,Android,Android 13,2025-10-21 07:03:50,2,,Chile
D-b7a556406266,android,Android 13,2023-01-23 13:38:06,1,,CL
D-4c920e2e1920,Web,iOS 16.7,2025-09-27 19:26:57,2,, CL
D-ae6f7d017290,Android,Android 9 (SDK 28),2019-07-21T15:08:18Z,1,0,CL
D-ba0d2b7aad3a,Android,iOS 16.7,2021-02-17T13:02:36Z,3,,CL
D-7d77b088109b,android,Mac OS X 10_15_7,2021-11-12 03:43:24,1,,CL
D-7ca926eca262,android,Android 13,2024-02-02T19:40:29Z,1,,CL
D-c9be557e40d1,android,Android 14; SM-A546E Build/UP1A,06/02/2023 16:29,1,,CL
D-89da1d1f6741,ios,iOS 16.7,2019-04-19T08:38:01Z,1,1,Chile
D-7f7cedfeb702,android,iOS 17.5,2023-07-23 13:19:14,1,,CL
D-5f403db9a193,ios,Windows NT 10.0,09/05/2022 08:28,3,,cl
D-fc1ec59e60e1,web,iOS 17.5,2021-07-20 14:12:58-04:00,2,,Chile
D-e25f9bda5968,android,Android 13,2024-10-16T16:46:48Z,1,,CL
D-43eb98e5d5df,web,Linux x86_64,2019-10-14 08:11:08-04:00,1,,cl
D-f0e9e4d3756e,android,iOS 16.7,2023-08-19 15:17:18,1,,CL
D-6a6aeb39c71a,ios,,2019-10-16 17:12:17,6,,RU
D-dbbbe4333fac,android,Android 9 (SDK 28),17/08/2020 09:55,2,0,CL
D-1b78cf6384bd,ios,Linux x86_64,2023-02-16 21:27:35-04:00,1,0,CL
D-15b6e84ca16f,pos,Android 14,14/08/2023 01:45,1,0,CL
D-133078f75282,ios,iOS 16.7,19/03/2023 09:16,1,,Chile
D-35253aa991b8,android,iOS 17.5,2023-03-16 01:08:04,1,,CL
D-50e3c77564dc,android,iOS 17.5,2021-11-07 19:33:40,2,,CL
D-fb06e9a5f945,android,Android 9 (SDK 28),2023-10-27T20:21:58Z,1,,CL
D-d564c0bc7afa,android,iOS 17.5,2026-02-11T10:05:09Z,1,,CL
D-848cda135d48,android,iOS 17.5,2020-05-11T16:50:50Z,1,,CL
D-dc375d226fed,android,Android 14; SM-A546E Build/UP1A,2022-07-16 01:54:08,1,,AR
D-b9b17a3ba5db,android,Mac OS X 10_15_7,2025-08-07 12:13:59,1,,CL
D-472c70590bb9,ios,iOS 17.5,2026-06-03 14:46:09,1,,CL
D-8ede93b05c18,ANDROID,iOS 16.7,2019-03-25 01:00:59,1,,CL
D-2da363d83d38,android,Android 14,2024-10-31 08:23:54-04:00,1,0,CHILE
D-3a049c05507e,android,iOS 17.5,2023-09-18T09:36:36Z,36,0,PE
D-82ba54c4c842,web,Android 9 (SDK 28),19/06/2024 06:52,2,,PERU
D-1427e8c0ed2a,web,,2026-06-17 20:52:48-04:00,1,,Venezuela
D-c09bfd6e5ca1,Ios,Windows NT 10.0,2022-01-10 08:48:09,1,1,CL
D-db6c2e2724a0,Ios,Linux x86_64,2021-08-06 00:56:48,1,1,CL
D-126becdbfb64,Web,Windows NT 10.0,2021-05-12 16:28:43-04:00,1,,chile 
D-4887ddc783b9,ios,Linux x86_64,01/04/2026 10:51,1,,CL
D-161de36d3700,web,iOS 16.7,2025-04-19 20:39:57,1,,CL
D-96ceb0e3de90,ios,Android 9 (SDK 28),2022-06-04T03:45:45Z,1,1,Venezuela
D-a658c3eef98a,web,Android 14; SM-A546E Build/UP1A,2026-04-25 14:49:47,1,,CL
D-4b1a6f8dd303,ios,iOS 17.5,27/05/2021 14:54,2,0,CL
D-71ea9258dfcf,ios,Mac OS X 10_15_7,2019-04-07T23:31:24Z,3,0,CL
D-ae645d86f26f,android,Linux x86_64,2024-05-27T19:07:46Z,1,1,CL
D-f79031a306c5,IOS,,2020-02-25 06:48:53,1,,CL
D-921ccd322e21,ios,iOS 17.5,2021-12-16 02:28:19,1,,PE
D-47394d75a9d1,android,Android 9 (SDK 28),2026-06-28T14:52:14Z,1,,VE
D-7aec4d23fdd1,IOS,Android 13,2020-02-25 20:47:12-04:00,1,0,CL
D-a7279d972940,android,Windows NT 10.0,2024-06-23 12:29:47,1,0,CO
D-83ae51bab166,IOS,Windows NT 10.0,2021-04-28 00:41:22,2,,CL
D-8b6615a25267,ios,Android 14; SM-A546E Build/UP1A,2022-04-24T06:54:47Z,1,0,RU
D-306daf7b216f,ios,Android 14,2021-07-02 08:26:11-04:00,1,0,CL
D-44ea53c50ee7,android,iOS 16.7,14/11/2023 01:40,13,0,Estados Unidos
D-1f39fdb3b790,Android,Linux x86_64,2024-10-05 22:40:49,2,,AR
D-c653ae452989,POS,iOS 16.7,2021-02-27 22:25:10-04:00,1,0,CL
D-e55a00d063f9,ios,Linux x86_64,2023-05-28 02:22:22,4,,VE
D-04ba414218db,Ios,,2024-05-14T04:08:54Z,1,,AR
D-421d9f9fef89,Ios,Android 9 (SDK 28),2021-02-04 17:41:11,1,,chile 
D-37cf569b586c,android,Android 13,2025-10-23 00:09:34,1,,cl
D-b84c162dec44,Ios,Linux x86_64,2023-02-20 02:30:56,1,,CL
D-b1db1c2ff3cb,ios,Windows NT 10.0,2025-04-23 03:34:01,1,,CL
D-568124dfc217,ios,Android 13,2026-01-31 13:14:06,1,, CL
D-470a89e08214,WEB,Android 13,2019-08-13T07:05:31Z,1,,CL
D-309478998121,pos,Android 13,2022-01-15 01:34:37,1,,CL
D-94e3448db8f7,IOS,Linux x86_64,2023-06-23T10:41:37Z,1,,ARGENTINA
D-1b5b238c45a9,android,Android 9 (SDK 28),2020-12-05 09:20:45-04:00,4,,CL
D-1b8617c69472,ANDROID,,2021-08-22 02:48:44-04:00,1,0,Chile
D-7046dc0c390c,ios,Mac OS X 10_15_7,2024-05-15T12:16:22Z,1,0,CL
D-061c461d43bd,ios,Linux x86_64,05/09/2025 21:48,1,,CL
D-8735ed431773,pos,iOS 16.7,29/10/2022 00:36,1,,CL
D-f824115758dc,android,iOS 17.5,2025-07-10 19:33:41,32,,CL
D-8de9216ba85c,WEB,Linux x86_64,2022-12-02 07:14:23,1,,chile 
D-cda5ff3a876b,ios,Mac OS X 10_15_7,2025-04-08 13:37:22,1,0,CL
D-260b6afa2f0b,android,Android 14; SM-A546E Build/UP1A,2020-08-26 11:36:33-04:00,1,1,CL
D-802e94e9c04f,android,Android 14,2020-11-28T09:00:49Z,1,,US
D-752ce9b56c04,android,Android 14,2020-05-13T07:17:05Z,1,,CL
D-76189da257cb,android,Android 13,2025-02-27 13:05:53,1,0,CL
D-0c7aae6e67a1,Android,Android 9 (SDK 28),08/01/2024 13:05,1,,cl
D-0d317f6a5106,android,Windows NT 10.0,2021-04-03T19:53:58Z,1,,NG
D-aa62828bec8b,android,Android 14; SM-A546E Build/UP1A,2022-04-18 18:07:42-04:00,11,0, CL
D-8944300f3d6b,android,Android 9 (SDK 28),2025-02-03 18:55:43-04:00,1,,PE
D-1839f56b0381,ios,iOS 17.5,2021-11-06 23:26:16,1,,Chile
D-1f50d3aa640f,ANDROID,Mac OS X 10_15_7,2021-05-28 00:35:19,13,,chile 
D-d52edcbde495,web,Android 13,2022-09-14 10:52:04-04:00,1,0,AR
D-3555f43ed902,ios,Windows NT 10.0,2024-08-27T06:45:12Z,1,,CL
D-ef0ae284ddea,web,Windows NT 10.0,28/07/2026 20:11,1,0,VE
D-4694baf7e980,android,Mac OS X 10_15_7,2022-03-09 11:41:13,1,,CL
D-74bf5292a5ba,android,Mac OS X 10_15_7,2023-02-15 00:55:04,18,,Colombia
D-7d7b20cc2ff9,pos,Mac OS X 10_15_7,2020-04-24T11:48:08Z,2,,CL
D-c82a6030f707,ios,Android 14; SM-A546E Build/UP1A,05/11/2025 01:42,1,0,BR
D-f3a13da99e29,web,iOS 16.7,2021-09-07 20:30:15,1,,CL
D-9a3c127f1c28,WEB,,2019-12-04 04:12:52,1,,CL
D-93d3c546a35e,ANDROID,Linux x86_64,2025-03-26T14:05:23Z,1,,CL
D-7556c307ceb9,android,Android 14; SM-A546E Build/UP1A,2024-11-07T05:46:12Z,5,,RU
D-f4d32754cbf4,ios,Mac OS X 10_15_7,2020-09-18T09:24:35Z,1,,CL
D-2d6afe271c49,android,Android 14; SM-A546E Build/UP1A,2023-12-26T12:06:55Z,2,,CL
D-8c1a6915d0de,android,Android 9 (SDK 28),2025-10-11 15:31:24-04:00,1,,CL
D-5c09b26c1326,Ios,Mac OS X 10_15_7,2022-07-29T10:37:01Z,1,, CL
D-71385572c6e8,android,Windows NT 10.0,2026-01-14T12:29:38Z,1,,CL
D-e5e7ea6855b8,ANDROID,Android 13,2021-05-22T17:49:09Z,1,,chile 
D-33da03433263,ios,iOS 16.7,2025-08-17 15:36:09,1,, CL
D-7f77641adb12,ANDROID,Mac OS X 10_15_7,2025-09-26 20:49:08,1,,AR
D-e6413597a88e,ios,Android 13,2020-02-14 07:06:11,1,,CL
D-e72359bc4686,ANDROID,iOS 16.7,2024-02-28 21:11:28,1,,COLOMBIA
D-2e22a3c3ec8a,android,Android 13,2022-10-04 04:25:11-04:00,1,0,AR
D-3711783ebdaf,ios,Android 13,2021-03-01T05:59:30Z,1,,CL
D-508286346848,ANDROID,Mac OS X 10_15_7,2020-03-02T06:37:57Z,2,0,VE
D-f96e0acd36ef,pos,,2023-08-20 10:02:16,1,0,CL
D-26a9016dd4b8,ios,Linux x86_64,2020-05-04 09:32:21,1,,US
D-c75f88da7d9a,android,Android 13,2021-10-04 02:26:29,1,0,CO
D-04cb584001a6,ios,Linux x86_64,2023-08-13 17:36:51,1,,CL
D-75514428c4ec,IOS,Android 14,2026-04-09 06:00:22,1,0,cl
D-dd2d165da556,web,Mac OS X 10_15_7,2023-11-15 17:33:36,1,,chile 
D-4294beb50168,ios,Windows NT 10.0,2025-07-03T21:34:23Z,1,,CL
D-df8ed859c76a,web,iOS 16.7,2026-03-05 21:37:05-04:00,2,1,CL
D-fe3d420956dd,android,iOS 17.5,2024-11-01 00:01:46,1,,NG
D-2e836921a5f3,android,Windows NT 10.0,2023-07-01 13:38:59-04:00,2,0,US
D-6ad8804f2d7a,WEB,,2020-06-21 19:13:27,1,0,chile 
D-021e56ec7487,Android,Android 9 (SDK 28),2019-10-27 17:03:13,1,0, CL
D-bca893395509,android,iOS 17.5,2019-02-05 04:22:35,2,0,BR
D-5bad4508c3b5,web,Windows NT 10.0,2022-05-03T02:22:47Z,3,,CL
D-55fc7af6dd9e,android,Android 13,2025-12-20 09:29:41,1,,CHILE
D-266bb8fd2353,Android,Windows NT 10.0,29/09/2020 06:38,3,,CL
D-dfd117c3dc59,ANDROID,Android 9 (SDK 28),2024-11-27 00:29:44,1,,Chile
D-74e22151f6d2,pos,iOS 16.7,2023-01-04 12:38:19,2,0,EEUU
D-c85895ce297d,android,Android 13,2021-12-20T23:41:16Z,1,,CHILE
D-aa4ccdbe569f,android,iOS 16.7,2025-09-19 02:33:13,1,,Chile
D-1946ad5d949c,android,iOS 16.7,2026-06-29 21:31:44,1,0,chile 
D-a2ab0a9a554d,web,Linux x86_64,2024-04-30 12:42:14,1,, CL
D-4d1d9273592d,android,iOS 16.7,03/06/2019 03:20,1,,COLOMBIA
D-815033154ce0,android,Android 14; SM-A546E Build/UP1A,2024-10-12 04:28:27,2,1,CL
D-e17c99130ecf,ANDROID,Android 13,2025-07-03 21:20:29,1,,US
D-98049d28b0bd,pos,Windows NT 10.0,01/04/2022 16:49,1,, CL
D-3fbb54833bb9,ios,,31/03/2026 02:11,1,,CL
D-ea44ab46fb9f,web,Android 14,2023-04-20 11:23:06,2,0,AR
D-b4901ec40d18,ANDROID,Android 14,2019-01-31 22:43:29,1,,CL
D-7a15554e3940,android,iOS 16.7,2025-04-02T00:38:40Z,1,,CL
D-2ea0facc2549,Android,Mac OS X 10_15_7,23/08/2023 10:34,1,,CL
D-ae10f2782c8a,ios,Windows NT 10.0,2023-03-18 23:12:25,1,1,CHILE
D-0e3c8c93d807,pos,iOS 17.5,14/01/2019 05:16,1,0,RU
D-3a5a533b1d98,android,Linux x86_64,05/04/2021 21:11,2,,CL
D-9d54b7222138,web,Android 14; SM-A546E Build/UP1A,2024-06-25 06:52:30,1,, CL
D-71e5a72e47d7,pos,iOS 17.5,2023-11-23 00:55:13,1,,RU
D-a38218ffe6a6,web,Windows NT 10.0,2021-07-14 20:58:45,2,0,Chile
D-9cedeca2cbfd,android,Android 9 (SDK 28),2022-06-25 13:20:46-04:00,1,,VE
D-e281df5a57f0,ios,iOS 16.7,2024-04-15T02:15:49Z,1,,CL
D-5779f8d474f1,Ios,Mac OS X 10_15_7,2025-07-07 13:10:12-04:00,1,,CL
D-35c9077e17d2,WEB,iOS 17.5,2020-04-14T04:05:38Z,1,0,chile 
D-d13eb2d39cb2,ANDROID,Android 14; SM-A546E Build/UP1A,2025-03-24 19:20:17-04:00,1,,CL
D-929f60a3220a,android,Linux x86_64,2021-06-08 16:40:10-04:00,1,,BRASIL
D-77cb0cbdbce4,ios,Android 14,14/09/2025 13:40,1,,EEUU
D-74072ee53044,android,Android 13,2020-12-28 12:30:27,2,,CL
D-763cd0bea883,ios,Android 13,2024-10-21 08:25:18,1,,CHILE
D-7a5b8c3bbf7d,ANDROID,,12/10/2023 02:52,1,,AR
D-8cac869a468a,android,Mac OS X 10_15_7,2023-06-11 21:32:31,5,,CHILE
D-107482cbd51e,ios,Mac OS X 10_15_7,2023-09-19T22:07:38Z,1,,CHILE
D-639ab4b27aa8,ios,Linux x86_64,2022-01-29T21:33:54Z,1,,CL
D-bab7669e81ba,android,Windows NT 10.0,2025-03-15 06:52:01,4,0,CL
D-113b908eb617,pos,Linux x86_64,2024-09-06T07:40:11Z,14,,VE
D-35727603b0ad,web,Android 14,2023-06-17 07:24:38,1,0,AR
D-b652d002287f,Android,Android 9 (SDK 28),2022-11-17 06:30:57,1,,chile 
D-d3b7261dc741,web,Android 9 (SDK 28),2020-11-21T10:01:28Z,2,0,Brasil
D-444a3b28e7c6,Android,iOS 17.5,2023-02-22 04:03:50,2,,Perú
D-55ae6af708d7,android,Android 14,2026-03-31 02:23:34,1,,cl
D-583a2b2c42eb,android,Android 9 (SDK 28),2019-01-17 20:52:50,1,0,CO
D-cdcd7f1b23e0,web,,2021-10-30 20:40:13-04:00,1,,Russia
D-7dda4b8797fb,ios,Mac OS X 10_15_7,2025-02-13 05:01:41-04:00,1,,Brazil
D-d7a32ecce342,WEB,iOS 17.5,2022-04-15T09:35:44Z,1,,BR
D-10e5e9386a54,android,Windows NT 10.0,2025-05-06 12:26:42,1,,CL
D-d6975de13f0a,ANDROID,iOS 16.7,2024-05-04T07:36:04Z,2,,CL
D-62eb5aedb847,web,Android 14,2024-01-27 02:04:20,1,,chile 
D-2a52ee8c3543,ios,Android 14; SM-A546E Build/UP1A,2022-03-31 00:12:58-04:00,1,0,Chile
D-8ff43eec52b4,android,Windows NT 10.0,2023-07-28 12:05:53,1,0,cl
D-b080c5339b32,web,iOS 16.7,2026-06-05 06:13:29,2,0,cl
D-4714ad495701,Android,Android 14,2024-06-17T15:29:04Z,2,0,CL
D-2f643df7fa63,web,Android 14,2023-05-18T00:49:40Z,1,,CL
D-7fe96fd2c936,pos,Android 14; SM-A546E Build/UP1A,2019-10-29T23:16:13Z,1,,Venezuela
D-4926dca1bdbb,WEB,Android 14; SM-A546E Build/UP1A,18/12/2024 20:02,4,,CO
D-e696b822a0d6,android,Windows NT 10.0,2026-05-05 12:04:39,15,,CO
D-41c53a8ffc7d,web,Android 14,29/05/2019 21:38,1,0,CO
D-427712fbe208,Ios,Linux x86_64,2023-10-20T08:31:37Z,1,0,CL
D-472f041965f2,ios,Linux x86_64,2021-04-03 23:03:38,1,,Chile
D-2220f9854f25,android,Android 13,2019-06-26T19:19:57Z,1,,BR
D-bae7460d0285,android,Linux x86_64,2025-12-14 14:31:57,1,0,Chile
D-625f30f47925,web,iOS 16.7,2020-01-14 06:30:53,1,,CL
D-fa74adf810e9,android,Android 9 (SDK 28),25/10/2021 16:32,1,,CL
D-e02e546b9764,Android,Linux x86_64,2024-03-03 23:02:03,1,0,CL
D-1558ae1a7c7c,Ios,Android 14; SM-A546E Build/UP1A,2025-09-04 12:23:23,1,,CHILE
D-36366f1f996b,android,Android 9 (SDK 28),2025-08-06 08:53:01,1,,ARGENTINA
D-0f30744aaf5b,IOS,Android 14; SM-A546E Build/UP1A,05/01/2025 05:12,1,0,US
D-7b3b8359497a,web,Android 14,2025-03-17T23:10:48Z,1,,Chile
D-fd14fef6a7a8,ANDROID,iOS 17.5,2019-02-20 13:15:18-04:00,1,0,CO
D-0624b2fa7636,android,Android 9 (SDK 28),2024-10-30T22:20:01Z,1,,CL
D-f81fe1ef0411,android,Mac OS X 10_15_7,2019-10-18 13:04:09,2,,US
D-638d01ebcd96,ios,Android 14,2021-05-05 00:12:32,1,,US
D-697ffd9cded8,android,iOS 16.7,2026-05-19T03:29:07Z,1,0,chile 
D-6cf4571b9abe,ios,,2025-02-24T04:05:19Z,1,,CL
D-6e0497437151,Web,Android 13,2024-07-20 00:42:43-04:00,1,,CL
D-b7482e7f5e3c,ios,Mac OS X 10_15_7,02/04/2025 08:43,1,,US
D-b14a3fa5de1c,web,Mac OS X 10_15_7,2025-10-03 04:45:23,1,,CL
D-7d233cba3715,ios,Android 13,2021-01-25 12:04:19,1,,CL
D-ae41cc3aacd9,web,Android 14,04/10/2025 12:54,2,0, CL
D-d93c1ce1bfcb,android,iOS 16.7,25/04/2023 02:40,1,,CL
D-c11fe3e69867,Web,Android 13,2024-03-03T07:47:39Z,4,,CL
D-68fc8c4908ef,android,Android 14,2023-04-09 22:49:34,1,0,Chile
D-a6876d45603d,ios,Android 14,2026-05-18T06:48:27Z,1,,CL
D-ed0288c34ed5,android,Windows NT 10.0,14/01/2019 18:56,2,,CL
D-5022ca83b2c0,Web,iOS 17.5,2024-10-23T22:09:32Z,2,0,Chile
D-aebfd23e4da1,ios,Mac OS X 10_15_7,2021-03-25T08:55:23Z,1,,CL
D-ccb6aa923cd6,ios,Android 9 (SDK 28),2026-07-23 12:07:51-04:00,1,0,CL
D-2af1e50e57a6,android,Mac OS X 10_15_7,2025-06-07 16:30:54,3,0,PE
D-355855c17f4a,Ios,Mac OS X 10_15_7,2024-10-19T02:14:15Z,1,,CL
D-8f2872eedce3,pos,Android 9 (SDK 28),2023-01-15T22:26:34Z,2,,US
D-e2968e9435df,web,Windows NT 10.0,2022-11-18T06:14:42Z,1,,CL
D-2d506cff2dc9,ios,Linux x86_64,2019-11-22 09:30:17,38,,CHILE
D-c35764e74fe1,android,Linux x86_64,2022-12-13T04:53:44Z,1,,AR
D-cf185276a35e,android,Android 9 (SDK 28),2026-01-19 03:26:37-04:00,6,0,CHILE
D-c1d82142fc6f,android,Mac OS X 10_15_7,2025-05-13T22:24:20Z,2,,CHILE
D-efafb5faff55,web,Android 9 (SDK 28),2021-02-06 10:06:29-04:00,1,1,CL
D-9893dda81a24,android,Linux x86_64,2025-10-31 13:26:51,1,,CL
D-a9f2653085ee,android,Android 14; SM-A546E Build/UP1A,2022-08-23 23:08:03,1,0,CL
D-b6ec97ac9315,ios,Android 14; SM-A546E Build/UP1A,2021-04-26 11:43:27,1,,CL
D-e580eb3eb628,Web,iOS 17.5,2020-11-11 08:40:44-04:00,2,,cl
D-f36e3266e3af,android,iOS 16.7,2024-02-07T01:58:30Z,1,0,Russia
D-d104c8958906,web,,03/11/2020 16:42,1,,CL
D-628ce1ee785e,web,iOS 16.7,2025-07-26 08:01:49,2,,CL
D-34462d1bbc10,android,Android 9 (SDK 28),2020-05-19T03:00:03Z,2,,USA
D-9c414e9f9365,web,Android 9 (SDK 28),2024-03-02 13:18:22,2,,chile 
D-ebd06c00743b,ANDROID,Linux x86_64,2020-04-07T03:20:39Z,1,1,VE
D-3565afa9d4b8,web,Windows NT 10.0,2020-08-02 20:27:08,6,,cl
D-577d0784a3a0,pos,,17/10/2020 08:54,1,,CL
D-3009605f0476,IOS,Android 14,2024-02-22T19:33:41Z,1,0,AR
D-b76ef844938a,android,Windows NT 10.0,15/07/2022 04:22,3,,CL
D-6344453d15c6,Android,Mac OS X 10_15_7,2019-08-14 02:28:55,2,0,CL
D-b0ccc414e210,ANDROID,Android 14; SM-A546E Build/UP1A,2022-03-13 09:51:11,1,,CL
D-1afb09681731,ios,,2022-01-05 20:51:11-04:00,1,,CL
D-5491c627bdfb,POS,,2022-05-13 02:28:22,2,,CO
D-8974ea809160,android,Android 14; SM-A546E Build/UP1A,2025-05-08 14:25:52,1,,Chile
D-bbd8aaa1e576,web,,2025-12-14 11:19:27,1,,CL
D-29ddcfdb513d,pos,Linux x86_64,2026-06-13T06:25:21Z,1,,CL
D-0d10a9c8f468,ios,,2019-07-10 18:38:17,1,,CL
D-b30392431dee,ios,Android 13,2021-12-21 23:34:11-04:00,1,,CL
D-d958ca01e785,pos,Android 9 (SDK 28),2025-04-01 04:30:18-04:00,1,,CL
D-1db8812d3852,ios,iOS 16.7,2023-01-31T16:13:02Z,1,,CL
D-a6e265930b70,Android,Windows NT 10.0,19/11/2025 23:26,4,0,CL
D-a3b9adf98127,ios,Android 14,2026-07-05T05:05:50Z,4,,CL
D-14101014429b,android,iOS 17.5,2021-11-08 22:35:58,2,0,US
D-7712d6af8194,ANDROID,iOS 16.7,2026-02-25T17:36:30Z,2,,CL
D-d7ae2c061c9a,android,,2021-04-04 18:43:29,1,,chile 
D-c2a094087f26,android,Linux x86_64,2023-06-18 02:13:58,2,,CHILE
D-03f31cd53edb,ios,Mac OS X 10_15_7,2022-10-29 01:51:21,1,0,Chile
D-e93e5d98792e,android,Android 9 (SDK 28),2021-08-12T17:26:28Z,1,0,CL
D-352dd3c79f78,ios,Android 14,2025-02-13 01:47:13,1,, CL
D-5a8b3fad6da5,android,iOS 17.5,2024-09-24T01:59:23Z,1,0,CO
D-29996c64c45e,android,,2024-01-18T17:57:37Z,1,0, CL
D-1daf398801f8,android,Android 14; SM-A546E Build/UP1A,2019-01-10 00:40:45,1,,CL
D-332d06664fd2,android,Linux x86_64,2021-12-11 23:06:52-04:00,4,,VE
D-2c308df3738d,web,Android 13,2025-01-27 00:48:15,1,,CL
D-27b381b2238d,Ios,Mac OS X 10_15_7,2023-07-10 22:06:19,2,1,CL
D-6550b43d5278,IOS,,2023-04-16 14:58:10,1,,CL
D-ee5eed02cc9e,ios,Android 14,18/02/2021 12:35,1,,CL
D-6255d92f5cf2,android,Mac OS X 10_15_7,2024-03-28 15:20:06,2,,CL
D-126bb62ea2b3,android,Android 13,2021-03-19 20:26:47,2,1,chile 
D-714f6efe7149,android,Android 14; SM-A546E Build/UP1A,2020-08-17 01:23:36,6,0, CL
D-558aa7940dcf,android,Android 14,2026-02-27 10:02:13,5,1,CL
D-0ad6b97fe662,android,iOS 16.7,2026-02-15 14:27:13-04:00,2,0,CL
D-264e6cc5c3b8,android,iOS 17.5,2020-09-20T16:30:32Z,1,0,CL
D-0c531ebfc5bf,ios,,2025-07-23 01:30:22,39,,CL
D-0b0c174ff019,android,Android 13,2025-12-23 09:02:39,1,,CHILE
D-0278cf3ad1e1,ANDROID,iOS 17.5,2019-07-22 23:28:30,1,0,CL
D-612c2bf5aaab,Android,Android 9 (SDK 28),28/12/2024 16:02,1,0,cl
D-d7a40a11301e,ANDROID,Android 9 (SDK 28),2019-09-07 08:24:08-04:00,1,0,CO
D-47a2de0ffdd0,android,iOS 16.7,2023-08-06 10:14:51,5,1,CL
D-aeeb44b2aec4,android,Mac OS X 10_15_7,2019-07-26 03:51:46-04:00,32,,CL
D-c2028a9a3987,IOS,iOS 17.5,2023-02-10 12:22:08,1,,CL
D-918810502908,Web,Linux x86_64,2019-08-25 07:05:13,1,,CL
D-dc663256fb90,android,Windows NT 10.0,2024-10-08T17:32:14Z,1,,US
D-9d339b5d97ee,web,iOS 16.7,2021-10-11 10:44:32-04:00,1,0,CL
D-04f3aafca1af,ios,Linux x86_64,2020-09-28 16:09:28,2,1,CHILE
D-539e4b1a0464,ios,Windows NT 10.0,2026-02-11 02:59:00,1,1,CL
D-95a624c0f04e,android,,2019-01-18 13:09:34-04:00,1,, CL
D-22b122a105ab,android,Android 14,2025-07-25 05:43:45,1,,CHILE
D-7a413213334f,Android,Android 13,2023-06-03T21:46:53Z,1,,CL
D-2a9ee744bebb,android,Android 13,2023-06-20 12:54:55,3,1,CL
D-293fc4f8082a,web,Android 9 (SDK 28),06/03/2020 20:11,2,,VE
D-72170408b254,web,Mac OS X 10_15_7,2025-10-20 17:00:57-04:00,1,,CL
D-ae0fc65b34df,ios,iOS 16.7,2021-11-22 15:57:32,1,,CL
D-1faa5a0c6656,android,,2021-08-16T19:20:46Z,5,,CL
D-884c8c0a7a25,ios,Mac OS X 10_15_7,2021-03-19T16:10:32Z,1,,BR
D-d69a3f27ce2e,ios,Android 13,2022-03-22T15:23:15Z,1,,CL
D-d99a42376b77,ios,Mac OS X 10_15_7,2022-11-29 10:03:04,2,,chile 
D-75fa56436461,web,Android 14; SM-A546E Build/UP1A,2022-05-03 06:25:20,2,0,CO
D-3c49a72353c5,android,Android 13,2019-01-25 18:39:05,1,0,CL
D-f4b6e8857508,Android,Android 14,07/01/2025 22:34,1,,CL
D-edba2b83ba2e,pos,Mac OS X 10_15_7,2019-07-28T08:39:39Z,6,, CL
D-7f84e56b037c,android,Android 14,2022-10-19T00:16:17Z,1,,CL
D-21d56e18590f,web,Linux x86_64,2024-10-15 07:58:44,1,0,CL
D-d4ab9916ce6d,android,Windows NT 10.0,2025-07-21 14:12:24,1,,CL
D-566204c7cc95,ANDROID,iOS 17.5,2019-11-09 15:52:58,1,0,CL
D-41b12469e46b,ios,Mac OS X 10_15_7,2019-01-22T09:52:31Z,1,,CL
D-20a6107cea0d,ios,Android 9 (SDK 28),2021-06-21 03:55:03-04:00,1,,CL
D-75282cad20df,android,Android 14; SM-A546E Build/UP1A,2022-10-15 13:38:06,5,, CL
D-4409df17385a,ios,Windows NT 10.0,27/03/2023 03:55,5,0,VE
D-5d8817aa9672,android,Windows NT 10.0,2019-09-08 07:26:05,1,,chile 
D-0eea2c75c192,android,Android 14,11/04/2021 12:51,2,,Chile
D-d9b870d6ce96,android,Windows NT 10.0,31/03/2020 12:04,1,,CHILE
D-d8d16c4d389c,web,Android 13,2021-11-20 10:08:17,1,,CL
D-a27ad492bdcd,android,Android 14,2020-07-25 04:40:57,2,, CL
D-561ab069994f,android,,2019-10-18T16:27:34Z,1,,CHILE
D-c1c0fe4c1e5d,android,iOS 17.5,2023-02-10 19:51:14,1,0,VE
D-57b9f0125ec8,android,Windows NT 10.0,10/01/2021 02:46,1,0,CL
D-4461e42f5b30,web,Linux x86_64,2020-02-21T20:52:38Z,1,,Venezuela
D-33caa9f673ae,web,Android 13,2020-12-21T16:56:45Z,1,,Brasil
D-775ded70684a,android,,2020-05-21 01:09:12,2,, CL
D-412d5a05f1e3,web,Android 9 (SDK 28),2025-03-24T19:54:44Z,1,,CL
D-fffe3ab02b67,Ios,Android 14,2023-12-22 15:25:57,2,,Chile
D-f528964a2f30,ios,iOS 17.5,2024-02-25 00:59:02-04:00,1,,CL
D-a83567dd81f0,ios,Mac OS X 10_15_7,2023-05-11 08:50:58-04:00,1,, CL
D-9dee108a9680,android,iOS 17.5,16/11/2024 13:49,1,,CL
D-44af2fa04143,ios,Mac OS X 10_15_7,2021-11-08T12:53:16Z,1,0,CL
D-78521ad8b91c,ios,Android 9 (SDK 28),2023-12-30 06:01:25,2,,AR
D-e6f815bf9a2b,ios,Android 14; SM-A546E Build/UP1A,2025-06-29 00:20:44-04:00,1,,CL
D-40f8deb08d9a,android,iOS 17.5,2020-07-17 07:12:09,2,,Chile
D-91ff18bb83da,android,Android 14,2026-04-03T16:01:12Z,1,,CL
D-2d752ca3565c,Ios,Windows NT 10.0,2022-07-01 12:48:46-04:00,1,0,CL
D-342977e1d792,Android,Linux x86_64,2020-06-27 20:47:54,1,,BRASIL
D-83fe318792cf,Web,Android 14; SM-A546E Build/UP1A,2024-03-31T07:06:44Z,1,,Venezuela
D-2765a96a1e32,android,Android 14; SM-A546E Build/UP1A,2025-07-20 19:35:56-04:00,1,,CL
D-033df6c9f1c6,ios,Windows NT 10.0,2023-02-07T21:00:43Z,1,0,CL
D-086b5421a70c,web,,28/07/2025 05:09,2,,chile 
D-f36077a212be,android,iOS 17.5,2026-03-01 12:45:43,2,,CL
D-b5255bbe7de5,android,Android 14; SM-A546E Build/UP1A,02/04/2019 12:27,1,,CL
D-8ba33d634048,ios,iOS 17.5,2024-11-01 22:06:57,1,,CL
D-5bf3919b5194,android,Android 13,2020-08-13T11:12:01Z,1,,Peru
D-b53c3456865c,ANDROID,Android 13,2023-08-11 23:05:50,1,,CL
D-91d466408617,android,Android 9 (SDK 28),2024-05-15 13:06:57,1,,chile 
D-577f5a6261e9,ios,Windows NT 10.0,2019-12-26T02:51:08Z,5,0,CL
D-ab947e8a4ae0,android,Android 14,2020-07-10T11:15:25Z,1,, CL
D-e2d96c5b7236,web,,2020-06-25 19:21:58-04:00,1,,CL
D-ba87fbaf2dbd,ANDROID,iOS 16.7,26/06/2020 08:26,1,,CL
D-079977268bd9,android,Android 13,2021-03-02T08:33:17Z,1,0,Chile
D-c258b783902c,android,Android 14,2025-12-25 16:23:41,1,,CL
D-730d5ae4bd7d,android,Android 13,2025-04-21T08:59:09Z,1,,CL
D-2a1c6098ecfc,Android,Android 14; SM-A546E Build/UP1A,2024-11-12 13:49:05,1,,CHILE
D-2a6603562d43,android,Android 14; SM-A546E Build/UP1A,2022-10-24 04:27:37,1,,CL
D-2fd81dd969d4,android,Linux x86_64,2025-10-02T15:33:52Z,1,0,CL
D-9aefbe08bb27,web,Android 9 (SDK 28),2024-04-17 23:32:10,1,,PE
D-875e10c86f25,Pos,iOS 17.5,2022-07-30T08:29:37Z,1,,CL
D-47dbbf95b48a,android,Linux x86_64,2022-12-21 15:32:39,25,0,CL
D-1393c250a4cb,android,Linux x86_64,2025-06-20 15:44:46,1,1,CL
D-e411e7c79c58,android,Android 13,2024-04-06 10:00:33,5,0,Argentina
D-037e33b0bc30,android,Android 14; SM-A546E Build/UP1A,2021-01-16 17:07:23-04:00,1,,chile 
D-891804961acc,android,Mac OS X 10_15_7,2024-03-02 09:54:58,1,,CL
D-ab3828a3fb27,android,Android 9 (SDK 28),29/02/2020 00:09,1,0,CL
D-927452dd484f,ios,Android 13,2025-01-30 04:23:02,1,,CHILE
D-804ec940c52e,web,Mac OS X 10_15_7,2019-04-07 05:25:23-04:00,1,,CHILE
D-90f5387cc604,web,Windows NT 10.0,2023-06-10T11:48:34Z,1,0,US
D-7247b6f8bcf0,Ios,Android 14,2022-04-15 13:38:22-04:00,1,,CL
D-1c0f1c3fef5f,ios,Android 14,2025-05-26T05:11:31Z,4,,CL
D-1808a3b58474,web,Linux x86_64,2021-05-07 16:19:07-04:00,6,0,CL
D-6b991ceeb3ed,POS,Android 14,2019-07-05T01:51:20Z,1,,BR
D-5f2ccd6c5f80,android,Mac OS X 10_15_7,2023-07-21 11:47:46,1,, CL
D-90f968308599,Android,Android 13,2025-04-02T06:17:52Z,1,,PE
D-83bd31eadaaf,ANDROID,Android 14; SM-A546E Build/UP1A,2022-12-09T18:45:55Z,1,0,cl
D-69a39742cb92,android,Android 13,2025-07-30 02:56:33-04:00,1,0,CL
D-b996b5096d4a,ios,Android 13,2021-03-03 05:25:31,2,,CL
D-1a2ef9d41024,web,iOS 17.5,2024-10-17 21:01:02-04:00,1,,CL
D-d96b371d161d,android,Mac OS X 10_15_7,2025-03-12 17:48:49,9,,CL
D-f00b0751d4cb,Ios,Windows NT 10.0,2025-01-12T18:45:26Z,1,0,Argentina
D-4ecd86724f38,android,,2026-03-31T16:10:37Z,1,,Chile
D-02b216361eeb,android,Mac OS X 10_15_7,2025-05-06 00:33:49,1,,AR
D-7cfc7512e692,ANDROID,Android 14,2019-01-08 09:28:43,30,, CL
D-c8805a62fcd5,ios,,2023-03-27 00:26:31,1,,CL
D-97dec61036af,Ios,Linux x86_64,2022-03-20 06:08:01,1,,RU
D-439290fecb1e,android,iOS 17.5,2020-04-13 06:36:02,2,,CL
D-9f0e7866a2c4,ANDROID,Android 14; SM-A546E Build/UP1A,2023-12-03 11:08:15,1,,CHILE
D-543937bb202a,ANDROID,Mac OS X 10_15_7,2023-02-28T03:03:16Z,1,,Argentina
D-90d6c716c2d6,android,Windows NT 10.0,2023-09-05 01:54:22,1,,CL
D-7dc680dbcb88,android,iOS 17.5,2023-07-11 21:44:55-04:00,1,,CL
D-dbd4c25ebac0,ANDROID,,2020-03-04 09:17:33,1,,BR
D-6a41449c8f3a,web,iOS 16.7,19/12/2020 17:20,1,,CL
D-163ca6f27b3b,android,Linux x86_64,31/01/2024 13:47,1,,CL
D-69ffe94c54e0,android,Android 13,2021-12-15 16:08:22,1,,CL
D-1bf232def61f,Ios,Windows NT 10.0,2019-02-19 03:59:01,1,,CL
D-4aec49ba3272,ios,Android 9 (SDK 28),2026-01-29 15:14:57-04:00,1,,BR
D-5c7b017f6ca9,Ios,iOS 17.5,2020-12-28 14:36:53,6,,BRASIL
D-75db89fad28d,IOS,Android 14; SM-A546E Build/UP1A,2023-08-17 12:41:27,2,,CL
D-0c8fa66a2e25,web,Windows NT 10.0,2021-09-11 13:45:30,5,0,Argentina
D-a4128fdde77c,Android,Mac OS X 10_15_7,2021-09-01T14:32:04Z,1,,CL
D-a4bd7f89df8e,ios,Linux x86_64,2022-03-15 08:39:56,14,0,BR
D-b6fa82f6fa11,android,Android 13,2021-01-22T06:40:14Z,1,,CL
D-a2092faf6d96,Android,Linux x86_64,2024-05-17 15:29:40,1,0,Brazil
D-b2a293c50e38,android,Android 14; SM-A546E Build/UP1A,2024-03-02 02:48:49,1,,AR
D-6f9b63536fcf,ios,Android 14,2020-09-02 16:23:05,1,,CL
D-7cb96510caa1,web,Windows NT 10.0,2024-04-14 06:42:26,1,0,PERU
D-ec0648531ab8,android,Linux x86_64,29/03/2020 21:37,1,,Venezuela
D-9b8f6d08362b,Android,Linux x86_64,2024-04-27 18:32:43-04:00,1,,PE
D-ce0e0064557f,web,Windows NT 10.0,19/11/2024 14:59,1,,CL
D-1db82365e30d,ios,,13/05/2026 01:18,2,,CL
D-fcf963070a29,android,Windows NT 10.0,2023-01-30 18:46:04,1,0,CL
D-9f27c181c27b,ANDROID,iOS 17.5,2021-06-23T15:32:55Z,4,0,CL
D-fe6e3d88613c,Android,Linux x86_64,2022-11-24T11:12:52Z,1,,CL
D-82aec95c9ed2,Web,iOS 17.5,2023-12-01T05:42:00Z,1,,CL
D-4a6b00118539,Web,,2022-08-20 03:17:46-04:00,1,,ARGENTINA
D-fe9a081b346d,ios,Android 14; SM-A546E Build/UP1A,20/05/2024 07:54,1,,BR
D-f12b50bd5612,Android,Android 9 (SDK 28),2021-07-01 03:27:38,1,,CL
D-6643e6d0f704,android,iOS 17.5,30/10/2025 16:45,6,,CL
D-a6ac0f054a55,Ios,Linux x86_64,2024-11-24T10:30:54Z,1,,CL
D-ebad7573225a,android,Android 14,2024-04-15 12:25:43,30,,CL
D-d801925143f9,ANDROID,Mac OS X 10_15_7,2022-12-05 07:41:21,1,0,CL
D-93e019ab5079,android,Android 14; SM-A546E Build/UP1A,10/03/2023 16:12,5,,CL
D-f505edb074c5,ios,Windows NT 10.0,2024-06-05 05:24:27-04:00,1,,AR
D-7a85cfd2445b,Android,Android 14; SM-A546E Build/UP1A,2019-10-09T18:54:27Z,1,, CL
D-de4c65cffe08,ANDROID,Mac OS X 10_15_7,2022-07-04 09:02:48,1,,PE
D-9900682e1a3d,ios,Android 9 (SDK 28),2020-07-03 22:44:25,1,0, CL
D-7b2c04323087,android,Android 13,2023-01-18 22:26:46,1,,US
D-cb73400d76f9,ios,Android 9 (SDK 28),2022-12-04T18:39:31Z,1,0,CL
D-e7909c5f1709,web,Android 13,2020-08-19 12:50:33-04:00,1,,CL
D-d136045fc0eb,web,iOS 17.5,09/12/2022 16:19,2,,CL
D-bb34be0a3ccc,android,Android 14,2021-05-16T21:24:51Z,1,,CL
D-540c090afc97,web,Android 13,2021-07-21 18:32:39,1,0,BR
D-469f5c121ce2,android,iOS 16.7,2021-04-14 15:59:04,1,,CL
D-757b84df8440,android,Android 13,2026-05-13 01:19:34,1,,CL
D-2907b06f70ec,ANDROID,iOS 16.7,2025-07-13 00:02:46-04:00,1,,CL
D-d807f12cb81c,android,iOS 17.5,2024-08-27 19:02:33,1,,AR
D-43d1b7952aba,Web,,2021-10-11 22:10:12-04:00,1,,CL
D-02dd5210cb49,pos,Linux x86_64,2023-01-05 04:28:51-04:00,1,, CL
D-1316f53409bf,android,Android 9 (SDK 28),03/02/2023 09:31,2,,CL
D-188ac1219980,ios,Android 14; SM-A546E Build/UP1A,2019-03-18 04:31:16,2,0,CL
D-829b05715107,android,Linux x86_64,2025-08-29 08:54:05,1,0,CL
D-aff10c40a6dd,Ios,Android 13,2024-05-21 04:08:27-04:00,1,,cl
D-8e771c6e1f6b,ios,Android 13,2020-08-14 04:31:19,1,,CL
D-d6071ac16a37,ios,Windows NT 10.0,2024-03-28 18:32:18,1,,Russia
D-99f4ef1afdbe,ios,,2021-12-21 19:39:48,1,,CL
D-31c94e344e3e,WEB,Android 14; SM-A546E Build/UP1A,2021-05-28 08:35:14,1,,CL
D-05d57befdbbb,pos,iOS 17.5,2024-10-03 07:55:57,1,,CL
D-e04788a9e6db,Android,iOS 16.7,2026-04-11 23:04:34,1,,US
D-8f75cde7f3ea,web,Windows NT 10.0,2023-11-27 06:16:14,1,,AR
D-5fa2b25d445f,android,Linux x86_64,2020-04-20T07:44:42Z,34,,CL
D-7f9e68a857cd,android,iOS 16.7,18/08/2025 08:43,1,,CL
D-44ceed994915,android,iOS 16.7,2019-11-15 23:39:42-04:00,2,0,CL
D-498361556943,android,,2024-03-13 04:40:29-04:00,1,,CL
D-6d906323606b,web,Linux x86_64,2019-05-22 03:49:42,1,,Venezuela
D-7ce69f239446,Web,Android 14; SM-A546E Build/UP1A,15/05/2024 11:12,1,,CL
D-1f5af8a6e74b,android,Android 9 (SDK 28),2022-06-30T08:51:53Z,2,,COLOMBIA
D-fd106a3b24ba,web,Mac OS X 10_15_7,2022-02-28T19:43:04Z,1,,CL
D-a9845945a0cf,pos,iOS 17.5,2021-03-31T21:27:18Z,1,0,AR
D-44db828ab4e8,ios,Linux x86_64,2022-05-28T21:28:26Z,4,,AR
D-b9977e2335ff,ios,,2025-06-17T00:23:04Z,2,,CL
D-3bbf28b09ae9,web,Android 13,2021-04-07 22:36:05,1,0,CL
D-12d6f38ac1b0,android,Android 14,2020-10-14 10:42:04,4,,Argentina
D-b91d9a35cd4d,web,Mac OS X 10_15_7,2026-01-07T16:54:46Z,1,0,Estados Unidos
D-7e0b1752c6cd,android,Linux x86_64,2021-12-07T18:06:07Z,2,,COLOMBIA
D-8cd9a808155c,IOS,Linux x86_64,2019-10-08 02:03:59,1,0,CHILE
D-fd10a82025ac,ANDROID,Windows NT 10.0,2019-01-28 01:39:12,2,,CL
D-aa31bd75a51c,ios,,2024-09-02 06:31:05,1,,CL
D-40d7e1e90813,android,,2020-08-20 08:06:36-04:00,2,,CL
D-9e4a1c3df693,ios,Android 13,2025-12-28 13:37:50,1,,CL
D-e2a7d0ac6c3d,ios,Android 14; SM-A546E Build/UP1A,2023-11-29 02:24:00-04:00,1,,CL
D-5f9861463d02,Ios,iOS 16.7,2026-03-24 20:07:13,1,,CL
D-2239e4d94565,Android,Android 9 (SDK 28),2025-06-05T23:18:33Z,1,0,chile 
D-a4f285e0acb0,android,Windows NT 10.0,2020-07-11T18:06:43Z,6,,CL
D-24e7dbf3aae7,ios,iOS 17.5,2019-10-22T16:12:23Z,4,,CHILE
D-7f9e8b96c7b8,android,Windows NT 10.0,2020-12-25T18:14:36Z,2,0,chile 
D-1087f86beee8,Web,Linux x86_64,2019-07-19 18:51:50-04:00,1,,CL
D-8523476f2b2b,web,Mac OS X 10_15_7,2026-02-19 17:04:37-04:00,1,,CL
D-5d47ee1b2e46,web,Linux x86_64,2019-01-26T14:28:21Z,1,0,CHILE
D-f803ff533cef,android,,2020-04-09T20:50:29Z,1,0,CL
D-3477c3a12950,web,iOS 16.7,2023-08-30T14:00:07Z,1,,CL
D-151608b96fa9,ios,,2021-08-18T02:54:11Z,1,,CL
D-94baee299405,android,iOS 17.5,2022-02-02 08:26:47-04:00,2,,CL
D-f87d6640af2a,android,Android 9 (SDK 28),2020-06-23 00:04:00-04:00,1,,chile 
D-3d4c3acaeb1d,ANDROID,Linux x86_64,25/07/2024 12:10,5,,ARGENTINA
D-6767ebee23d0,android,iOS 16.7,2019-08-10 00:38:59-04:00,40,,CL
D-cb88ed15a23f,ios,Android 14; SM-A546E Build/UP1A,2025-08-02 03:08:54,1,0,BR
D-b98af2966e72,ios,iOS 16.7,2025-09-27 22:12:02,1,,CHILE
D-ae8914eb15b1,android,Android 14; SM-A546E Build/UP1A,2022-10-27 02:25:41,1,0,CL
D-37232c5b8b89,ios,Android 13,2019-02-09 14:47:55-04:00,1,,CL
D-4cc1e241ae6c,android,Android 9 (SDK 28),2022-10-03T15:27:30Z,1,,RU
D-69ccdc87c560,ANDROID,iOS 16.7,19/07/2021 20:22,1,,CL
D-9e51e4c7bb0a,android,iOS 17.5,2024-04-12T14:51:22Z,2,0,CL
D-429b2dda129c,Pos,iOS 16.7,2023-09-06 08:42:57,1,1,chile 
D-c1a9d402f33a,android,Windows NT 10.0,31/12/2024 00:15,2,,CL
D-2938ba270109,web,Android 14,2020-08-22 20:06:45,1,0,Estados Unidos
D-6ea1f198eb20,ios,iOS 17.5,2023-12-30 22:45:32-04:00,1,,CHILE
D-10d9881ea614,Android,Windows NT 10.0,2022-02-24T03:29:18Z,1,0,BR
D-67af1154df1b,android,Windows NT 10.0,2020-12-02 02:38:54,1,,CL
D-fef776dd613a,android,Android 13,2024-12-23 08:48:51,2,,chile 
D-a5bcc9417a9e,android,iOS 17.5,2019-12-10 02:22:14,1,,CHILE
D-5f8f54b4feef,web,Linux x86_64,08/10/2019 14:10,4,, CL
D-ae499d5510ee,android,Windows NT 10.0,2022-03-13 21:19:03,1,,Brazil
D-0972b0851cbb,android,Mac OS X 10_15_7,2023-04-20T20:42:12Z,19,1,CL
D-7de82c963c57,ios,Android 14,13/11/2022 14:36,1,0,CL
D-c73188ccf494,ios,,2022-05-20 10:17:59,1,,AR
D-7ce685ac2045,web,Android 14,2021-09-17 16:02:05,1,,BRASIL
D-c103adce7148,Ios,Android 14; SM-A546E Build/UP1A,2024-05-08 04:07:25-04:00,1,0,CL
D-1af8fb7c5b8e,pos,Linux x86_64,2021-09-03 22:49:13-04:00,1,,CL
D-58825492e7dc,android,iOS 17.5,2024-03-10T09:06:04Z,1,,BR
D-f53c7e90551e,ios,iOS 16.7,2021-08-01 08:51:48-04:00,4,,PE
D-a1620b322b52,ios,iOS 17.5,2021-04-29 08:12:28-04:00,5,0, CL
D-2826233541d4,web,Windows NT 10.0,2022-10-11 11:19:25,1,0,CL
D-ce5fbd287ff4,ios,Android 13,2020-07-16T04:37:34Z,1,0,CL
D-52b5758dfbd6,web,Mac OS X 10_15_7,2022-01-23 12:24:13,1,0,CL
D-4f33616c7827,android,,2019-01-14 08:34:38-04:00,1,, CL
D-c7d7ef6b0a9b,Web,,2021-02-08 15:40:46,1,,Chile
D-ecd1551d64aa,ios,Android 13,2025-05-13 10:32:09,1,0,ARGENTINA
D-d400e7a66622,android,,2022-07-08 02:46:56-04:00,1,,CL
D-5554374afbf0,IOS,Linux x86_64,2022-06-09 04:31:56,3,,ARGENTINA
D-fd901495b7c5,android,Linux x86_64,2022-01-26 07:34:04,1,,CL
D-9f015c35382a,Android,Android 9 (SDK 28),2025-05-26 21:30:12,1,,CL
D-d69f0df8c97a,android,Android 9 (SDK 28),2021-06-23 15:15:20,1,,cl
D-41ff9c81842f,android,Windows NT 10.0,2023-12-31 15:16:04,1,,CL
D-23adafa4920b,android,iOS 17.5,2019-07-26T07:11:54Z,1,,chile 
D-6537280047db,ios,Android 14,2021-06-28 21:30:52-04:00,1,,AR
D-290824c85f4c,android,Android 14; SM-A546E Build/UP1A,2023-08-01T14:03:27Z,1,,CL
D-b4cac32fbf0e,ios,Windows NT 10.0,21/12/2019 22:46,1,,CL
D-d0034d230c80,web,Android 14; SM-A546E Build/UP1A,2023-03-11T05:38:16Z,30,0,CL
D-337082ee59af,android,Android 14,2019-02-06 09:30:11,1,,chile 
D-2a87700dbb4d,Web,Mac OS X 10_15_7,2019-06-27 13:33:40,1,,PE
D-ab4cc76b2148,web,Android 14; SM-A546E Build/UP1A,2021-02-07T17:13:22Z,1,,CL
D-a0d39f84abe5,android,Windows NT 10.0,2024-09-20 00:23:09,1,,PE
D-5e7885f649be,ios,Mac OS X 10_15_7,23/11/2020 00:00,1,,CL
D-97198cdab331,WEB,Android 14,2024-02-09T23:03:36Z,1,0,CL
D-c2a6fb309b92,android,,17/01/2019 12:09,1,0,ARGENTINA
D-dbe4fefb2519,ios,Android 13,2020-09-01 03:05:21,1,,CL
D-062e871b5c9d,web,Android 14,2022-04-03T12:29:05Z,2,1,CL
D-13f866baf8cb,Android,,2025-03-23T14:05:10Z,1,,CL
D-e65d96e60bbc,ios,Mac OS X 10_15_7,2019-01-29 12:13:52-04:00,1,0,CL
D-5d5b58c5e615,android,iOS 16.7,2023-02-21 12:16:12-04:00,1,,chile 
D-47d54183f0a9,web,Mac OS X 10_15_7,2026-04-04 05:02:17-04:00,1,,cl
D-f023e7305679,ios,Android 14,2026-05-30 08:15:19,1,,Nigeria
D-2f8a6e93eabd,android,Android 9 (SDK 28),2023-12-04 15:58:50,2,0,CL
D-5c119b8d8ada,ios,,2024-01-01 23:03:00,1,0,CL
D-7ca67c172838,android,Windows NT 10.0,2026-02-24 02:11:39-04:00,1,,CL
D-4f4a1dd2d2c5,ios,iOS 17.5,2020-10-16 19:01:23-04:00,1,,Russia
D-145add3d659b,ios,,2020-07-19 08:10:53-04:00,1,0,CO
D-4b2e34a4571e,web,Android 14; SM-A546E Build/UP1A,2019-06-11T12:55:52Z,1,,BR
D-7237233c6644,ios,,2022-01-09 17:01:55,1,,US
D-7e038a501f9f,android,Android 9 (SDK 28),2020-08-15 09:36:10-04:00,2,0,CL
D-f104c0adadf7,android,Linux x86_64,23/06/2023 09:03,1,,CL
D-413f04063827,web,Android 9 (SDK 28),2021-07-03 15:30:44,1,,CL
D-44051badccb9,web,Android 9 (SDK 28),2019-07-27 05:23:32,1,,CL
D-06adc67408d9,android,iOS 17.5,2023-01-03 09:23:19,1,,CL
D-87400e681815,android,iOS 16.7,2026-04-26T15:44:16Z,1,,CL
D-c14b92866b2f,ios,Android 14; SM-A546E Build/UP1A,2023-10-31T02:30:22Z,2,0,CL
D-33ddda99867d,ios,Android 13,2020-01-23 23:40:54,1,0,CL
D-8ffc0853560c,ANDROID,Mac OS X 10_15_7,2024-05-29 13:18:21,1,1,AR
D-48fe190d2dbc,pos,Windows NT 10.0,14/08/2019 21:26,1,0,CL
D-d0abb177fcf2,android,Linux x86_64,2019-03-26 03:19:25,2,,CL
D-bdbc024ef17f,android,iOS 16.7,2024-05-31T03:36:45Z,1,,CL
D-ecbc8ef8b576,web,Android 9 (SDK 28),2026-06-02 06:24:10,23,,chile 
D-4370ed2e96b9,ios,Android 9 (SDK 28),11/02/2023 09:25,1,,CL
D-44ecc26511ae,android,Android 14,01/07/2026 20:04,2,,CL
D-862e9778b609,ANDROID,Android 14,2019-09-16 23:23:49-04:00,1,,PE
D-ec44c796ab47,ANDROID,Mac OS X 10_15_7,2025-05-24 08:37:33,1,1,cl
D-348ecaefd518,android,Android 9 (SDK 28),2022-08-21T14:37:57Z,1,0,AR
D-a15739e155d8,web,Android 14,2022-07-14 04:39:25-04:00,1,,chile 
D-661c026a2ec8,android,,2019-02-12 02:21:54-04:00,1,,CL
D-ed39402f0500,Ios,iOS 16.7,28/07/2025 16:35,1,,CL
D-6d14dd8b8fa5,pos,Windows NT 10.0,2023-11-02 10:59:08,1,,CL
D-cc8d2d573e41,ios,Mac OS X 10_15_7,2023-05-29 12:46:41,2,,CL
D-da72761f883e,ios,,23/04/2023 08:40,1,,PERU
D-05e0a8767747,android,Android 14,26/11/2025 08:33,1,,BR
D-34daa5d6ba2e,ANDROID,iOS 16.7,2020-06-17 22:24:26,1,0,Perú
D-1f0c24357750,android,Android 9 (SDK 28),2019-11-20 00:44:51,2,0,chile 
D-9f7778400288,ios,,2023-11-04 14:43:18,1,,CL
D-f0cca4adfe72,ios,Mac OS X 10_15_7,2023-01-15T07:58:46Z,1,,CL
D-515cc16818cc,POS,iOS 16.7,2020-05-19 11:27:49,3,,Chile
D-effeeb2864fe,ios,Windows NT 10.0,2021-01-11 21:58:28,2,,PE
D-f893e2133cea,pos,iOS 17.5,2025-07-04T06:56:31Z,1,,PE
D-82e2d102bd43,ios,Android 14; SM-A546E Build/UP1A,07/07/2026 06:54,1,,CL
D-3950f8598b33,ios,Android 14,2024-05-24 07:27:40,1,1,CL
D-394f0c7b0f6a,ANDROID,iOS 16.7,2025-06-16 17:53:01-04:00,1,,PE
D-d5ac6c2e47bb,ANDROID,Android 13,2021-08-02 01:00:20,1,0,CL
D-26ff13bff4e6,android,,2023-10-10 22:14:32,1,,CL
D-c87edbce4142,web,Mac OS X 10_15_7,2025-08-30T00:07:03Z,1,,CO
D-b2184e49bc8e,Pos,Android 9 (SDK 28),2019-03-23 17:31:34-04:00,1,,BR
D-b9a3b9b1e480,ios,Windows NT 10.0,2019-10-11 20:30:22-04:00,1,,CL
D-7384beb3a37b,web,iOS 17.5,2022-11-15 13:59:27,1,,Brasil
D-978e662c8ab1,ios,Android 14; SM-A546E Build/UP1A,2026-05-22 10:08:48,1,,chile 
D-b7606ea1b687,ios,Mac OS X 10_15_7,15/03/2019 19:24,1,,CL
D-0dd3f2b38560,Android,Android 9 (SDK 28),2019-03-30 01:26:05,1,,cl
D-d9810bdda3bb,ios,Windows NT 10.0,2024-07-02 18:32:49,26,,CL
D-f5f5f3d53093,web,Android 14; SM-A546E Build/UP1A,2020-05-15 03:43:59,1,,CL
D-24c1d23add1a,Ios,Android 13,2021-02-07T16:54:00Z,1,,CL
D-e3be6609d939,android,Android 9 (SDK 28),2025-07-15T23:21:57Z,1,,PE
D-e4dd4bd73882,web,Mac OS X 10_15_7,2020-08-11 19:53:30,2,,CL
D-b7eeab837bd4,ios,Mac OS X 10_15_7,16/05/2019 10:05,1,,RU
D-5ad4601be95b,ios,Android 9 (SDK 28),04/06/2023 22:06,1,0,CL
D-a6ec97816ad8,web,Android 14,2022-07-10 07:36:59,1,,CL
D-20471c2de243,web,Android 14,2020-05-13T18:09:11Z,1,,BR
D-ba2591f1b905,android,iOS 16.7,2022-02-24T07:52:28Z,2,,CL
D-d53e31022ea4,Android,,2020-12-06 06:26:18,1,,CL
D-1ba9aa9e931a,pos,Windows NT 10.0,04/03/2026 00:28,1,0,CL
D-b36a0ea1a94c,ios,iOS 16.7,2024-09-15 12:38:52,2,0,CL
D-40f4a84e71bd,web,iOS 17.5,2024-02-19 07:21:43,1,0,BR
D-118eb2006346,web,Android 14,2021-03-06 15:23:46-04:00,1,,chile 
D-e09e6515a1f1,web,Mac OS X 10_15_7,2026-02-08 02:07:58-04:00,1,,CL
D-6aadb804c2b0,web,iOS 16.7,2019-10-09T14:46:13Z,1,,CL
D-43cd90246491,android,iOS 17.5,2025-07-10T05:49:54Z,23,,CL
D-177ea163ef16,ios,Android 14; SM-A546E Build/UP1A,2019-05-04 10:29:54-04:00,1,,CL
D-7c3f247d50f2,android,Windows NT 10.0,2020-12-07 05:55:27,1,0,CL
D-e398dba1ccc1,ios,Android 14; SM-A546E Build/UP1A,2019-09-10 00:18:35,1,,CL
D-4244f81fb782,android,Android 9 (SDK 28),2019-02-07 04:02:06,1,,PE
D-25c0ae5fb54f,android,Android 14; SM-A546E Build/UP1A,2024-05-16 04:55:17,1,,CL
D-97f0fa8c8457,ios,Android 14; SM-A546E Build/UP1A,2023-09-11T11:44:25Z,2,,CL
D-3002b696b84f,android,Android 14; SM-A546E Build/UP1A,16/09/2023 13:41,1,,CHILE
D-fa3b45574097,web,iOS 17.5,2024-06-19T04:23:08Z,1,,CL
D-4727ac7ccd70,pos,Android 14; SM-A546E Build/UP1A,2024-02-11 04:10:07,4,,CL
D-112636e0ec7f,android,iOS 17.5,2022-06-12 10:38:04,1,,VE
D-5fcd70ccdcb4,web,Windows NT 10.0,2020-01-18 11:26:37-04:00,6,,CL
D-42c9c0406bf0,android,Android 9 (SDK 28),2025-01-15T09:38:07Z,1,,CL
D-5a427005942b,android,Android 14; SM-A546E Build/UP1A,09/06/2023 10:09,1,,CL
D-d97d8fdd7159,android,Android 14,2020-11-15 20:02:42-04:00,1,,CL
D-d1451ed47a4c,web,Android 9 (SDK 28),2025-05-22 16:37:47,1,,Brazil
D-c39bbb185901,ios,,2021-10-01T03:44:28Z,1,0,Colombia
D-e42d4393558c,ios,Android 13,2020-05-21T14:09:44Z,1,0,CL
D-95439cba34e1,ios,Windows NT 10.0,2022-01-24 04:21:45,1,0,CL
D-1f5e816e2602,Web,Android 14,2024-05-31 17:40:04,1,0,CL
D-512ec7b09935,android,Windows NT 10.0,2019-05-26 16:50:30,1,,CL
D-853f0cf6ba6a,ios,Android 9 (SDK 28),2025-04-21 06:30:03-04:00,1,,CO
D-c9d5ae51d6e7,android,Android 14; SM-A546E Build/UP1A,2023-12-14T12:09:34Z,37,,CL
D-768cf60cd145,android,Android 9 (SDK 28),2022-11-07 00:09:22,1,0,CL
D-790623092d89,Android,Android 14,2025-05-19 17:45:15,1,0,CL
D-f6f1d55f33f4,android,iOS 16.7,2025-05-23 21:40:35,1,,CL
D-89cc54238730,android,Linux x86_64,2025-08-27 16:44:59,2,,CL
D-2785866cf12a,Android,Windows NT 10.0,2019-05-19 01:49:03,2,,US
D-bbeaf36f5fed,android,Android 13,2026-02-24T12:02:20Z,1,0,CL
D-8deead6afd62,android,iOS 17.5,2019-06-27T00:01:52Z,1,0,US
D-9485f79e7cb4,ANDROID,Android 13,2022-12-14 05:28:40,1,,chile 
D-cf5bbc27097d,web,Android 13,2022-05-24 02:55:58-04:00,2,,CL
D-f8a911b5ef43,android,Linux x86_64,2020-06-24 12:39:53,1,,chile 
D-687c9a64ffb4,ANDROID,Windows NT 10.0,2019-06-03T16:58:49Z,1,0,CL
D-9226e1e2ebda,ios,Android 14,2023-07-04T23:20:22Z,1,,CL
D-5612dfc8952c,web,Linux x86_64,2022-11-27 22:47:25,1,,CL
D-b3f2bb8f11e6,IOS,Android 13,2026-01-21T20:19:13Z,1,,CL
D-2014ae95f5f1,web,Linux x86_64,2019-04-14T02:34:28Z,1,,BRASIL
D-6b1bdcb05fa5,android,Mac OS X 10_15_7,2019-11-08T10:02:58Z,1,0,CL
D-ff76318af554,ios,Android 13,2024-11-09T06:05:11Z,1,,CO
D-654deb1b86f4,web,Android 14; SM-A546E Build/UP1A,2026-05-29T05:21:24Z,1,,chile 
D-ed107c118737,android,Windows NT 10.0,2019-08-04 09:06:53,2,,CL
D-d7b115a7eb00,pos,Android 14; SM-A546E Build/UP1A,2022-11-15 06:08:28,2,,Argentina
D-8ccc3b577385,web,Android 14; SM-A546E Build/UP1A,2019-12-04T17:33:16Z,1,,PE
D-8079e947758f,android,Android 9 (SDK 28),2023-07-15T05:45:57Z,6,,CL
D-67c4bcd8907a,Ios,Windows NT 10.0,2026-02-28T15:15:58Z,1,0,CL
D-346c80927e56,Android,Mac OS X 10_15_7,2025-03-25 04:29:04-04:00,1,,USA
D-bde8d445d4fa,web,Linux x86_64,2024-11-03 17:16:19,1,0,EEUU
D-f72a89cf223d,android,iOS 17.5,2021-05-14 23:00:05,5,,US
D-732a35a4a501,android,Linux x86_64,2021-10-31 20:41:06-04:00,2,,CL
D-3efe92bea3b4,android,Linux x86_64,06/01/2022 12:53,1,,CL
D-9c4086eb79e7,web,Android 14; SM-A546E Build/UP1A,2024-03-04 09:11:44,2,,BR
D-60cf024153bf,WEB,Android 14,09/03/2022 18:15,1,,CL
D-8176b2d96496,android,Android 14,18/09/2025 13:49,3,,US
D-87bf10c36834,android,,2024-03-25 17:58:49,1,,BR
D-7879df5aa06d,ios,Windows NT 10.0,17/10/2021 17:39,1,0,CL
D-61629a9e2d28,android,iOS 16.7,2019-11-10 02:07:02,1,,CL
D-8237dc347620,web,Android 13,2024-06-05T17:04:34Z,1,,CL
D-802e55f5c98f,android,Linux x86_64,2022-02-13 21:38:05,36,,CHILE
D-fbb033aff08e,android,Android 14; SM-A546E Build/UP1A,2024-03-12T18:53:06Z,2,0,CHILE
D-68b5d4da4146,android,Android 14,2021-05-17 17:49:42,1,,BR
D-60f6205bba8e,ios,Android 13,2020-07-21T16:44:37Z,1,1,CL
D-47372d0deb5e,android,Mac OS X 10_15_7,2019-05-06 11:47:27,1,,CL
D-11b9d7b12edc,android,Windows NT 10.0,2020-01-09 19:46:11,1,,CL
D-520f7574301e,android,Linux x86_64,2026-03-29T23:12:10Z,2,,AR
D-48fa3ef18227,ios,Linux x86_64,2020-11-20T15:31:57Z,2,,CL
D-4eca317563ee,ANDROID,iOS 17.5,08/10/2025 00:14,1,,CL
D-1358e431cbe4,Web,iOS 16.7,2025-07-28 16:03:46,1,0,CL
D-474bfc84382d,android,Linux x86_64,2021-04-17T16:57:19Z,1,,CO
D-1268bf9847b0,ios,Linux x86_64,2019-10-18 20:49:05,1,0,CL
D-206932d52f7d,Ios,Android 14; SM-A546E Build/UP1A,2019-08-23 09:22:40,1,0,PE
D-7ee8986a956d,Ios,Windows NT 10.0,23/08/2023 08:17,1,0,CL
D-1d1547d58c6c,web,iOS 16.7,2021-02-09 12:01:39,1,,CL
D-b4052189bd71,ios,Android 14; SM-A546E Build/UP1A,2025-10-07 02:08:55,1,0,CL
D-4defda95ff66,ios,iOS 17.5,2021-05-26 14:00:03,1,0,CL
D-a3463d1f36e4,android,Android 13,2019-07-19 19:01:12-04:00,3,0,CL
D-13b724b937fe,android,,2024-05-02 07:37:22-04:00,1,0,CL
D-48b59ff6c8c5,web,,2025-07-12T14:17:21Z,1,,CL
D-71df934d2245,android,Mac OS X 10_15_7,2022-09-30 13:58:09-04:00,1,0, CL
D-0f1c8932a7a7,ANDROID,,2019-11-01T23:53:47Z,1,,CL
D-b683f1b7273c,android,Linux x86_64,2023-11-17T21:48:27Z,1,,CL
D-03340a3318df,pos,Windows NT 10.0,2024-01-27 02:58:56,1,,cl
D-3b6d88edb4d3,ios,Mac OS X 10_15_7,16/01/2019 20:35,1,,CL
D-696a33e01228,ios,Mac OS X 10_15_7,2020-01-05 03:57:01-04:00,1,,Chile
D-7aee7b4c888b,Android,iOS 17.5,2025-10-27 03:44:37,1,,CO
D-bbe200fa8bb0,IOS,Mac OS X 10_15_7,2019-07-18 20:12:49-04:00,1,,Chile
D-3f73fcd0bdae,web,Android 14; SM-A546E Build/UP1A,2022-11-20 18:04:43,5,0,CO
D-9755541fec03,web,Android 14,11/05/2024 04:23,1,,PE
D-4d1c8af9c242,ios,Android 13,2022-12-31 20:20:01-04:00,5,0,US
D-1f30f32603db,android,Android 13,2023-02-25T11:55:45Z,1,0,CL
D-e6b19525458a,Android,iOS 17.5,2023-03-27 10:12:22,2,,US
D-2f069172c128,android,Windows NT 10.0,2019-05-15 14:22:23,2,,CL
D-e4fee92911bb,web,Android 9 (SDK 28),25/02/2022 20:21,2,,CL
D-fb915d73b2b5,android,Android 14; SM-A546E Build/UP1A,2024-12-15T07:44:14Z,1,,CL
D-3f25e3fdeadb,android,Android 14,2026-03-29 15:35:02-04:00,1,0,CO
D-66cf29154a5c,android,iOS 16.7,18/07/2020 00:22,1,,RU
D-474df8851c3a,android,Android 13,2026-07-27 10:24:50,2,,AR
D-27d403c9d036,IOS,,2025-10-01 14:04:07-04:00,1,1,CL
D-0d4ac2ea557c,ios,,2023-07-10T14:09:20Z,1,,US
D-f62d762eb0bb,android,,2024-12-19 02:50:13,1,,chile 
D-1e1417450d62,ios,,28/10/2021 15:20,6,0,CL
D-eda46a25f132,ios,Windows NT 10.0,2021-08-03 07:08:06,39,,CL
D-18dde5d75582,Android,Android 9 (SDK 28),2024-06-30 16:40:34,1,1,BR
D-f9174e1d1a40,pos,Android 14; SM-A546E Build/UP1A,2020-04-12 05:45:57-04:00,2,,CL
D-dd282006593d,pos,,2020-02-11 05:35:54,2,,CL
D-c2657bd1f025,web,iOS 17.5,2025-05-19 02:35:39,1,0,CL
D-2b7b28008ce5,android,iOS 16.7,2022-12-14T06:51:33Z,1,,CL
D-4631a176ae88,Ios,iOS 17.5,2023-08-07T23:16:01Z,2,,Argentina
D-bbbceae65b2d,Android,Android 9 (SDK 28),2023-07-06T07:59:20Z,1,0,CL
D-6d01ad92da2d,Android,iOS 17.5,2024-01-01T06:37:17Z,1,,CL
D-d87c6ce05069,IOS,Android 9 (SDK 28),2025-06-19 14:06:37-04:00,6,,BR
D-d65ead80736c,android,Android 9 (SDK 28),2024-12-24 17:10:47,1,,cl
D-60158f42f5e1,ios,iOS 17.5,2020-04-29 07:24:23,1,0,CL
D-67ad3f2bea52,android,iOS 17.5,2025-09-19T22:21:46Z,1,0, CL
D-c868e07069b6,android,Mac OS X 10_15_7,2020-05-26 16:53:41,1,,NG
D-6c8a436695d8,android,Android 14,2021-10-06 21:06:32,1,,CL
D-823892f566c3,android,iOS 17.5,2019-06-02T11:24:38Z,1,,CL
D-993b324c028c,ios,Mac OS X 10_15_7,2023-05-14 20:52:04,1,,Argentina
D-53233b043e46,pos,iOS 16.7,2022-08-30 21:33:32,5,0,CL
D-280415676646,android,Android 14,2019-06-07 04:16:09-04:00,2,,chile 
D-ab0e16b7e21e,web,Android 14; SM-A546E Build/UP1A,05/08/2022 01:29,1,,CL
D-6fd188b97bd4,web,Mac OS X 10_15_7,2022-11-03T09:45:03Z,1,,CL
D-ba9d282ea9c1,ios,Linux x86_64,2025-01-06 22:18:00,2,,CL
D-ce78564c79d4,android,Android 13,2026-05-22 09:32:05,1,, CL
D-36f0f28489dd,android,Mac OS X 10_15_7,2019-11-25T10:57:01Z,1,0,chile 
D-f75e4e182c53,ANDROID,Windows NT 10.0,2023-05-10 23:20:39-04:00,1,,NG
D-0f12b0592989,android,Windows NT 10.0,2023-08-17T13:25:56Z,1,,CL
D-1c45084fdefd,ANDROID,Android 14; SM-A546E Build/UP1A,2025-04-02 16:09:16,2,0,CL
D-689e75efada2,IOS,Android 13,2019-03-15 15:23:51,1,,BR
D-86b26be6e69f,android,Mac OS X 10_15_7,2022-05-06T13:04:42Z,1,0,CL
D-0b5d34ad3cdb,Pos,Windows NT 10.0,2021-11-28 23:46:42,1,,CL
D-66301a3f17d6,ios,iOS 16.7,2020-09-13 21:10:40,5,,VE
D-6fa26e39cb1f,ios,Android 14; SM-A546E Build/UP1A,2025-04-16 02:27:57,1,,CL
D-45c35e89ffc0,android,Android 14,06/01/2019 16:37,2,,CL
D-a22e4697c939,ANDROID,iOS 16.7,08/07/2026 15:27,1,,CL
D-48bfbe0bb90c,ios,Mac OS X 10_15_7,2020-05-03 18:57:52,1,,CL
D-6a9c1932a564,android,iOS 17.5,2021-09-22 17:57:27,3,,CL
D-6117f2d1f2f2,web,Android 13,2020-11-28T12:23:44Z,1,,AR
D-819a50330744,android,Android 9 (SDK 28),2025-09-01 08:57:33,1,,CL
D-825476678baf,web,Android 14,2025-10-23T10:51:43Z,1,0, CL
D-17d93e91db1e,web,Linux x86_64,2023-07-21T07:35:10Z,1,,CL
D-7ebd89e84026,web,Android 14; SM-A546E Build/UP1A,2022-03-21 08:24:43-04:00,3,,BR
D-e8690cb1f80f,web,Linux x86_64,2023-10-20T14:20:01Z,1,,CL
D-68921c74d79a,android,iOS 17.5,2019-05-15 17:00:44,1,,CL
D-f882306e8843,ios,,2024-09-25 19:06:04,1,0,CL
D-9307542ad612,android,iOS 17.5,2020-03-08 13:11:11,1,,cl
D-f29dc6728d13,web,,02/07/2023 16:06,5,0,CL
D-1d081bc93545,Web,Windows NT 10.0,08/08/2023 20:57,2,,RU
D-b179b0604dcb,android,Mac OS X 10_15_7,2019-12-22 13:36:35,1,, CL
D-aa5a163ca207,Web,Android 14,2019-06-30T04:36:09Z,2,,CL
D-52f4ebf4b6e3,pos,Android 14; SM-A546E Build/UP1A,2022-08-13 01:25:11,1,,Brazil
D-ed38689ac081,web,,2025-10-08T07:20:52Z,1,0,BR
D-e7c8399cd8e2,ios,Windows NT 10.0,2019-12-18T22:43:17Z,1,,CL
D-d132b54128d5,ios,Windows NT 10.0,2026-02-03 04:53:59,2,,Colombia
D-4380006a79a8,IOS,Android 13,2023-01-10 08:58:56,1,0,CL
D-e5db49608267,ios,Mac OS X 10_15_7,2022-09-02 21:35:19,1,,AR
D-380f72d0525b,WEB,Android 9 (SDK 28),2020-11-03T16:48:02Z,2,0,CL
D-dc9cf271a689,android,Android 9 (SDK 28),16/04/2024 02:18,1,,Chile
D-10847da52877,ANDROID,Android 14,2023-09-02 23:37:28,1,,CL
D-bfea507ca003,android,Linux x86_64,2019-07-15T02:26:30Z,1,0,Chile
D-d0d2892adca4,android,Mac OS X 10_15_7,2020-12-08 11:19:40-04:00,1,0, CL
D-d1f799070c70,web,Android 14,2019-08-06 12:11:47,1,,BR
D-5977237652b0,Android,Windows NT 10.0,2023-04-28 07:55:52-04:00,1,,Chile
D-368b0d2f8316,android,Windows NT 10.0,2021-02-16T12:50:32Z,1,0,chile 
D-3cd871ea7d42,ios,Android 9 (SDK 28),2019-03-13T19:32:53Z,1,0,CL
D-bd08e790229d,android,Android 14,2025-04-03T20:34:17Z,1,,CL
D-138090fef6d1,ios,iOS 17.5,05/09/2019 07:12,2,,CL
D-9a80027040b0,ios,Linux x86_64,2020-01-16 00:37:35,1,,CL
D-37e05d4b277a,android,iOS 17.5,2020-05-03 16:59:18-04:00,1,0,PE
D-57e9f37edae1,android,Linux x86_64,2024-06-08T12:32:30Z,2,,ARGENTINA
D-69e8b0c69bdb,ios,iOS 17.5,2025-04-25 23:14:47,1,,chile 
D-3133cd2d1bb9,ios,Mac OS X 10_15_7,2020-01-02T07:45:34Z,1,0,CO
D-442d732f53ff,ios,Linux x86_64,2024-12-15 21:46:07,1,, CL
D-8cf796150db2,web,iOS 17.5,2025-12-30 03:27:55,6,1,CL
D-18a33b2b9d59,web,Android 9 (SDK 28),2020-08-02T17:46:24Z,2,,AR
D-fabaaadd7f22,ios,iOS 16.7,2022-04-13T23:36:51Z,1,0,CL
D-8c4f9121e03b,web,Android 9 (SDK 28),2024-01-04 19:28:43,1,,CL
D-5db6cf804ee3,android,Android 14; SM-A546E Build/UP1A,2022-04-08 16:53:28,1,1,AR
D-2465ac406cf6,android,iOS 16.7,2019-12-17 21:04:16,2,,CL
D-9706f4d391bd,ios,iOS 16.7,2024-10-15T16:43:35Z,1,,US
D-d9df5c61c2b3,ios,Mac OS X 10_15_7,2021-11-23 23:00:09,1,,CL
D-43c9eea2e8d3,WEB,,2025-10-08T20:10:08Z,1,,CL
D-80c5fd3d4c5e,android,Android 14; SM-A546E Build/UP1A,2022-10-19T00:16:25Z,20,0,CL
D-e8331ecc5491,android,iOS 16.7,2020-06-14 14:19:27,1,,CL
D-c78568c05c0d,Web,Windows NT 10.0,2026-02-14 20:21:15,1,,CHILE
D-3ae22ad77b26,android,Linux x86_64,2021-10-25 20:31:22-04:00,1,,cl
D-79dcc5b69ab4,pos,Mac OS X 10_15_7,2021-03-10 12:11:16,1,,CL
D-59f41c84c443,ios,Android 14,2024-04-25T23:56:45Z,1,0,cl
D-80563ae12092,android,Android 13,2025-10-18T03:38:11Z,33,0,CL
D-a949d9b9e5f2,ios,Android 14,2021-01-27 20:15:51,1,,CL
D-d0e53ee04d15,Ios,Linux x86_64,2020-10-10 02:54:27-04:00,1,,CL
D-d8bbc1ea77e8,ios,Android 13,2019-08-29 01:30:05,1,,cl
D-1d8c5b16dd83,android,Android 9 (SDK 28),2026-05-21T07:53:22Z,2,,cl
D-d05d5f51cbb6,web,Mac OS X 10_15_7,2020-12-28 22:07:31-04:00,1,0, CL
D-a32903661ffd,android,,2022-04-22 01:27:36,1,1,CL
D-e8ad1062c0c1,Ios,Android 14; SM-A546E Build/UP1A,2023-06-10 21:05:59,1,0,chile 
D-c2bc534c9baf,android,,2020-12-14T05:31:17Z,1,,CL
D-595f17adda40,Android,Android 9 (SDK 28),2021-03-17 23:06:05,1,,CL
D-4f7bd18d5881,ios,Linux x86_64,2020-04-12 10:55:41-04:00,1,,Chile
D-4a163245b68a,web,Linux x86_64,2021-11-19 22:36:22-04:00,1,0,CL
D-758a7dafe293,ios,iOS 16.7,2026-02-12 09:12:53,1,,AR
D-a60f6c5ea19a,web,Android 9 (SDK 28),2025-12-03T13:54:55Z,1,0,CL
D-334c37209ac4,WEB,Android 14,2023-05-15 12:12:42,1,,CL
D-06de7f946919,android,Mac OS X 10_15_7,2022-08-17 18:15:02,2,,CL
D-1dafa1fd5049,ios,iOS 17.5,2025-07-03 18:47:35-04:00,1,,CL
D-f4e5ff0aa15f,android,Android 14,2019-07-21T03:01:53Z,3,,AR
D-7dfa85dbad30,ios,Android 13,2025-10-17T21:10:46Z,1,0,Russia
D-ca063b7ac0ce,ios,Windows NT 10.0,2023-08-30 06:31:33,1,,CL
D-b7a99ecd1e66,Ios,Android 9 (SDK 28),2021-02-15 20:39:43,1,0,CL
D-b08f9865936f,ios,,2021-09-17 15:47:57,1,0,CL
D-6f9df974b9a2,ios,,2019-11-22 18:06:46,1,,CL
D-7506f65b70c1,android,iOS 16.7,2026-02-06T22:25:13Z,1,0,CL
D-3d0a58d4c5d1,ios,Android 14; SM-A546E Build/UP1A,2019-12-04 05:32:01,1,0,CL
D-a3898328040e,android,Android 13,2022-06-04T10:37:27Z,1,,AR
D-e62237c5270a,ios,Mac OS X 10_15_7,2023-11-17T01:10:07Z,1,,CL
D-c737c861633b,ANDROID,Windows NT 10.0,2019-03-02 03:15:27-04:00,4,,BR
D-ee0e220cdc0e,web,,2021-01-19 19:58:03,1,,CL
D-63e952b17f35,android,Windows NT 10.0,03/10/2023 12:12,2,,CL
D-a5ee35942962,web,Mac OS X 10_15_7,2019-11-09 01:17:33-04:00,1,,CL
D-48739f8b4c4b,ios,Android 13,2023-09-15 03:03:10,2,,CL
D-955d3d2a3e06,android,Android 14; SM-A546E Build/UP1A,2023-04-02T02:53:42Z,1,,CL
D-16e1dbb4d40e,android,Mac OS X 10_15_7,2024-05-12 17:01:18,1,,BR
D-290d93c2ecf8,web,iOS 16.7,2020-07-16 21:31:46,1,,CL
D-515841067757,Ios,iOS 17.5,2021-09-08T07:05:46Z,1,,CL
D-8cb1e320d20a,IOS,Android 14; SM-A546E Build/UP1A,2023-04-01T18:46:59Z,1,,CL
D-303c377e4e11,web,iOS 17.5,2024-06-10 05:56:59,1,0,US
D-567b70456908,pos,Android 9 (SDK 28),18/01/2020 21:32,1,,CL
D-f9d4fe30a1d8,web,Android 13,2021-06-30 15:48:30,1,,CL
D-82c4e5f477ec,ios,Mac OS X 10_15_7,2022-05-13T20:54:32Z,2,0,CO
D-635a0bd31c54,web,Mac OS X 10_15_7,2025-09-05T19:24:54Z,1,,CL
D-3e7d948489e3,web,,2021-12-22T01:27:30Z,1,, CL
D-2fe43fc9c963,android,Linux x86_64,2023-09-13 06:36:27,2,0,CL
D-ad2c10ca98d6,android,Linux x86_64,2026-04-24T23:23:28Z,1,,cl
D-c65d6d65cf2e,web,iOS 16.7,2019-07-29 04:15:55,2,,AR
D-0b0704c64a0a,Ios,Mac OS X 10_15_7,2024-06-28 10:51:05-04:00,1,,PE
D-51e2317e3423,web,Android 13,2025-04-30 11:24:53,1,, CL
D-0c2432fe0107,web,Linux x86_64,2020-02-18 18:04:02-04:00,1,,CL
D-6afb78f61a46,ios,iOS 17.5,2026-02-02 01:20:33,1,1,BR
D-760bf0db5f9c,web,Android 14; SM-A546E Build/UP1A,2025-12-16 23:50:45-04:00,1,0, CL
D-c51f64d29043,android,Linux x86_64,13/12/2025 18:00,1,0,CL
D-69beb94b0925,android,Android 9 (SDK 28),2022-11-09 05:04:03,1,,CL
D-7b4bc9c1ac7e,ANDROID,Windows NT 10.0,2020-08-25T21:51:34Z,1,0,Russia
D-a087950edb94,android,Linux x86_64,2019-11-12 07:05:42,1,,Chile
D-d769697ab69c,ios,Mac OS X 10_15_7,2022-03-26T19:58:57Z,1,,CL
D-302f3284588b,web,Linux x86_64,2019-12-20 07:21:13-04:00,4,0,CHILE
D-1660f7bb4dde,web,iOS 17.5,2025-08-15 14:50:26,1,,CL
D-f36c6422f226,Web,Mac OS X 10_15_7,2026-01-27 00:09:36-04:00,2,0,CL
D-405682e80922,ios,Windows NT 10.0,2020-05-16 14:24:09,1,1,CL
D-e5065e8469f2,ios,iOS 17.5,17/04/2019 03:08,2,,CL
D-657d6e50d396,web,,08/03/2023 00:53,1,0,CL
D-3da303294aef,ios,Mac OS X 10_15_7,2020-10-29 08:08:55,1,,CL
D-3665e14e5150,ANDROID,Windows NT 10.0,2021-06-28 07:48:48,1,,US
D-1b5200545953,ios,Android 9 (SDK 28),2024-06-26 17:36:14,1,,cl
D-4f694bd4232d,android,Mac OS X 10_15_7,2019-06-05 17:13:40,1,,CHILE
D-9c0d1c98dbac,android,Android 9 (SDK 28),2023-04-08 09:13:00,1,0,CL
D-0354e8a7a2be,ios,Windows NT 10.0,2022-04-01T19:08:18Z,6,,Estados Unidos
D-8ba9c540de2b,android,Android 13,2024-09-01T19:47:50Z,1,1, CL
D-45cb9b3622ed,ios,Linux x86_64,2024-01-25T08:55:53Z,1,,US
D-db39a222eafa,android,Mac OS X 10_15_7,2020-11-06 01:31:56,1,,Nigeria
D-442f4083c67b,ANDROID,Mac OS X 10_15_7,2021-12-06 10:59:10,1,,chile 
D-4b4a2f746f1d,android,iOS 16.7,27/04/2023 23:11,1,,CHILE
D-fccaa67c3a1f,android,iOS 16.7,2023-11-03 16:13:39,1,,chile 
D-6c644ac37623,ANDROID,Linux x86_64,2019-09-06 19:06:03,1,0,cl
D-03f378f958f0,ios,Android 14; SM-A546E Build/UP1A,15/08/2023 00:22,1,,CL
D-18911b47ad1d,ios,Windows NT 10.0,2024-03-21 07:25:00,1,0,CL
D-9ea7e4a71c72,android,Linux x86_64,2025-11-03 09:59:02,1,,CL
D-4abd9d39215a,android,Windows NT 10.0,2024-11-05T08:08:38Z,1,,cl
D-7a69cb15f6ae,ios,iOS 16.7,2021-02-04T22:31:05Z,1,,CL
D-c44e7fe5ea64,android,Mac OS X 10_15_7,2019-05-20 05:15:01,1,0,CL
D-8f43770f9ed6,ios,Android 14; SM-A546E Build/UP1A,2023-12-20 01:48:13,2,0,CL
D-b20541c2f5b0,Android,Android 13,2022-07-31 15:13:16,1,,CL
D-7374a45fc385,ios,,21/01/2025 16:13,2,,CL
D-0990cc8dc935,Web,Android 9 (SDK 28),2020-03-18 01:20:26,1,,CO
D-f400800c2412,android,iOS 17.5,2023-07-05 20:26:03,2,1,cl
D-4243cced99df,web,Mac OS X 10_15_7,2026-03-21 03:33:26-04:00,1,1,CL
D-4c0e42b6b7a0,ios,Linux x86_64,2021-10-01 00:27:28-04:00,2,,CL
D-42e999ed52c9,Pos,Android 14; SM-A546E Build/UP1A,2019-06-20 23:42:06-04:00,1,0,CL
D-abb0f58eaa46,android,Mac OS X 10_15_7,2023-10-29 06:48:47,1,0, CL
D-db34320db556,web,Linux x86_64,09/04/2026 15:12,1,,CL
D-21239987db50,ANDROID,iOS 16.7,23/11/2020 21:09,1,,CL
D-7061d0b35e21,android,Android 14,2021-07-10 23:22:28-04:00,1,,cl
D-7ada7f9fd316,android,Android 14; SM-A546E Build/UP1A,2023-10-01 08:13:32,1,,CL
D-632bb230382d,ios,Mac OS X 10_15_7,2025-01-23 20:26:40-04:00,1,0,CL
D-284b24687591,ios,Android 13,2024-04-18T17:58:27Z,32,,CL
D-19cfaf832c76,ios,iOS 16.7,2024-02-19T01:39:04Z,1,0,CL
D-68f74e8799c4,Ios,Linux x86_64,2022-10-25 03:01:36,1,,CL
D-a2f74e2ac51f,ios,Android 14,2020-09-26 17:41:31,1,0,CL
D-6c0923b08d81,pos,Linux x86_64,2025-08-12 07:01:56,1,,cl
D-39024599c8d6,Web,Android 14; SM-A546E Build/UP1A,04/04/2026 23:41,1,,CL
D-b055f9584207,pos,Linux x86_64,2019-11-05 15:24:06-04:00,1,0,Venezuela
D-2eb58ab65945,ios,Windows NT 10.0,01/07/2025 07:25,1,,CL
D-88e2a53c232a,IOS,iOS 17.5,2019-03-11 10:08:22,2,,BR
D-f4fc19b44bc4,android,Android 13,05/07/2025 12:39,26,,CL
D-f504157f243f,android,iOS 17.5,06/03/2025 05:28,2,,PERU
D-b9460edd3da9,ANDROID,Linux x86_64,2020-04-21 03:34:34,1,0,Brasil
D-c8919452cc00,Ios,Mac OS X 10_15_7,2026-02-08 01:30:07-04:00,1,,CL
D-1fc65b2fc054,web,Linux x86_64,29/09/2021 14:40,1,,BR
D-3161c870db8a,web,Android 9 (SDK 28),2019-05-12 18:31:00,2,,PE
D-aae2586593d4,web,Mac OS X 10_15_7,2023-07-15 23:58:31,1,,CHILE
D-884b59af6671,ios,Android 14; SM-A546E Build/UP1A,2026-05-18 10:23:55,1,1,CL
D-05539ce8f755,Web,Android 9 (SDK 28),2019-11-16 04:49:14,1,0,CL
D-71697dc9016d,android,iOS 16.7,2024-05-14 05:56:42,2,,CL
D-f26ca6a49711,ios,Android 13,2024-12-31T16:34:50Z,1,1,US
D-dd92c1da83e6,ios,Android 14; SM-A546E Build/UP1A,2021-11-21 01:34:08,1,,AR
D-698eb0454dee,android,Android 14; SM-A546E Build/UP1A,2023-07-02T12:54:30Z,1,0,CL
D-fea7165b7323,web,Linux x86_64,2021-12-23 03:50:48,1,,CL
D-f1c3ec8c236a,ios,iOS 16.7,2020-11-18 16:16:51,1,,chile 
D-dcbdb46e24e1,Android,Android 14,2022-05-10T06:15:38Z,1,1,CL
D-125347192f1c,ANDROID,Mac OS X 10_15_7,10/11/2019 14:19,2,0,Russia
D-748a32d8bb7a,android,Linux x86_64,2021-04-29 13:46:52,1,0,CL
D-13e96c94f7ec,ios,,2025-09-03 16:54:00,2,,CL
D-501815b32098,ANDROID,iOS 17.5,14/10/2022 16:12,1,,CL
D-9f582643a668,web,Android 9 (SDK 28),2019-08-01 23:26:58,1,0,Rusia
D-0cf844c639cf,android,Android 13,09/03/2025 19:15,1,0,BR
D-0c3f4d0a4ffa,ios,Windows NT 10.0,2025-05-08 21:17:34-04:00,1,,BRASIL
D-6b3f82a0dfe1,android,Android 14,2019-09-18T19:20:11Z,1,0,ARGENTINA
D-44192c0e499e,android,Android 14; SM-A546E Build/UP1A,2021-11-19 00:04:38,1,0,PE
D-0b71f489eff8,ios,iOS 17.5,2023-10-24 07:55:01,1,,RU
D-b7e0622f78c5,android,,2019-04-13 19:25:01,3,,CHILE
D-232fafbcbf46,android,Android 9 (SDK 28),2020-03-03T11:05:25Z,1,,CL
D-2ff9bec3d1e9,Android,,2025-05-06 10:28:40,1,0,AR
D-134fde8e89bf,Web,iOS 16.7,2023-05-30T18:57:20Z,1,,EEUU
D-5325d997edb8,android,Linux x86_64,2023-06-11T11:53:51Z,26,,US
D-7ac98e509d86,pos,Windows NT 10.0,2024-02-14T22:03:55Z,1,,CL
D-0203c627b9b3,pos,iOS 17.5,13/02/2020 00:00,1,,AR
D-ccc20a8405fb,Android,Mac OS X 10_15_7,2022-08-07 18:13:49,5,,CL
D-4c11e0698a9a,ANDROID,Android 13,10/08/2025 06:22,1,,CHILE
D-c436a7adb040,web,Android 13,2025-09-11 09:11:37-04:00,1,0,Argentina
D-b5dd53d3b38e,ios,Android 13,2021-01-25T15:13:09Z,11,,CL
D-96104710cf1f,pos,Android 9 (SDK 28),2021-01-26T17:07:01Z,1,,AR
D-32e0481e5761,Ios,,2024-10-09 10:15:18,1,,CL
D-36024a4bcf0d,web,Android 14; SM-A546E Build/UP1A,2021-04-23T23:40:48Z,1,0,CL
D-debe9c31d102,android,Linux x86_64,2021-10-29T11:43:16Z,1,,CL
D-f3d32dafbfde,web,iOS 16.7,2025-07-18 00:57:32,34,,CL
D-a1b55a9ed026,android,Android 14,2019-04-02 19:19:32,1,0,CL
D-da557ea2d635,android,Linux x86_64,24/06/2019 13:28,13,,CL
D-da66d3e142bc,web,Mac OS X 10_15_7,2022-05-26T08:35:43Z,1,,CL
D-17b7b176cfa8,pos,Android 13,2023-10-30 21:51:58,2,0,NG
D-6e23b9524f6d,Android,Linux x86_64,31/12/2019 08:18,1,0,CL
D-3d3de9e9601e,ANDROID,Android 9 (SDK 28),2021-06-08 03:25:38-04:00,1,,CL
D-03b15cc0282e,android,Android 13,2023-07-25T07:29:50Z,1,,Chile
D-8383ffcf3f36,android,Mac OS X 10_15_7,2021-01-08 12:25:43-04:00,1,,NG
D-db3ad2456bb2,ANDROID,Mac OS X 10_15_7,2025-01-11 16:39:46-04:00,1,0,VE
D-5b45fbbd26e3,pos,,2019-10-16 20:06:40,1,0,AR
D-c7a3e5626df0,web,Android 9 (SDK 28),2020-04-26 05:15:00,1,0,CL
D-3be7a43ceaeb,pos,Android 14; SM-A546E Build/UP1A,2021-04-21T16:44:50Z,1,,CL
D-f4a26e57f744,web,Windows NT 10.0,2022-02-08T02:39:33Z,1,,CL
D-761880f009df,android,Android 14,01/06/2021 19:11,1,,CL
D-0925c336a020,web,iOS 17.5,2024-11-19 00:54:08-04:00,4,,NG
D-5879797b8120,Ios,Windows NT 10.0,2026-07-14 13:28:25-04:00,1,,CHILE
D-9e5c84f116b5,ios,iOS 17.5,2022-02-07 13:55:38,2,0,CL
D-f6278b0bd4de,ios,Android 14,2020-07-03 06:56:32-04:00,2,,CL
D-0c4512c61c5b,android,,2024-08-06 06:44:25,1,,CL
D-95dcaade60e4,web,Android 9 (SDK 28),2021-10-14T03:52:30Z,1,, CL
D-dbda0c875e47,pos,Android 14; SM-A546E Build/UP1A,2024-10-25 14:50:27,1,,CL
D-aa33822010d0,android,Linux x86_64,2019-03-12 03:48:39,1,,Brazil
D-bda535dc638f,android,,2026-01-20 13:58:19,2,,ARGENTINA
D-72a007aeb300,android,Android 14,27/10/2022 15:02,1,0,PE
D-83a37bca3c86,web,iOS 17.5,2023-06-11 14:22:19-04:00,1,,CL
D-c69506e3e9c1,ios,,2022-05-07 02:43:44,1,0,CL
D-d962a3d44e1f,Android,Android 9 (SDK 28),2019-03-02 19:54:20,1,, CL
D-1a1d876f4a7c,pos,iOS 17.5,2019-09-11T01:39:24Z,1,0,chile 
D-d404845d34e1,web,Windows NT 10.0,26/02/2019 10:49,1,,Chile
D-43960234d113,android,Android 13,27/07/2026 11:36,1,,CL
D-f8fae84577b9,Android,Android 14,2021-12-20T14:49:35Z,1,,CL
D-41a0808f93c7,ANDROID,Android 9 (SDK 28),2025-09-07T01:08:52Z,1,,CL
D-5d5a24fa622e,web,Android 14; SM-A546E Build/UP1A,2020-11-25T10:20:25Z,1,0,CL
D-2be31fdd09c2,web,iOS 17.5,2019-07-20T21:02:32Z,1,,CL
D-5c3037aab2e2,web,Android 9 (SDK 28),2022-01-18 06:34:43,1,,CL
D-58e5369b382c,ios,Mac OS X 10_15_7,2026-06-22 12:59:41,2,,CL
D-825202e4d01d,android,Windows NT 10.0,06/03/2020 21:47,1,0,Nigeria
D-457009a3a6ab,pos,iOS 17.5,2023-01-23T21:40:32Z,1,0,CL
D-c6f758f5437b,android,Android 14,2020-04-29T04:59:22Z,1,,CO
D-eb54da18c6dc,ios,Android 14,2024-09-27 06:10:39,1,0,CL
D-3848b9bdafa3,ios,,2026-02-22T11:17:06Z,2,,CL
D-edf0209616fc,web,Android 14; SM-A546E Build/UP1A,06/04/2022 23:08,1,,CL
D-0db89ca854ff,web,Windows NT 10.0,2019-11-22T18:11:30Z,2,,RU
D-f6148e5f6e31,ios,,2023-09-17 19:24:15,1,,CL
D-a22e86b676d6,pos,Linux x86_64,2025-03-11 01:35:35,1,,USA
D-bf12838031da,android,Linux x86_64,2022-09-28 19:19:09,29,,USA
D-fa511576c6cb,web,Mac OS X 10_15_7,2025-02-12 10:49:15,1,,PE
D-772a852116b4,android,Android 14,2021-09-13 15:49:01-04:00,1,,CL
D-ee0bc2ab3ce7,web,iOS 16.7,2020-12-17 11:35:23,1,0,Russia
D-6633cb880151,web,iOS 17.5,2021-10-16 23:31:28,2,,CL
D-b2bb00f1a46b,ANDROID,Android 14,2022-08-16T11:11:19Z,1,,CO
D-08044a7fa79f,android,Android 13,06/05/2023 14:53,1,0,BR
D-aa9444d1fd26,web,Android 9 (SDK 28),2024-08-12 05:27:37,1,,CL
D-90defca47552,android,iOS 16.7,2019-10-03 00:18:53,1,,CL
D-ee618d333c1d,Android,Mac OS X 10_15_7,2019-06-15 23:43:41,1,,CO
D-7a4fb1359313,android,iOS 17.5,2026-05-14 05:02:29-04:00,1,,Argentina
D-24ca0de38b46,ANDROID,Android 9 (SDK 28),2023-07-07 03:12:11-04:00,1,, CL
D-f0f4512286fd,ios,Android 9 (SDK 28),12/12/2019 15:00,1,,US
D-fdff66724b4d,Ios,iOS 16.7,2020-09-13 11:23:58,1,,CO
D-74d4271d8dc0,android,Windows NT 10.0,2023-06-27 01:16:42-04:00,2,,CL
D-ee838108b516,android,iOS 17.5,2021-12-09T03:27:34Z,7,0,EEUU
D-edb665a3836e,android,Linux x86_64,2026-04-02T15:40:31Z,1,,CL
D-b15376247514,Android,Android 9 (SDK 28),2025-04-26 09:55:54,1,,chile 
D-2b1a9d418a6c,ios,,2020-08-02 14:58:00,1,,CL
D-da3508659b8a,web,iOS 16.7,24/03/2026 01:23,30,0,CL
D-4858df463c3b,android,Android 14,2023-02-03 21:32:53,1,,CL
D-60361bbd6006,web,iOS 17.5,2019-04-25 14:19:20-04:00,1,,CL
D-4642ec70335a,android,Android 14; SM-A546E Build/UP1A,2021-10-11 12:10:55,1,,cl
D-7987e9d99df3,ios,Windows NT 10.0,2021-05-04 12:14:35,1,,Chile
D-5698350a63b5,web,,2021-03-01 21:13:48-04:00,1,0,CL
D-da3a9ce69b22,POS,Mac OS X 10_15_7,2020-03-22 06:02:34,1,,CL
D-6fec8bcb919e,ios,Android 13,2024-06-03 18:30:50-04:00,2,,PE
D-b0c7c5a3082b,ios,Android 13,2024-10-24T13:05:34Z,1,,CL
D-a0ebbea23e91,web,Android 13,14/10/2020 19:26,1,0,CL
D-c89fac12c5a9,pos,Android 13,2025-04-15 18:36:28-04:00,1,0,CL
D-8999d225a213,android,iOS 16.7,04/04/2024 16:33,1,,CL
D-b249dd184111,android,iOS 16.7,2024-08-31 20:30:16,5,,Chile
D-3cec9d7c5c5a,Ios,Android 14,2022-05-08 00:43:42,4,,cl
D-3ff5c2cad346,pos,Android 9 (SDK 28),2021-06-21 18:12:24,2,,CL
D-685d48eaf885,pos,iOS 17.5,2021-10-02 02:44:50-04:00,1,,CL
D-45e07fde60e6,android,Windows NT 10.0,2021-06-25 10:00:37-04:00,1,,BR
D-51f1ee22954f,web,,2023-01-12 22:37:00-04:00,1,0,cl
D-76ac234af3de,Ios,Mac OS X 10_15_7,2019-12-15T22:07:17Z,1,,CL
D-cb2d72daaee3,ios,,2024-12-16 08:41:47,1,0,CL
D-632b949c2102,web,iOS 17.5,30/07/2026 04:38,1,,BR
D-5e2f966dfea0,ios,Android 13,2023-08-10 13:53:21,1,,CL
D-adacfece1eea,web,Android 9 (SDK 28),01/10/2020 00:57,1,0,CL
D-8d7956d2a07d,Android,Android 14,2020-09-18 08:34:33-04:00,1,,CL
D-acae6b2859d1,android,Linux x86_64,06/05/2020 21:04,1,, CL
D-4efd54208212,android,,2020-05-24T07:42:21Z,1,1,cl
D-0029b7a3b369,android,Android 13,2020-08-26 05:12:18-04:00,1,0,CL
D-edd9a661ec86,WEB,Android 9 (SDK 28),2026-07-19 10:40:47-04:00,1,,CHILE
D-b1366100251d,android,,2021-10-10 19:29:53,1,0,Venezuela
D-595af094c6ee,ios,Windows NT 10.0,2019-05-02 15:00:23-04:00,1,0,CL
D-3a96e3bfae8e,pos,Android 13,2020-10-20T18:28:52Z,5,,PE
D-19b358fd161e,IOS,Windows NT 10.0,2025-04-13 08:49:23,1,0,Venezuela
D-289cff78780c,android,Android 9 (SDK 28),2021-03-25 05:29:28,1,1,CL
D-db7e9317bf56,android,Linux x86_64,2024-11-07 02:52:06,1,0,CL
D-deddc2932e45,web,Windows NT 10.0,2020-07-20T04:15:20Z,1,, CL
D-09e9e0c7883b,ios,Mac OS X 10_15_7,2020-08-09 20:06:18,1,,CL
D-ca776cc24f90,IOS,Android 14; SM-A546E Build/UP1A,2020-09-03 13:06:34-04:00,6,,CL
D-8a0d58283ed2,ios,Android 14; SM-A546E Build/UP1A,2022-04-14 18:57:06,2,,BR
D-f4d82575065b,ios,Windows NT 10.0,2023-03-01 01:48:08,1,,CL
D-8a223f8d89ce,Android,Android 14; SM-A546E Build/UP1A,2019-11-25T04:09:09Z,1,,CL
D-2d8dd09af7f2,ios,Android 14; SM-A546E Build/UP1A,10/01/2024 09:57,1,0,CHILE
D-0328f4630c6f,web,Android 14; SM-A546E Build/UP1A,2021-07-22 13:40:32,2,,CL
D-f0084c057821,ios,,2024-06-17 17:15:28,1,0,CL
D-a7eb4e14d37b,android,Linux x86_64,2020-07-27T20:53:06Z,1,,CL
D-da671dada43c,ios,iOS 17.5,2020-02-15 15:14:45,1,0,chile 
D-283890e88275,web,Android 9 (SDK 28),08/10/2020 18:24,1,,CL
D-689ccfec120f,ios,Android 13,28/12/2019 15:21,1,,CL
D-32ad45efb25e,IOS,Android 13,2026-03-12 04:19:13-04:00,1,,Chile
D-fc4777c413ec,android,Mac OS X 10_15_7,2022-10-04 09:23:11-04:00,1,,CL
D-0682873cc855,ios,iOS 16.7,23/09/2019 16:35,1,,CL
D-d42599024129,android,Android 14,2021-05-13 11:02:51,1,,CL
D-60298bb9c015,ios,Android 14,24/09/2020 23:44,1,,CL
D-9d5dd9608fbe,ios,Android 14; SM-A546E Build/UP1A,2025-12-08 20:37:25,1,0,cl
D-1f38873b9e6e,Web,Android 14; SM-A546E Build/UP1A,2024-08-27 13:52:40,1,,CL
D-d012d95bbb40,android,Mac OS X 10_15_7,2023-03-25 17:14:10,1,,BR
D-384f44c49e2b,web,Mac OS X 10_15_7,2021-01-17T16:08:14Z,2,,CL
D-09bc8f17773b,ios,iOS 17.5,2024-02-28T17:39:27Z,2,,PE
D-aac248bcf8a0,ANDROID,Windows NT 10.0,05/08/2022 09:13,1,,CO
D-45e6519b107c,android,Android 14,2024-11-06 18:50:05,2,,AR
D-b1998d676111,ios,Linux x86_64,2019-01-22T17:02:05Z,1,,CL
D-3b0b7f30fc6d,android,Android 14; SM-A546E Build/UP1A,2019-07-13T17:08:07Z,1,0,CL
D-1b9ff88378e5,ios,Mac OS X 10_15_7,2019-11-15 16:57:04,1,,Peru
D-601c2110fe77,web,Linux x86_64,2025-03-01 08:28:18,3,,CL
D-934bdeacfed5,android,Linux x86_64,2023-01-13 14:37:04,1,0,AR
D-a5e71e86861f,android,Android 14; SM-A546E Build/UP1A,25/06/2026 10:57,2,,CHILE
D-ffd3462f519a,android,Android 14,2023-04-16T03:02:09Z,1,,chile 
D-aa21ccadc78f,android,Linux x86_64,2019-04-19T14:53:57Z,34,,CL
D-0976c343e90f,android,Android 14; SM-A546E Build/UP1A,2025-12-10 07:00:35,1,,Nigeria
D-280663e3c7ef,ios,Android 14,2023-12-07 22:34:10,1,0,CL
D-fb826fa89471,android,iOS 16.7,2019-05-05 01:06:52,2,, CL
D-628358578791,android,Android 13,2019-05-11T08:15:07Z,1,,CL
D-6795670b5d48,android,,2022-09-30 19:14:03,1,0,CL
D-8c8192af1caf,android,Windows NT 10.0,2023-02-19 03:16:19,1,,ARGENTINA
D-d839984a1ab7,ios,,2020-08-05 00:51:24-04:00,1,0,CL
D-2dfee625c810,web,Android 9 (SDK 28),2023-11-01T09:11:21Z,1,0,CL
D-3abb791ae4d6,android,Android 9 (SDK 28),2021-01-26 11:30:01,1,,CL
D-94b521b843a9,ios,Android 9 (SDK 28),2020-05-18T20:08:21Z,6,,CL
D-a5c4be982d03,ios,Android 9 (SDK 28),2022-08-31 12:27:46-04:00,1,,cl
D-f288e779e7a1,ios,Android 9 (SDK 28),2021-04-10 05:10:09,1,,CL
D-acb71525a2c2,android,iOS 16.7,16/05/2024 00:27,1,,CL
D-047ea77b6b3e,pos,Android 14; SM-A546E Build/UP1A,17/05/2024 16:21,1,0,CHILE
D-5fbb9388a739,ios,iOS 16.7,2023-06-27T20:40:35Z,1,0,CL
D-7ea9aaa5c4e2,ios,Android 13,2021-08-26T14:25:54Z,1,,Chile
D-a458ab734f06,android,Android 13,2020-01-31 11:04:45-04:00,1,,Russia
D-515a58fd7d7c,web,Android 13,2022-06-05 10:54:51,1,,CL
D-1bd23184e1cc,android,,2023-02-27 14:44:45-04:00,1,,chile 
D-0ac9b712faf7,ios,iOS 17.5,2023-05-27 10:07:35,2,,CL
D-43c17ee8d04b,ios,Linux x86_64,2024-12-28 01:32:33,1,,CL
D-c19533f15a2f,ios,Android 14; SM-A546E Build/UP1A,2022-05-08T09:09:13Z,1,,CL
D-cb5d845cf300,ANDROID,Mac OS X 10_15_7,2022-05-23 04:54:41,2,,CL
D-83839d19d6b0,android,iOS 17.5,2021-04-28T04:17:26Z,2,,PE
D-cdce1eccc858,android,,2023-11-30T07:56:42Z,1,0,CL
D-2e35c6681843,ANDROID,Android 9 (SDK 28),2021-09-02 12:53:42,1,,PE
D-aa565264ab5d,ios,Android 14,2020-08-20 04:03:00,1,0, CL
D-13be79094967,pos,Android 13,2021-09-03T11:14:52Z,4,0,Chile
D-bab04dbb39bf,web,Mac OS X 10_15_7,12/01/2022 08:04,1,,VE
D-3e9a12714afc,Pos,Android 9 (SDK 28),2020-03-27 12:25:01,2,,CL
D-20de8f0b9a55,android,Linux x86_64,2026-06-01 22:40:53,1,0,CO
D-05903bf7c81b,web,Mac OS X 10_15_7,2025-08-26 18:22:32-04:00,23,0,PE
D-40664f6033fa,web,iOS 17.5,08/04/2024 09:54,1,,CL
D-9c49b922ff9b,android,,2023-02-06T01:36:01Z,1,,CL
D-0e4059abaa1d,pos,Android 13,2022-03-27T00:22:17Z,1,,CL
D-0f9adcb299cc,android,Windows NT 10.0,2025-07-22 03:20:46-04:00,1,0,Chile
D-8761d0b35634,android,iOS 16.7,23/10/2021 06:57,4,0,US
D-67938d843341,web,Android 14; SM-A546E Build/UP1A,2023-08-08 19:04:43,1,,CL
D-e197c9a1b0e8,android,Android 14; SM-A546E Build/UP1A,2025-12-13 21:42:24,1,,CL
D-d08f1c988ed8,android,iOS 17.5,22/04/2025 09:59,1,,cl
D-5271af97dea9,Android,iOS 16.7,2019-02-04T15:14:20Z,1,,CL
D-37fb32c9c9d2,ios,Linux x86_64,2025-12-23 19:41:46,1,,CL
D-cea7abb14e04,android,Android 14; SM-A546E Build/UP1A,2022-10-12T02:55:36Z,1,,US
D-c6d6c0ea612d,ios,,2022-03-13 04:07:28,1,,CL
D-3593a9981344,android,Windows NT 10.0,21/11/2022 18:22,1,,CL
D-64437ecf4d4f,ios,Windows NT 10.0,2021-07-26 04:59:06,1,,chile 
D-c87c18ca0a46,ios,Windows NT 10.0,2022-07-12 06:46:29,2,,CL
D-49ada9f2a18c,web,Mac OS X 10_15_7,2021-06-13 10:32:54,1,,CL
D-56f0718f7e49,android,Linux x86_64,2025-12-01 21:31:53,1,0,CL
D-9067f61bac45,web,Mac OS X 10_15_7,2022-08-11 21:22:10-04:00,23,,CL
D-cf26db0b9f8e,android,iOS 17.5,01/09/2024 10:14,2,,CL
D-2fab055c1e79,Android,Windows NT 10.0,2022-07-14T02:32:14Z,1,,CL
D-1fcd1df199c8,android,Android 14; SM-A546E Build/UP1A,2023-07-14 17:12:38-04:00,1,0,cl
D-7498fdeea1f4,android,Android 14,23/10/2024 23:21,1,,VE
D-e98b1bf65970,WEB,Android 14; SM-A546E Build/UP1A,2019-08-27T19:27:11Z,6,,CL
D-431158428fd2,Ios,Android 14,2021-04-25 13:35:57,1,,CL
D-14fd143b5742,pos,Android 14,2023-12-29 06:09:06,1,, CL
D-0b7128aff47b,android,Android 9 (SDK 28),2025-08-10 13:58:16,6,,CL
D-0f9a37188209,android,Android 14,2022-12-16 01:44:34,2,,CL
D-9e755f8a19c7,android,Android 14,2026-04-02T10:47:45Z,1,,Chile
D-b6c16e817ff8,web,Android 14,2020-02-27 07:38:47,5,,CL
D-65e4a5bf7b31,ios,Android 9 (SDK 28),2022-05-27T04:51:01Z,1,0,chile 
D-a30b8d338930,Ios,Linux x86_64,2021-10-07 08:33:38,2,,CL
D-f69885604e37,ios,Android 14,2026-07-28T08:23:46Z,1,,CL
D-31a8120ee9b5,pos,,19/02/2022 20:37,2,0,CL
D-33ec21e78785,android,Android 14; SM-A546E Build/UP1A,2020-09-30T16:08:24Z,1,,CL
D-644a5e2b83d1,pos,iOS 16.7,2025-07-28 07:35:59,1,1,CL
D-0dac5aed5046,android,iOS 17.5,2020-09-13 01:05:18-04:00,1,0,CL
D-db4a1f841341,android,iOS 16.7,2021-11-07T21:32:02Z,1,,CL
D-9defdf7b4761,ios,Mac OS X 10_15_7,2021-01-29 20:00:09-04:00,1,0,CL
D-c22ac5ff0ea6,android,iOS 17.5,2023-01-30 13:24:49,1,,CL
D-01fe8deaecba,ios,Linux x86_64,2019-03-31T13:15:56Z,37,0,CL
D-074202d057d3,ios,Android 13,2025-04-26 01:15:34,1,,PE
D-c5ff50ad476f,web,Android 14,2019-02-02T01:06:06Z,1,0,CL
D-64f7c35c68e1,android,Android 13,2020-04-14 17:11:52,1,,CL
D-3b88b72dfac9,android,Android 14; SM-A546E Build/UP1A,05/11/2021 11:06,1,,Chile
D-2d5d6bb2faed,ios,iOS 17.5,26/09/2022 14:07,1,1,US
D-377f6a8f2de0,android,Mac OS X 10_15_7,12/12/2024 09:52,1,,CL
D-cc92a93f8cbe,ios,Android 9 (SDK 28),2026-06-27 07:27:43,1,0,CL
D-94ba829dcee4,web,Android 13,2019-09-16T16:37:25Z,1,,CL
D-b5b9cf28bd54,android,Mac OS X 10_15_7,2025-06-06 02:24:09,1,,CO
D-5314b42106c0,android,Mac OS X 10_15_7,24/12/2025 09:45,1,0,Argentina
D-51a8109378de,ios,Windows NT 10.0,2021-12-31T01:10:16Z,1,0,CL
D-61f7bf8c602c,ios,Android 13,2022-08-26 17:40:27,1,,BR
D-2c2fd1721199,android,Mac OS X 10_15_7,2020-04-22T21:55:52Z,2,,CL
D-5c8dabc31757,web,Android 14,11/06/2025 15:19,1,0,CO
D-b6975cd8ea5c,android,Android 9 (SDK 28),2025-12-08T03:16:51Z,1,,CL
D-2154ec2207bb,android,Android 14,2023-04-11T18:38:28Z,1,0,CL
D-086654586c6e,ios,Android 13,2020-08-13 00:49:21,1,,CL
D-508bc0b8cd61,android,Mac OS X 10_15_7,2025-10-21 04:45:29-04:00,1,,Rusia
D-baea65b8c7db,ios,iOS 16.7,2026-04-06 17:38:20,1,,CL
D-00de355f04b6,android,iOS 16.7,2026-04-22 05:12:15-04:00,1,0,CL
D-dee4c5b4e99d,ios,Mac OS X 10_15_7,2019-12-31T08:59:08Z,1,,BR
D-b2f5bb50e3ff,Ios,Android 14,2023-10-13T00:56:16Z,1,,CL
D-aa2258ea2a0c,android,,06/06/2026 14:03,1,0,Chile
D-1f956a30b692,ios,Android 9 (SDK 28),2022-02-15T10:11:55Z,1,0,CL
D-8f5e7b7a9d80,android,Android 14; SM-A546E Build/UP1A,2023-05-28 07:21:36-04:00,1,0,Chile
D-dcf9d99b0a67,pos,Android 9 (SDK 28),2026-02-11T03:18:26Z,1,,AR
D-1dc009e9d3ee,android,,2021-06-19T05:42:29Z,1,,CL
D-2253ad867cdc,android,iOS 17.5,2022-09-13T08:48:44Z,4,,CL
D-4b364f792d7e,android,iOS 17.5,2025-08-16 03:21:18-04:00,1,0,CL
D-408167492102,android,Android 9 (SDK 28),2021-06-16 23:54:08,1,,CHILE
D-658d666118a3,web,,15/06/2019 00:31,1,1,CL
D-6dae401e6db6,Ios,Linux x86_64,2022-03-23 23:57:57,1,, CL
D-969b6a7e29c9,ios,Mac OS X 10_15_7,2020-05-17T04:58:42Z,15,,CL
D-bb0a036c1170,android,iOS 17.5,2024-12-08 06:25:58-04:00,2,,Argentina
D-f4147c2d0071,web,Mac OS X 10_15_7,2023-01-15 23:09:53,1,,chile 
D-12776e4f3b3c,ios,Android 14; SM-A546E Build/UP1A,2019-05-19 12:35:23,1,,Brasil
D-feb5c3b50fec,android,,2021-03-13 22:25:28,1,,VE
D-a0c0064e9569,web,Android 13,2021-08-24T08:14:37Z,1,,AR
D-924419fc7ec3,web,Android 14; SM-A546E Build/UP1A,2026-02-23T04:01:12Z,1,,CO
D-e80cec76cd53,ios,Android 14; SM-A546E Build/UP1A,2025-10-08 07:42:15,2,,CL
D-495f8b5ada9e,ios,,2024-03-13T01:16:37Z,1,,BR
D-6c76b71426c6,ios,Android 14; SM-A546E Build/UP1A,2024-01-25 23:42:52-04:00,1,,CL
D-ec4aef649ed3,ios,Mac OS X 10_15_7,11/01/2026 00:30,1,,CL
D-0c25fdc1cc49,pos,Android 9 (SDK 28),14/07/2026 00:58,1,,CL
D-c89820f0c0d3,ios,,2022-08-31 23:08:23,1,,Venezuela
D-a2e4c556d070,ANDROID,Android 14,2021-01-04 05:06:29,1,0,CL
D-616759982f9f,ios,Android 13,2026-03-25 04:29:35,2,,CL
D-3a1288eba6f5,android,iOS 16.7,2026-05-09 08:28:42,1,,CL
D-bf02ede16a1f,android,Linux x86_64,2026-03-09 03:32:24-04:00,1,1,CL
D-a479caca6dee,Android,Mac OS X 10_15_7,13/11/2021 06:43,1,0,CL
D-ced218ab5578,android,Android 14,2020-02-09T10:23:28Z,4,,Argentina
D-24b4bfc897c4,web,Android 9 (SDK 28),2025-01-21 00:40:20,1,,CL
D-e0ebff2e869c,android,iOS 17.5,2026-01-23 11:58:57,1,,CL
D-52dca7f9d4c3,android,Android 14; SM-A546E Build/UP1A,2023-02-09T02:40:40Z,1,,CHILE
D-3c0badfde02f,ios,Mac OS X 10_15_7,2024-01-26T23:19:07Z,1,0,AR
D-6a8d13743925,Web,Android 9 (SDK 28),2024-09-23T16:32:56Z,1,,CL
D-8ffd27de4512,android,,2019-03-15 03:22:32-04:00,1,0,CL
D-190783fbe52a,ios,Android 9 (SDK 28),2020-07-04T21:44:51Z,1,0,CL
D-07a37efd2d92,IOS,Android 9 (SDK 28),2023-11-04 19:10:09,1,0,CL
D-66a3be5f3f31,android,Android 14,2020-11-06 08:47:22,2,1,CHILE
D-ef9d9256b352,ios,Android 14,2021-01-15 17:12:06,1,, CL
D-ef9753e456a3,ios,Android 9 (SDK 28),2025-02-22 07:39:22,1,0,CL
D-1be8662da4ba,android,Linux x86_64,2023-08-31T16:12:49Z,1,0,CL
D-72faa5e6b032,web,Android 14,2024-09-18T13:43:04Z,5,,CL
D-17d01fc2e186,android,Android 14,2021-01-24 00:46:25,1,,Brazil
D-9eebbcf9c869,IOS,Android 14,2025-06-16 21:33:04,1,0,cl
D-0a9f8c8de89e,android,Linux x86_64,2022-10-23T07:44:55Z,1,,Brasil
D-f2787a4b6da1,Ios,,2019-03-28 22:16:05-04:00,1,0,CL
D-2c1ae566c2af,ios,,2025-12-16 18:53:40,6,0,CL
D-7901a443fcc3,web,Android 9 (SDK 28),2026-03-02T13:43:01Z,1,,CL
D-134ba0d16ec4,android,iOS 16.7,2020-01-03T11:55:46Z,2,,CHILE
D-b405cb41a088,Android,,2026-06-07 08:54:33,1,0,RU
D-faf367716a07,web,Android 14,2026-02-05 15:35:04-04:00,1,,CL
D-edd0452e2a21,ios,Android 9 (SDK 28),2025-10-01T13:53:21Z,1,1,CL
D-dfbc0167fc94,ios,iOS 16.7,2020-08-18 07:33:58,3,0,CL
D-31b406194ed2,IOS,Mac OS X 10_15_7,2022-05-09 08:33:31-04:00,2,,CL
D-aefcb43c85c1,android,Mac OS X 10_15_7,2019-05-27T09:26:32Z,2,0,CL
D-843adde77931,android,Android 13,30/06/2023 05:27,2,,CL
D-76ff2a129ab9,android,,2020-04-02 00:09:42,1,,PE
D-be7a165844d4,Ios,Linux x86_64,2019-07-23T05:21:22Z,34,,PE
D-51d55571244b,android,Linux x86_64,2021-09-06 19:33:53,1,,AR
D-1e9de53205d5,ios,Mac OS X 10_15_7,17/04/2019 07:04,1,0,CL
D-76ae60270333,ANDROID,Linux x86_64,27/04/2022 02:55,1,,Colombia
D-64d175759270,ios,Android 13,14/11/2024 18:55,2,,CL
D-bd8e242c898d,ios,Mac OS X 10_15_7,2021-09-22 09:32:57-04:00,5,,CL
D-3ad65273001a,pos,Mac OS X 10_15_7,2022-03-07 03:01:50-04:00,6,,AR
D-4d6a3a8152ed,WEB,Android 13,2024-05-20T10:33:07Z,1,,CL
D-e5a3c3f2fa03,ios,Mac OS X 10_15_7,2025-04-20 02:31:46,1,0,BR
D-04eb1bc4f322,android,Android 14; SM-A546E Build/UP1A,30/05/2023 00:42,1,,CL
D-a32a9ef68947,WEB,iOS 16.7,2024-12-09 23:05:39-04:00,18,0,CL
D-ca1ec01ed1db,android,Android 13,2019-02-06 00:46:34,1,1,Nigeria
D-2933c28097a1,Ios,Linux x86_64,2019-10-18 10:26:09,1,,CL
D-32b386a91f4e,IOS,Android 9 (SDK 28),2025-08-28 18:20:30-04:00,1,0,Perú
D-db5ae72fc4ef,android,Android 13,2022-11-29 10:30:43,1,,COLOMBIA
D-be09c9bf60de,web,Android 14,2020-11-27 03:47:03,1,0,CL
D-42a8c811b2c1,android,Linux x86_64,2019-10-06 10:41:06,1,,CL
D-70759708b818,ANDROID,iOS 17.5,2019-07-04T03:39:37Z,34,,chile 
D-b88f51aa7f96,ios,iOS 16.7,2024-07-09 15:53:36-04:00,1,,BR
D-6209fa134d19,ios,Linux x86_64,2020-10-22 22:39:44,1,,cl
D-16be9e8c51b3,android,,2023-08-02T18:17:52Z,1,,CL
D-0ed3759c5713,android,iOS 16.7,2020-01-19 11:01:09,2,0,AR
D-13b64424dbea,android,Android 13,2023-03-18 07:30:31-04:00,1,,CL
D-53ba14b9735d,pos,Linux x86_64,21/08/2020 17:34,1,,CL
D-25e51d3bf7bc,web,Mac OS X 10_15_7,2022-06-07 06:36:19,1,,CL
D-bf3fb500ab8c,ios,Android 14,2024-07-27T14:51:37Z,1,,cl
D-8f445c90af35,android,,2021-12-10 19:30:07,1,,CL
D-23d8975fd4db,ANDROID,Android 13,06/05/2019 00:59,2,0,CL
D-c4d8c2733375,ios,Android 9 (SDK 28),2025-06-28 12:42:02,1,,US
D-c8219a9fa71f,android,Linux x86_64,2019-04-05 04:55:33,1,,Colombia
D-ea7e7bae4101,Android,Android 9 (SDK 28),2021-03-13 07:59:00-04:00,1,,CL
D-7f00ec465202,android,Linux x86_64,2020-03-23T21:48:31Z,1,1,CL
D-193819c381e5,ios,Android 14; SM-A546E Build/UP1A,2025-03-31 13:31:21-04:00,1,,CL
D-ced828cf3238,web,iOS 17.5,2019-02-26T21:57:10Z,1,0,CL
D-ebd416e46f93,ANDROID,Android 13,2019-03-09 12:14:46,1,,cl
D-73f3d7f52560,android,Linux x86_64,2020-12-20 14:57:13,1,0,Rusia
D-0baf53347135,ios,Linux x86_64,2022-12-29T03:48:34Z,1,,CL
D-f3ba5724e93e,ios,Android 14,2021-08-25 08:34:01,2,,cl
D-4fc8272b2ea0,android,Windows NT 10.0,2026-07-05T12:36:25Z,1,,cl
D-143d3f893d08,android,Mac OS X 10_15_7,10/06/2026 20:01,1,,US
D-939dcb04b877,ios,Mac OS X 10_15_7,29/08/2022 15:40,1,0,CL
D-2817e8b13bb9,android,Android 14,2022-10-03 11:00:12-04:00,1,0,CL
D-60b6f30d7403,web,,2020-07-31 19:22:12,2,,CL
D-7494f59e64be,IOS,Android 14,2024-07-31T01:01:56Z,1,0,CL
D-050b74980d36,Android,iOS 16.7,2020-08-10T14:54:35Z,1,0,CL
D-500321093d13,android,Android 14; SM-A546E Build/UP1A,2019-10-14 05:56:03-04:00,1,0,AR
D-ea0ce2b197df,android,Android 14,2024-08-20 17:19:50,1,0,CL
D-ed2c3a3bbb64,ANDROID,Mac OS X 10_15_7,2021-11-26 17:59:32-04:00,6,,CL
D-17d383534742,web,iOS 16.7,2019-09-24 15:43:58-04:00,1,0,ARGENTINA
D-d9cb014e2c56,ios,Linux x86_64,2025-11-06T16:56:07Z,1,,CHILE
D-9eb49182ea69,android,Windows NT 10.0,20/11/2020 11:37,1,,CL
D-8af61ad248d4,ios,Android 14; SM-A546E Build/UP1A,29/03/2025 20:35,1,,BR
D-4eb9575791d1,POS,iOS 16.7,2025-03-13 23:15:59-04:00,4,,CL
D-b602a3b65bba,android,Mac OS X 10_15_7,2020-10-07 17:20:55,1,,PE
D-30ee3a64635e,android,Android 14; SM-A546E Build/UP1A,2023-06-25 19:54:14,1,,CL
D-55323c865942,Ios,Android 14,2019-12-29 22:01:06,1,,CHILE
D-ed2e0f383a86,android,Android 9 (SDK 28),07/03/2021 13:59,1,,AR
D-41e9fff2b2e8,android,,2019-06-16T12:28:20Z,1,0, CL
D-483af6b871f2,ANDROID,Android 14,2020-06-12 16:48:02-04:00,1,0,CL
D-f8beff8944a7,android,Windows NT 10.0,28/07/2023 02:15,2,,Russia
D-41a7a9596f1d,ios,Android 13,2024-01-19T19:38:57Z,1,,EEUU
D-7bc3105f13c3,pos,iOS 17.5,2025-12-27T21:26:49Z,1,,CL
D-d94dacad0412,ios,Mac OS X 10_15_7,2025-12-03 02:22:11,1,,CL
D-a9ba5fe7119d,android,Android 14; SM-A546E Build/UP1A,2023-07-06 23:04:12,4,,US
D-cad247a4ebfd,pos,iOS 17.5,2024-08-29 21:07:32-04:00,30,,CO
D-f3a0b0eb7027,web,,2020-02-29 13:15:34,2,,CL
D-a8986dcd4361,IOS,Android 14,2019-02-01 07:07:22-04:00,1,,CL
D-38ceba7f2a55,Ios,Android 9 (SDK 28),2021-06-27T17:35:37Z,1,,CL
D-965ae7f34a2f,web,Android 13,13/04/2026 19:38,1,,CO
D-9ba4679fe062,ANDROID,Android 9 (SDK 28),2022-01-10 20:26:52,1,,CL
D-f33edeaa3205,android,iOS 17.5,2022-04-26 17:16:03,1,,NG
D-5147429ad1d1,Android,,2021-02-09 04:42:40,1,0,ARGENTINA
D-b1a335c723be,WEB,Android 9 (SDK 28),2021-09-13 09:12:16-04:00,1,,PE
D-7c2a3f1aefd3,WEB,Mac OS X 10_15_7,2023-09-13 22:47:28-04:00,1,1,CO
D-cb40e5167386,android,Mac OS X 10_15_7,2025-05-07 20:17:58,1,,Argentina
D-7303aee785b5,web,,2020-03-02 10:02:27,2,,CL
D-3f449d7b88da,ANDROID,iOS 16.7,2026-01-10T08:15:10Z,1,,cl
D-2ffcde2685b3,Android,Linux x86_64,2022-08-17 01:38:59,2,,chile 
D-2b93ebc5bcb4,android,Linux x86_64,2020-10-03 02:42:40,1,,CO
D-ef8830d48dc6,web,Mac OS X 10_15_7,2025-01-16 09:57:55,2,, CL
D-4a97824813de,IOS,Mac OS X 10_15_7,2026-01-08 23:52:40,1,,CL
D-31e2e2641fff,pos,Android 9 (SDK 28),2022-05-02 23:25:34,1,,chile 
D-ae34f8bbf924,pos,Mac OS X 10_15_7,2024-07-20T16:29:38Z,2,,CL
D-2a925ebe2ffe,web,Android 14; SM-A546E Build/UP1A,2021-09-05 11:30:56-04:00,1,0,CL
D-fcfbbd17cc6c,ios,Android 14; SM-A546E Build/UP1A,2026-03-23 12:01:59,2,,Russia
D-4b7404f02f1f,android,Android 14; SM-A546E Build/UP1A,2024-11-15 04:05:37,1,,CL
D-bf2bab00d27a,ios,,2024-06-04 11:56:09,1,,CL
D-a0526de0c9db,android,Windows NT 10.0,2025-10-24 14:22:11-04:00,1,0,AR
D-bee856d29c48,android,Android 9 (SDK 28),2024-07-23T22:37:50Z,1,0,AR
D-bf63730cb5c7,Android,Android 9 (SDK 28),2019-12-06 00:03:02,1,0,CL
D-9a5480d72b58,web,Mac OS X 10_15_7,2021-12-12T21:59:25Z,1,,CL
D-8ea4c4c8bfec,IOS,Android 13,2022-02-02T09:21:26Z,1,,CL
D-4609dc45600e,IOS,,2020-07-10 18:27:26,1,,CHILE
D-98933ac3b712,Android,Android 9 (SDK 28),2025-04-22 21:47:46,1,0,US
D-65b771365791,android,iOS 16.7,2021-11-03 09:22:12-04:00,1,0,CL
D-7ffe56d267db,ios,Android 13,2021-10-09 06:04:47,1,0,CL
D-6d0cca9b4357,ios,iOS 16.7,2024-05-03 12:25:10,1,0,AR
D-e315cb712a1a,android,Android 13,2023-10-05 05:44:58,2,,cl
D-1de3b3b08bdb,android,,2020-05-13 08:44:51,2,,BRASIL
D-8786409dbc2d,android,,14/10/2020 12:25,4,,CL
D-af215cd4b562,Ios,Linux x86_64,28/07/2021 18:19,1,,CO
D-844bb5ac3f7c,pos,Mac OS X 10_15_7,2025-11-10 06:08:24-04:00,1,, CL
D-6458f3f25239,ios,Android 14,24/12/2021 07:45,1,,CL
D-80f481f20e71,ios,,2026-07-09 13:31:06-04:00,2,0,CL
D-4578cfff18a3,ios,Android 9 (SDK 28),2025-04-29 07:57:37-04:00,1,,CL
D-d2e25c23f4f2,android,iOS 16.7,2026-04-04 21:38:48,1,, CL
D-e67dc5b1fcaf,android,Windows NT 10.0,2025-01-12 11:03:19-04:00,1,0,CL
D-875904e03312,android,Android 9 (SDK 28),2020-03-24T18:23:04Z,1,,CL
D-d3fd278d9f48,web,,2025-11-01 11:27:47,1,0,CL
D-88fe2fc3c639,android,,2024-06-09 03:00:04,1,,VE
D-06fef3c99509,web,Mac OS X 10_15_7,2020-06-18 19:10:51,1,,CHILE
D-f0c2ab44c951,ios,iOS 17.5,2023-07-01T04:12:09Z,1,0,CL
D-26717b21b01a,android,Android 14,2019-10-25 04:40:03,1,0,CL
D-a21d57e08924,web,Android 14; SM-A546E Build/UP1A,2020-12-06 21:50:08-04:00,2,,chile 
D-467192c1725b,android,Android 14,2022-01-26 22:56:56,2,0,CL
D-679800ccc4e7,ios,Mac OS X 10_15_7,2020-03-23 23:40:09,1,,CL
D-7e282febd0bd,ANDROID,Android 14,2021-08-23 11:16:35,1,,CL
D-7835ce030d82,Android,Android 14,2026-06-02 08:26:43-04:00,1,,Chile
D-596f5254c3bb,Pos,iOS 16.7,2020-09-19 02:41:52-04:00,2,,VE
D-965c306c126b,android,Windows NT 10.0,2024-07-10 17:42:37,1,, CL
D-af287b403370,ios,Android 13,10/08/2025 06:56,1,,AR
D-f6a775a0b5e4,android,Android 14,2023-10-28 02:34:05,2,,CHILE
D-36dad7e331aa,android,Android 9 (SDK 28),2022-07-31 16:02:22-04:00,1,0,CL
D-80f8ce5e3bb6,web,Android 14,2021-11-12 14:23:32,1,,CL
D-6a78cd9b9b3c,ios,iOS 17.5,2023-08-04T19:44:44Z,1,,CL
D-73ba69bcec1d,ios,Android 9 (SDK 28),2022-10-17 23:46:33-04:00,1,,AR
D-fdd6b6acc82d,ios,iOS 16.7,2025-06-10 13:02:08,2,0,CL
D-4c2061fd232d,ios,,2022-02-28 19:51:54,1,,CO
D-3b2af9792069,Ios,Android 14,2021-05-11T00:09:36Z,1,0,Chile
D-2282c59048de,web,Android 14; SM-A546E Build/UP1A,2025-09-22 03:35:41-04:00,1,0,CL
D-875172111463,android,Windows NT 10.0,2022-01-10 00:45:45,1,,CL
D-83fd14019254,android,Android 14,22/12/2021 14:42,1,,CO
D-56ceadbb9481,android,Android 14; SM-A546E Build/UP1A,2020-04-09T16:13:38Z,31,,CL
D-f1e69e8d62b2,android,Android 13,2025-02-06 17:20:03-04:00,2,,CL
D-cc5962889cca,ANDROID,iOS 16.7,2023-11-17 10:06:14,2,,CL
D-f3ad21af31e0,ANDROID,Android 13,2023-09-13 05:45:17,3,,CL
D-356493439ff8,ANDROID,iOS 16.7,2022-11-18 03:10:08-04:00,1,, CL
D-714c587db959,android,Android 9 (SDK 28),2022-11-04 12:32:51-04:00,1,,AR
D-2e726d78f869,ANDROID,Android 13,20/06/2026 06:16,1,,BR
D-24c0136adeac,Android,Linux x86_64,2020-07-20 13:29:24,1,,CL
D-2fcba9a1bec5,WEB,iOS 17.5,2019-10-19T15:36:34Z,1,,CL
D-c73bb607858b,Ios,,2020-10-17 09:47:15,2,,CL
D-d649a4ac6a4a,Pos,Windows NT 10.0,2022-01-05 23:00:56,6,0,EEUU
D-f4faafc8d088,ANDROID,iOS 17.5,2025-10-07 12:15:27-04:00,1,,CL
D-ce2b39e26e0d,ios,Windows NT 10.0,2021-10-17T10:53:41Z,2,0, CL
D-1a39956613fe,android,Android 14; SM-A546E Build/UP1A,2023-06-03 20:05:37,1,,CL
D-d58a87ad1334,android,Mac OS X 10_15_7,2025-04-18 03:46:34,1,0,CL
D-dda4f223aca0,WEB,Android 14; SM-A546E Build/UP1A,2020-05-01 02:37:51,1,0,Chile
D-a5d1f80d2774,android,,2025-12-13 04:22:08-04:00,1,,cl
D-8201d404c48f,ios,,12/02/2022 07:36,1,,CL
D-4b26f328774b,android,Android 14; SM-A546E Build/UP1A,2023-01-23 04:09:24,1,0,CL
D-caca7053dfa0,android,iOS 17.5,20/03/2019 17:30,1,,CL
D-a130bb1aa832,android,Android 14,2022-12-27 02:02:23,1,,BR
D-fcfefb48d959,android,Linux x86_64,2019-06-26 14:35:06-04:00,1,0,CL
D-c5689800ebe9,ios,iOS 17.5,2022-08-27 21:17:13-04:00,1,,CL
D-97d5d88d3ac1,web,Android 14; SM-A546E Build/UP1A,2021-12-14 17:39:24,6,0,cl
D-f24b6a379bdb,Android,Android 14; SM-A546E Build/UP1A,2020-09-12 11:03:14,1,,CL
D-0a3a4317b4a7,ios,Android 14; SM-A546E Build/UP1A,2021-08-18T03:39:41Z,1,,CL
D-de315ee73dae,Android,Android 14,2020-10-24 23:13:12,1,,CL
D-4c46bd8dd589,ios,Android 14; SM-A546E Build/UP1A,2023-03-05T14:13:50Z,2,0,CL
D-a5e1d88fe847,Android,Android 14; SM-A546E Build/UP1A,2026-07-25 01:43:53,1,0,AR
D-6f2aecd732b0,ANDROID,iOS 17.5,21/01/2023 21:16,2,,CL
D-10590de73242,web,iOS 17.5,2022-03-19 15:55:27,1,,CL
D-c0f901e245f3,android,,2026-04-09T17:23:34Z,1,,Perú
D-65a55859fb57,Web,Android 14,2021-08-16 19:00:20,3,0,Rusia
D-fc3ba1e7f4b4,android,Windows NT 10.0,2023-03-03 09:42:44,2,,CO
D-8f1554a6aa2c,android,iOS 16.7,2024-04-15 08:17:58,1,0,CL
D-d87b15b4b8a4,android,Android 9 (SDK 28),2024-05-06 21:27:07,1,,CL
D-f7735206cdc2,ANDROID,iOS 16.7,2026-04-01T18:17:04Z,1,,CL
D-a09c3dad87ae,ios,iOS 16.7,2023-05-21 16:56:14-04:00,1,,CL
D-2fae80bfde5a,Pos,Android 9 (SDK 28),2021-11-18 13:17:26,1,,CL
D-7f527a9c600e,web,Linux x86_64,2021-08-29 09:23:26,2,1,AR
D-46053d98acb6,ANDROID,Linux x86_64,2021-08-13 14:53:35-04:00,1,,CL
D-db77175edf80,Ios,Android 14; SM-A546E Build/UP1A,2023-02-07 18:47:48,1,0,CL
D-da4ec6d86dd4,android,,2024-06-14T13:44:48Z,3,,Colombia
D-7a8a702ea5e9,pos,iOS 17.5,2021-07-04T21:29:25Z,1,0,CL
D-0b8c769d1e27,Android,Mac OS X 10_15_7,26/07/2025 22:43,2,0,NG
D-b55ae2b3825c,ios,Linux x86_64,2020-09-07T19:00:07Z,1,,CHILE
D-522ad123b57e,web,iOS 16.7,2019-10-23 01:42:24-04:00,1,,PE
D-43d9674ff913,Android,Android 13,2019-09-08 18:51:27,2,,cl
D-fdff5d58c24f,ios,Mac OS X 10_15_7,2020-11-03 18:43:15-04:00,1,,CL
D-41927101234a,android,Android 13,2024-03-16 15:05:21,2,,CL
D-089d73a66523,web,Android 14,17/01/2019 16:52,4,0,US
D-fafd80e483c2,Web,Linux x86_64,2023-11-13 23:43:04,1,0,Chile
D-5fb84933f72b,android,Android 14; SM-A546E Build/UP1A,2024-08-13 01:44:23,1,,CL
D-db94680ad728,android,Mac OS X 10_15_7,2024-08-03 17:45:11-04:00,1,,chile 
D-fab31dc50d52,web,Android 14,2023-05-26 08:00:12,1,0,BR
D-b26be66a942d,android,Mac OS X 10_15_7,2023-11-21T22:12:22Z,1,,CL
D-2dbd9988458a,ANDROID,iOS 17.5,2023-03-22 03:11:30,1,,CO
D-bd2203e042a8,ios,Android 14; SM-A546E Build/UP1A,2021-09-27 03:33:25,1,,CL
D-cf9becf833fa,ios,Windows NT 10.0,2019-06-12 04:57:04-04:00,33,,CL
D-65bad34ca011,ANDROID,Android 13,2021-06-26 20:53:28,1,0,CL
D-35f8263daaea,ios,Linux x86_64,2026-04-01T11:40:19Z,1,,US
D-ccd5af28a74f,Ios,Mac OS X 10_15_7,2025-02-01 21:43:40,2,,COLOMBIA
D-3ddd75d38ff0,ANDROID,Linux x86_64,2020-04-05 06:06:33,1,,cl
D-0ab3e766cbee,android,Linux x86_64,2023-01-31T21:37:11Z,1,,CL
D-75ba4df568a3,android,iOS 16.7,2023-02-22 09:28:43,1,,CHILE
D-31eaef4a79c3,android,Android 14; SM-A546E Build/UP1A,06/05/2021 15:25,1,,Nigeria
D-42e4935d9a4d,ios,,2020-05-14 14:20:00,2,,CL
D-5e365df13bbb,web,iOS 17.5,2020-08-15 21:45:28-04:00,1,0,CHILE
D-6231a78df734,android,Android 9 (SDK 28),2020-04-03 14:59:51,1,,Chile
D-0edd2f9b751f,IOS,iOS 17.5,2019-10-19T18:27:20Z,2,,CL
D-f0ae10d68083,android,Android 14; SM-A546E Build/UP1A,2021-07-01T11:38:12Z,1,,cl
D-7e3be02f2f9c,IOS,iOS 17.5,2024-10-05T07:51:06Z,1,0,Chile
D-48147de75d9c,ios,Mac OS X 10_15_7,2026-06-24T22:09:42Z,1,,CL
D-3527ab2ba2db,web,Android 13,2023-06-18 07:07:18,2,,CL
D-6bd5563ebf41,android,Linux x86_64,2025-11-15T21:21:18Z,1,,CL
D-33f0763a3bb9,android,,2026-05-11 08:10:44,1,0,Brazil
D-7a5559334895,web,Android 13,20/01/2026 06:14,1,1,cl
D-b43521cec694,Web,iOS 17.5,2022-07-20T06:38:40Z,1,0,CO
D-082590168abe,ANDROID,Linux x86_64,2025-10-04T11:59:20Z,2,,CHILE
D-cd202144eb73,android,,2021-11-27 08:22:41,1,0,chile 
D-a3613b6e673f,Android,Android 14; SM-A546E Build/UP1A,2022-06-09T05:59:48Z,1,0,CL
D-afb9c6dafc5c,web,Mac OS X 10_15_7,2019-06-28 16:05:39,2,,cl
D-31aec29a0ebe,ios,Android 13,24/11/2020 11:20,1,,CL
D-7a995c2fd13a,web,Android 9 (SDK 28),06/04/2023 18:24,1,,CL
D-1cb18091abf0,ios,Android 14,2021-03-06 13:59:21-04:00,1,,PE
D-55af3b135fbd,android,Linux x86_64,2024-08-01 14:06:07,1,,COLOMBIA
D-7457245a0243,web,iOS 16.7,15/01/2025 04:17,1,0,CL
D-4b624c1d2f34,android,Android 14; SM-A546E Build/UP1A,2023-12-30 23:50:12-04:00,1,,CL
D-b3befd768747,android,Android 13,2024-12-21T11:09:04Z,2,,CL
D-753fa186876e,web,Mac OS X 10_15_7,2025-11-06 08:39:34,37,,CO
D-91dcf58d57cf,ios,Linux x86_64,2024-06-28 06:52:04,1,,Chile
D-d23f7e804a7c,ios,Mac OS X 10_15_7,2025-12-06 11:20:19-04:00,31,,Russia
D-d757818b1d41,pos,Linux x86_64,2026-03-16T06:16:30Z,1,1,CL
D-5d20969e3191,Web,Windows NT 10.0,2022-06-11 02:38:09,1,,CL
D-6b4ff8a590e6,android,Android 13,2025-01-07T03:27:05Z,1,,CL
D-9196d395d03a,android,Android 9 (SDK 28),09/02/2021 11:57,5,,CL
D-97e4afd3eec8,Ios,iOS 16.7,2025-01-14 05:38:17,1,,CO
D-e83159c5b702,WEB,iOS 17.5,2023-03-01 11:30:42,1,,CL
D-a3fa53f1c224,android,Android 13,2019-04-03T22:40:17Z,1,,CL
D-f7d0b19fdcce,ios,Mac OS X 10_15_7,2024-10-24 05:35:34,1,,CL
D-2ab188c70042,android,Windows NT 10.0,2025-12-25 02:59:39,1,,CL
D-8f0986f68b8b,android,Android 13,2021-07-23 17:27:21,1,0,CL
D-882a0f72e118,android,Windows NT 10.0,2022-12-19T06:58:36Z,2,,Rusia
D-4b16523d6602,pos,Android 14,18/09/2020 11:18,1,,US
D-1cb16c616aa1,ios,Android 13,2020-03-06 20:10:32,1,,AR
D-d0970da427c1,android,Android 9 (SDK 28),2024-02-26T05:23:43Z,1,0, CL
D-0e17dc0ebc7a,ios,iOS 16.7,24/11/2020 19:05,2,,CL
D-3ec37e210de9,ios,Mac OS X 10_15_7,2025-12-08 19:43:39,1,,CL
D-c524b89569b8,web,Android 9 (SDK 28),2026-06-07T23:58:38Z,1,,CL
D-da3656e99993,WEB,,2020-11-27 07:01:54,1,,CL
D-8f927d988c71,android,Windows NT 10.0,2020-05-31 23:57:10-04:00,1,0,CL
D-5c9074429052,android,iOS 17.5,2019-01-06T04:08:08Z,1,,chile 
D-6235f231bb21,ANDROID,Windows NT 10.0,2022-03-19T23:34:16Z,1,,CL
D-eed81e008da5,ios,Android 9 (SDK 28),2023-07-24T01:21:40Z,1,,CL
D-7555b98404ee,IOS,Android 13,2025-08-15 20:18:07,1,,CL
D-4b42f23827f7,ios,iOS 17.5,2020-05-26 07:15:34,1,,cl
D-af0491962214,android,Mac OS X 10_15_7,2021-04-29T11:53:36Z,1,0,CL
D-c7326229322d,ios,iOS 16.7,2019-08-02T05:16:53Z,1,,ARGENTINA
D-8cb02c35cb46,android,iOS 17.5,2025-10-13 05:38:25,1,0,CL
D-88807a07f623,ANDROID,Mac OS X 10_15_7,2019-02-13 22:45:34,1,0,CL
D-5262250b950f,Ios,Linux x86_64,2021-11-27 08:51:35,1,,AR
D-cb3376ea86e0,ios,Android 9 (SDK 28),2023-12-09 00:03:20,2,0,CL
D-3548b23cf25d,web,,2019-12-02 06:01:07-04:00,1,0,CHILE
D-b16d0790920b,ios,Mac OS X 10_15_7,27/07/2025 19:37,1,,CL
D-ffe161161470,android,iOS 17.5,2026-03-30 10:06:29,2,,USA
D-777f84546f08,web,Android 9 (SDK 28),2026-06-09 09:49:19,4,,CL
D-e54604a27d2b,android,iOS 16.7,30/10/2021 11:21,1,,BR
D-d98c9b780f75,ios,Linux x86_64,2024-11-11 07:12:42,4,,cl
D-36ea8294ed0c,android,iOS 17.5,25/02/2023 06:47,1,,CL
D-49ef498be552,ios,iOS 16.7,2023-07-11 11:47:57,1,,CL
D-a891019f7e0c,ANDROID,,2025-09-30 23:46:26-04:00,1,,CL
D-9577f2e187b9,Web,iOS 17.5,2019-09-19T07:50:57Z,1,,Argentina
D-2150b0414ce9,android,Mac OS X 10_15_7,2021-03-03 22:43:39,5,,chile 
D-a342a6992084,ios,,2024-11-07 16:04:26,1,,Argentina
D-07700924c58b,ios,Android 9 (SDK 28),22/06/2024 21:06,1,,CL
D-a079e2c58853,Android,iOS 16.7,21/12/2020 16:51,1,0,CHILE
D-96f4606477f5,android,iOS 17.5,13/04/2025 17:28,4,0,Estados Unidos
D-97989fa497bb,android,Android 13,2025-12-09 09:14:47,1,,CO
D-351c09fa07bf,web,Android 13,2022-04-30 23:58:01,2,,CHILE
D-6f01ef45357b,ios,Android 9 (SDK 28),01/02/2023 14:50,1,,cl
D-9b1f70422737,ios,Linux x86_64,2019-10-11 13:22:47,1,0,CL
D-ef579ac3ea7a,web,iOS 16.7,09/01/2023 19:04,1,0,CL
D-48565a6d3d35,android,iOS 16.7,2026-01-02T00:12:36Z,1,1,CL
D-89a2d1fbf5f0,ios,iOS 16.7,2022-03-19T10:40:47Z,1,,CL
D-29ccb465a70c,ios,iOS 17.5,2021-01-22 19:20:48,2,,CL
D-313179572a2b,android,Windows NT 10.0,2019-02-24T10:15:11Z,12,0,chile 
D-444da5aa587a,android,Windows NT 10.0,2022-08-18 04:26:44-04:00,1,0,ARGENTINA
D-c3314e38f5bf,web,,2025-12-12 19:11:44,1,0,AR
D-03f58f12094f,POS,Windows NT 10.0,2019-08-24 16:19:59,1,,CO
D-87e629496c38,android,iOS 16.7,2020-01-12 23:04:38,34,,CL
D-1c25a30504e0,Web,Mac OS X 10_15_7,2024-12-20 20:14:58,2,,CL
D-24d9af9e8b73,WEB,Android 14,2024-12-10 13:07:27-04:00,1,,RU
D-7f05be138f7b,pos,Linux x86_64,25/11/2019 12:32,1,,PE
D-cf51e69aeb44,ios,Linux x86_64,2022-06-22 08:52:25-04:00,1,,RU
D-86bd4dd9de68,web,Mac OS X 10_15_7,07/10/2021 14:23,2,,CHILE
D-a3fcb043883c,ios,Mac OS X 10_15_7,2019-10-30 04:19:40,1,0,CHILE
D-0ff012fecea7,android,Android 14; SM-A546E Build/UP1A,2020-05-30T16:21:10Z,1,,CL
D-84bd7fd60281,ios,Linux x86_64,08/09/2019 07:44,2,0,CL
D-457b250b8912,Ios,Linux x86_64,2026-03-11 18:04:26,1,0,VE
D-f2b7d78e1ed0,android,iOS 17.5,2022-08-06 01:27:11-04:00,2,,AR
D-474a835c4208,Android,Android 13,2019-02-23 17:39:57-04:00,1,,BR
D-7d5f823646c4,pos,Android 9 (SDK 28),2023-01-17 07:18:07-04:00,1,,chile 
D-d2c2c884eb0c,web,Android 9 (SDK 28),2025-12-07 13:36:23,1,0,CL
D-a25a35ebe372,web,Android 9 (SDK 28),2024-10-18 11:43:58,1,,Rusia
D-d1808a28f773,android,Linux x86_64,2026-02-13 06:16:19,1,, CL
D-60784b99ebd8,Pos,,2025-08-15T21:38:45Z,2,,CL
D-9956e6133475,android,Mac OS X 10_15_7,2025-01-10 03:05:49,6,1,CL
D-173502efac14,web,Linux x86_64,2025-08-06T10:04:17Z,2,0,CL
D-655b3dc86354,Android,Windows NT 10.0,2025-02-24 06:30:29,1,,chile 
D-7437f7e03151,ANDROID,iOS 16.7,2020-11-24T04:14:51Z,1,0,RU
D-c39a353aa4b9,android,Windows NT 10.0,2023-05-08T16:49:20Z,28,0,CL
D-c252606e06ab,android,Android 14,2021-08-06 20:24:24,4,,CL
D-992a3a6626ab,android,iOS 16.7,2024-09-03 03:58:33,1,,cl
D-c1fbcd45ec49,web,Windows NT 10.0,2024-04-10 19:27:15-04:00,1,0,CL
D-153756bb22f8,web,iOS 16.7,2019-06-29 03:42:32,1,0,CL
D-ff729dd6d4fe,android,iOS 16.7,2025-12-26 01:21:36,1,,CL
D-2f63de11af0d,android,iOS 16.7,2020-07-30T12:02:57Z,1,0, CL
D-c7ee6dd079ce,android,Android 13,2026-04-20 22:38:16,1,,CO
D-3ef65669c500,android,Android 9 (SDK 28),2022-05-03T05:25:28Z,1,,CO
D-6d73cc3c9b67,Android,Linux x86_64,2025-01-01 17:43:30,1,,CL
D-7607e38c8afa,ios,iOS 16.7,2026-05-02 04:10:45-04:00,1,,CL
D-f7dee7aa371e,android,Mac OS X 10_15_7,2026-04-13 17:27:14,1,, CL
D-340eec699a6f,android,Windows NT 10.0,2020-03-23T14:09:52Z,1,, CL
D-524327cb37e0,android,Android 13,2025-10-24T04:07:31Z,1,,CL
D-2abb2f8e2ec0,ios,,2021-07-31T02:32:31Z,1,,CL
D-21cf5a6e991d,android,Android 14,13/02/2024 04:10,2,,CL
D-69d00306d230,Ios,Linux x86_64,2019-04-25 12:20:10-04:00,2,0, CL
D-fa4b631d0019,android,,04/06/2020 10:45,7,,CL
D-c9c90112ca4c,ios,Android 14; SM-A546E Build/UP1A,2021-12-31T16:14:34Z,1,,Chile
D-ac6ff5b3b436,ios,Mac OS X 10_15_7,2023-10-29T07:40:51Z,1,,VE
D-c26804ad1550,ios,,2023-02-10 15:29:04,1,,BRASIL
D-f82d646b7833,web,Android 14; SM-A546E Build/UP1A,2019-09-22T02:43:40Z,1,,CL
D-fdfb5917f175,android,Linux x86_64,2021-08-01 07:01:37,5,,CL
D-f72a5c7e8f5e,android,Android 9 (SDK 28),2024-10-15 09:31:16,1,,CHILE
D-e8e734269285,Ios,Android 14; SM-A546E Build/UP1A,2021-11-28 23:17:08,21,0,CL
D-1e42be78064a,Web,Android 13,2021-04-27 15:47:02,1,,CL
D-e55f7581ca5c,android,Android 14; SM-A546E Build/UP1A,2020-10-20 12:04:14-04:00,1,0,COLOMBIA
D-8baea5f6d04f,android,Android 13,2022-12-21 18:43:43-04:00,5,,PE
D-31175fa3bbcd,android,Linux x86_64,05/04/2026 06:27,6,0,CL
D-bf6688424816,Ios,Android 14,2022-06-08 19:55:30,4,,CL
D-cc116d9286b9,Android,Android 14,2019-07-27 14:56:57-04:00,1,,US
D-da5b5c0ee45f,android,Windows NT 10.0,2024-04-11 05:34:45,6,,CL
D-e7dbe8b0078e,ios,Windows NT 10.0,2022-05-18 07:16:43,1,,CL
D-77ccd6d0d1d3,Android,Mac OS X 10_15_7,2020-06-08 21:31:51,1,,CL
D-41911bc6157c,Ios,Android 13,2020-10-03 05:06:32,1,,CL
D-16a5d247c13c,android,iOS 16.7,2020-02-06 08:58:28,1,,CO
D-919041cd5c35,ANDROID,iOS 16.7,2019-03-14T05:08:04Z,3,,CL
D-a28b6707e6ea,android,,2021-05-13 08:00:33,5,1,CL
D-8488d6ce58d0,IOS,Android 9 (SDK 28),19/02/2026 14:35,1,0,CL
D-4ab758621494,android,Android 9 (SDK 28),2025-06-01T01:29:47Z,1,0,CL
D-15401e8f3bca,ios,Windows NT 10.0,2024-12-29T23:49:42Z,1,,CL
D-f57f23cc3d14,ios,Android 9 (SDK 28),07/02/2022 18:03,1,,CL
D-e658193a6a10,ANDROID,Mac OS X 10_15_7,2019-04-19T22:05:54Z,1,,Chile
D-68212786c5b9,ios,Android 13,2020-09-25 11:37:52-04:00,1,0,CL
D-98741e9ca744,IOS,iOS 17.5,2026-05-24T09:31:34Z,1,,CL
D-4262931af03b,pos,Mac OS X 10_15_7,2025-06-03 18:30:42,1,,CL
D-50d8e64eedf6,android,Windows NT 10.0,2024-02-14 09:07:16,1,0,CL
D-6f335404f4ca,android,Android 14,2026-07-16 19:26:16,1,,BRASIL
D-4ef8034f242c,ios,Windows NT 10.0,2020-11-20 09:09:58,2,,chile 
D-b5c77402bf1a,android,Linux x86_64,04/03/2019 22:03,1,0,USA
D-69769198c877,ANDROID,Windows NT 10.0,2025-05-26 03:39:39-04:00,1,,CL
D-49ee4c342f25,android,Windows NT 10.0,2025-07-12T15:42:03Z,1,,CL
D-13f495cd2123,WEB,,19/09/2025 22:04,2,,US
D-2466d6409691,Pos,Android 14,2020-08-20 04:41:27-04:00,1,,CL
D-ab4ae3a4437c,ANDROID,Mac OS X 10_15_7,2019-01-19 08:25:30-04:00,1,0,CL
D-afa4a55bc3cd,Android,Mac OS X 10_15_7,2021-11-29 10:33:58-04:00,1,,CL
D-65ab868461ff,Android,iOS 17.5,2021-01-05 04:59:32,1,0,NG
D-3779ced5b5c8,web,Android 9 (SDK 28),30/03/2022 18:35,3,,CL
D-4b92df57e7a8,android,iOS 17.5,2019-12-01 00:30:20,1,0,CL
D-486de8a23923,WEB,,2025-02-11 11:20:27,1,,CHILE
D-3e20bcd08639,Android,Android 14,2026-06-09T10:13:30Z,1,1,CL
D-3f4321dcd180,web,Android 13,2025-09-04 06:33:04,1,,CL
D-3aeb2c7a94b9,android,Windows NT 10.0,2023-02-18 20:05:05-04:00,1,0,CL
D-cb8453947684,ANDROID,Android 14; SM-A546E Build/UP1A,08/03/2023 00:09,1,1,CL
D-73be998b120e,android,iOS 16.7,2021-01-06 19:02:19-04:00,1,,CO
D-c1774e1816af,web,Mac OS X 10_15_7,31/07/2024 22:49,2,,Peru
D-d452b9bb0d93,android,Android 9 (SDK 28),2019-05-29T11:17:35Z,1,,CL
D-b944c73b8a21,android,Android 14; SM-A546E Build/UP1A,2021-07-24 09:32:19,1,,CL
D-ae213d999d05,pos,,2022-11-15T08:27:25Z,1,,chile 
D-e7b87ab238e1,android,Android 14; SM-A546E Build/UP1A,2019-09-09 02:56:20,2,,chile 
D-6c0ee88bea21,android,Linux x86_64,22/09/2020 01:36,1,,CL
D-2e670e10fa36,Ios,Android 13,2026-05-24 17:33:14,1,0,CO
D-dba01690a374,ios,iOS 16.7,2019-04-01 23:26:42,1,,CHILE
D-4faf2c4674eb,ios,Android 9 (SDK 28),2022-08-06 15:24:39,1,,Chile
D-0ff02adad215,android,Windows NT 10.0,2024-06-03T18:17:09Z,1,0,CHILE
D-3e21c2951350,Android,Mac OS X 10_15_7,2024-12-28T01:11:30Z,2,,CL
D-9f8c62ea4498,ios,Android 9 (SDK 28),2022-03-24 07:24:30,2,,NG
D-25073c582bfa,web,iOS 16.7,2021-11-03 16:20:24,1,,CL
D-8e9fe49c016e,android,Linux x86_64,2023-04-19 12:36:40-04:00,1,0,CL
D-0019d2cc7cd6,pos,Android 14; SM-A546E Build/UP1A,2019-09-25 19:50:53,1,,cl
D-0948b42651c8,android,Mac OS X 10_15_7,2020-12-31 14:42:21,2,,CL
D-336297ae3fe6,pos,iOS 17.5,2019-04-12 07:27:52-04:00,1,,CL
D-0b49fa759b83,ANDROID,iOS 17.5,2021-05-17 22:33:22,1,,CL
D-146e7959ab4b,Android,Android 13,2023-10-22 11:52:57,1,,VE
D-1c74eb9d01b5,android,iOS 16.7,2019-12-31 07:24:35,1,0,CHILE
D-38c06f0b7c72,web,,2019-08-14 12:22:15,2,,CL
D-af3f7a9310c7,android,iOS 17.5,2023-09-18 14:20:01-04:00,1,,chile 
D-96b320d0ecb3,web,Android 14,2024-10-20 04:25:17,1,,CL
D-f9702f48f6bd,android,,26/06/2020 21:09,1,,CL
D-2a4a6f29a80e,android,iOS 17.5,2025-10-23T17:21:43Z,2,,CL
D-8de16b81e019,ios,,2020-10-21 00:37:38-04:00,1,,CL
D-e85198a07393,ios,iOS 17.5,2025-03-04T21:23:12Z,1,,PE
D-1b5cd7f05c8f,android,Mac OS X 10_15_7,2026-01-20 23:15:54-04:00,1,,BR
D-eb1ef7f77799,android,,2022-05-05T12:46:56Z,1,,CL
D-fac1950e0ca9,Web,Android 14,2022-06-02T01:39:19Z,1,,CL
D-12fe3e466b44,web,Android 9 (SDK 28),2019-01-07 07:07:59-04:00,1,,CL
D-02f2708bae62,android,Mac OS X 10_15_7,2020-10-25 09:41:22,2,,PE
D-9210b9270c58,android,iOS 17.5,2022-05-29 21:35:32,1,,CL
D-4e22aab58075,IOS,Android 9 (SDK 28),2022-03-04 16:34:21,1,,CHILE
D-62c5132d3218,Web,Android 14; SM-A546E Build/UP1A,2025-03-25 21:08:18,1,,cl
D-10dca0f2179d,Pos,Windows NT 10.0,2025-10-22 02:13:02,1,, CL
D-9a8ca418b71b,ios,iOS 17.5,2024-01-18 03:59:32,2,,CL
D-c4e232d9233a,android,Android 9 (SDK 28),2026-04-18 00:20:38,1,,CL
D-f8c35ec83103,Android,iOS 16.7,2022-06-17 13:43:24,1,,BR
D-2db09d982a5d,pos,Mac OS X 10_15_7,2021-06-14T09:19:52Z,1,,RU
D-94f0a01844f8,Android,Android 14; SM-A546E Build/UP1A,2024-05-07 13:11:53,1,,USA
D-5cb06172c3e0,ANDROID,Android 14; SM-A546E Build/UP1A,2020-06-24 06:08:46,1,,CL
D-f78c5ef39470,android,iOS 17.5,2020-06-03 17:48:18,5,,Chile
D-dd65fe294b95,web,iOS 16.7,2023-10-31 16:07:51,1,0,Chile
D-50d2f31f9f56,ios,Android 13,24/04/2022 21:19,1,0,CO
D-8dde748ee518,android,iOS 16.7,2024-11-12 19:20:43,1,,CL
D-90ea2dd9225d,web,Android 9 (SDK 28),2023-05-22 18:54:47,3,,CL
D-aa19e8bbfbf4,ios,Linux x86_64,2021-07-02 02:11:07-04:00,5,,CL
D-dd4b9dbb5b3e,ios,Android 14,2022-05-03 16:26:50,1,0, CL
D-22ada122dd2f,android,Android 14,2020-01-07 15:22:35-04:00,1,,CL
D-3412d2d3aadd,android,iOS 16.7,2024-11-01 16:54:57,1,0,CL
D-1281e4d944c0,ios,Android 14; SM-A546E Build/UP1A,2020-08-22T19:41:24Z,2,0,USA
D-506dff9e3866,web,iOS 16.7,2026-03-07 18:55:44,3,1,CL
D-11463dc1b307,android,Android 9 (SDK 28),2021-07-25 17:51:11,1,0, CL
D-0f532b32912b,web,Android 13,2025-07-15 02:15:50-04:00,1,,CL
D-e01077ab44b0,android,,2020-11-03 05:28:11,1,0,cl
D-55f09b8cab86,ios,Android 14,2022-02-27 00:52:36,5,0,CL
D-3dad631dc03d,Pos,,2025-09-04T15:04:01Z,1,,CL
D-33a35b697c31,Ios,iOS 17.5,10/09/2024 06:31,1,,cl
D-f9e4ce1c3016,android,Linux x86_64,22/07/2025 17:52,1,,CL
D-d312a6c129b9,ios,,2023-08-27T14:06:26Z,2,,VE
D-1aba52f6f7be,android,iOS 17.5,2020-12-16 01:44:47-04:00,1,,CL
D-0437cdedd38b,android,iOS 17.5,2024-01-21T02:04:33Z,1,,CL
D-e88a4f32d242,ios,Linux x86_64,2020-10-23 00:31:44-04:00,1,,chile 
D-77991c803d95,web,Linux x86_64,2026-07-28 08:22:34,5,,CL
D-bf2a7aedd61a,ios,Android 9 (SDK 28),2023-10-20 20:27:34-04:00,1,,Colombia
D-d74983c8990b,web,,2025-07-15 01:01:07,1,,CL
D-07f782ad9a1f,android,Mac OS X 10_15_7,2020-11-22 23:45:44-04:00,1,,CL
D-3ad4d72f7ec0,Pos,iOS 17.5,2022-07-07 05:20:23-04:00,4,,CL
D-45e033deed37,android,Android 9 (SDK 28),2026-07-25 17:23:20,1,0, CL
D-ed9434df30c1,android,Windows NT 10.0,2021-08-16 01:58:23-04:00,1,,CL
D-a01ea3621231,android,iOS 17.5,2024-12-06T10:53:28Z,1,,CL
D-a8196d255061,IOS,Mac OS X 10_15_7,2020-11-28 10:27:20,2,,CL
D-1334a0d9a006,android,Android 14; SM-A546E Build/UP1A,2020-02-14T08:58:03Z,1,,AR
D-5c181a9136d4,WEB,Android 14; SM-A546E Build/UP1A,30/12/2021 05:32,1,0,CL
D-ab3721a1d53b,web,Android 9 (SDK 28),2023-08-27 09:32:35,1,,CL
D-24c164fc60ff,web,Linux x86_64,01/12/2021 02:53,1,,Argentina
D-67f296e9f2d6,ios,iOS 16.7,2025-09-22 08:06:35,2,0,Venezuela
D-009939e4cbcc,web,Android 14,2024-08-27T00:32:34Z,1,,chile 
D-717792854316,android,Windows NT 10.0,2020-11-30 12:12:28,1,, CL
D-031302e990a1,android,iOS 17.5,2020-12-17 06:42:29,1,,CL
D-e1972350c8b0,ANDROID,Linux x86_64,2026-04-16T17:21:43Z,1,,CL
D-1ca9c72da15c,android,Android 14; SM-A546E Build/UP1A,2021-07-14 13:41:01-04:00,1,,CL
D-78decea6533d,android,Android 14; SM-A546E Build/UP1A,2022-07-07 23:05:34,1,,Chile
D-00bdbc5eff60,ios,Mac OS X 10_15_7,2019-08-20 10:17:24-04:00,2,,CHILE
D-4093e80dd4cf,android,Windows NT 10.0,2022-01-05T04:57:27Z,1,0,CL
D-6c6795dc40fa,android,Android 14; SM-A546E Build/UP1A,2025-12-23 00:34:39,1,0,AR
D-8bab7b1c429d,android,Android 14,2023-11-24T08:21:07Z,1,,CL
D-97fbdf3b5c15,android,Android 9 (SDK 28),2020-04-30 03:53:45,1,,chile 
D-ef7e7b3151ba,android,Android 14,2024-08-03T02:06:07Z,1,0,CL
D-8ffeff282246,ios,Mac OS X 10_15_7,2021-02-19 10:33:49,1,0,chile 
D-5fe7c66fe5bf,ios,,2020-02-10 23:46:02,1,0,CL
D-f18af94fa48c,web,Android 14,2026-02-16 09:57:37-04:00,40,,CL
D-bd89f9ea7b5c,android,Android 13,2019-01-01T11:05:41Z,4,,CL
D-19d3e765088c,android,iOS 16.7,2020-12-26 21:32:01,1,,CL
D-1e68c3cc32b0,IOS,Windows NT 10.0,2026-06-16 02:38:50,5,,CL
D-0307c45d40ea,ANDROID,iOS 16.7,2025-05-26 19:20:51-04:00,6,,CL
D-810e64029f90,ios,iOS 17.5,2025-12-28 11:12:30,1,,CL
D-ac356e280d56,WEB,Android 9 (SDK 28),2025-04-15 03:11:08,1,,CL
D-0904ded117ce,android,Linux x86_64,2024-02-26 16:48:45,1,,CL
D-c1e80b002527,Android,Mac OS X 10_15_7,2020-11-09 14:57:22,1,,CL
D-2ee9df1477c9,ios,iOS 16.7,2023-07-16 18:35:18,2,,cl
D-6d9aff6921cf,web,,2024-06-29 16:23:33-04:00,1,1,AR
D-4ea434a130b4,android,,2021-02-20 02:44:16,1,,CL
D-4ac72d4a57a1,android,Android 14; SM-A546E Build/UP1A,2024-04-13 03:29:20,1,0,CL
D-420db20445c4,Android,Linux x86_64,2024-11-20T13:04:45Z,1,, CL
D-d01d0d5e0627,ios,,2024-12-20 12:05:22,6,,CL
D-372fb633addb,ANDROID,Android 14; SM-A546E Build/UP1A,2019-02-24 23:18:52,2,0,AR
D-19ad8b45fc5d,ANDROID,Linux x86_64,2024-10-13 22:33:02-04:00,1,,CL
D-e98b02e09495,Android,iOS 16.7,2020-05-20T13:38:16Z,1,, CL
D-2c120093aaf3,android,Mac OS X 10_15_7,2020-11-12 05:47:16,1,,PE
D-2396797dabdd,android,Linux x86_64,2019-05-22T00:48:08Z,6,0,CHILE
D-6b16aa248ba1,android,Windows NT 10.0,2019-07-08 14:45:56,5,,chile 
D-75a166ff442b,web,Linux x86_64,14/07/2023 15:09,1,,CL
D-c2da91ff7129,ios,,2022-03-24 17:15:21,1,,BR
D-776c6c30c2a8,ios,Android 14,2020-08-03 21:58:33,1,0,CL
D-7ce868fce268,WEB,Linux x86_64,2019-03-24T19:33:57Z,1,0,CL
D-449cda31a12a,Ios,Android 14; SM-A546E Build/UP1A,2024-08-09T10:25:48Z,1,0,CL
D-ff140d03ff75,Android,Android 13,2021-11-16 02:58:40,1,,CL
D-1bb0845c88e7,android,Android 14; SM-A546E Build/UP1A,2025-07-24T10:08:15Z,1,, CL
D-80dad8a911a4,android,Android 13,2025-08-12T18:07:23Z,1,,CL
D-b6fbc515cafa,ios,Mac OS X 10_15_7,2021-09-12 06:25:29,1,0,US
D-b8d2d7ab6beb,WEB,iOS 17.5,2023-09-15 12:12:06,22,,CL
D-5e464f636630,android,Android 13,2022-10-24T13:35:41Z,1,,CL
D-cc63d75d36c1,ios,Android 14,2026-04-04 20:50:23,1,1,CL
D-b6f3bcd66ee4,WEB,Windows NT 10.0,2023-02-03T19:46:24Z,1,,CL
D-dbe39aa295ce,ios,Android 9 (SDK 28),2022-01-25T01:47:46Z,1,,CL
D-d045cfd250ac,ios,iOS 17.5,2025-09-01 10:19:34,1,,CL
D-c5b86b902c0c,ios,iOS 17.5,2025-04-27 14:14:30,1,,CL
D-6f86c6f8470e,android,iOS 16.7,2020-12-01T14:42:46Z,1,,CL
D-4ada6317492e,android,Android 14,2021-08-19 08:26:55,1,,CL
D-39c3a883c38e,web,Android 14; SM-A546E Build/UP1A,2024-01-16T22:36:41Z,1,0,BR
D-cc8214ae131b,android,iOS 16.7,06/10/2019 03:22,1,,Argentina
D-913a22c0cb03,Web,iOS 16.7,2022-11-22 01:39:34,1,1,CL
D-809e1c074b70,android,Windows NT 10.0,2025-05-19T18:06:26Z,1,,VE
D-e673712129cc,android,Mac OS X 10_15_7,2025-06-29 06:14:15-04:00,5,0,CL
D-04518cde6c0c,Web,Linux x86_64,17/12/2021 16:20,1,,Chile
D-2ac0178c3fc2,ios,iOS 17.5,2020-11-11 14:54:31,1,,Rusia
D-df11ee834a47,ios,Android 14; SM-A546E Build/UP1A,2019-08-28 21:01:23-04:00,1,,CL
D-b7b7a9b9f1b9,android,Android 9 (SDK 28),2021-12-31T09:42:15Z,1,0,USA
D-87eadbad52d8,ios,Android 14,2021-09-20 16:42:07-04:00,1,,cl
D-eae233871b5c,ANDROID,Android 9 (SDK 28),2022-12-01 04:48:43,1,,BR
D-2ed0112e2e21,android,Android 9 (SDK 28),2026-01-09 23:46:07,2,1,cl
D-89015b9e7913,web,iOS 17.5,10/05/2021 16:13,1,,CL
D-c345425994e0,ios,Android 14,2019-05-27 13:59:11,1,,PE
D-260d63e13a76,android,Windows NT 10.0,2020-08-31 16:41:17,2,0,CL
D-1f6aa3f8c25d,android,Android 14,2023-07-30T18:28:46Z,2,,CL
D-f2cbb6715189,android,Mac OS X 10_15_7,2022-11-23 13:56:55,1,,ARGENTINA
D-27d87f508dac,Android,Android 14,2023-09-19 01:16:40,5,,Chile
D-5517287737af,android,Android 13,2020-06-14 12:14:55-04:00,1,,AR
D-b9be93477e88,web,Android 9 (SDK 28),2021-11-26 18:46:24-04:00,1,,CL
D-496de304c60c,pos,Linux x86_64,2019-04-23T22:24:42Z,1,,Chile
D-a6f13481a89b,android,Mac OS X 10_15_7,2024-03-22T11:09:42Z,1,,CHILE
D-42564c79e23f,android,Android 9 (SDK 28),2026-06-05T05:51:56Z,3,,AR
D-6a8afa262307,android,Windows NT 10.0,02/02/2025 10:01,1,,CL
D-cc618e1acb20,ios,iOS 17.5,2024-02-13 02:31:57,1,0,Chile
D-98001af798ce,ios,Mac OS X 10_15_7,2025-10-23 12:25:56,2,0,AR
D-ff14524bcb1d,web,Mac OS X 10_15_7,17/11/2019 19:09,1,,CL
D-4b592a33c9b1,Android,iOS 16.7,2022-03-01T05:19:54Z,2,,CL
D-3cf1649abcf6,Android,iOS 17.5,22/03/2025 14:52,6,,CL
D-73effa869496,android,Android 13,2019-05-18 13:31:13,27,0,AR
D-ebc946cb2085,android,Android 13,2024-08-23 05:10:56,7,,CL
D-1ac7448858dc,WEB,iOS 17.5,2024-02-05T21:17:05Z,1,,US
D-b031a218449f,android,Android 9 (SDK 28),2025-09-10T05:10:43Z,5,,CL
D-22349ce21262,web,Android 13,2024-12-17 06:52:34-04:00,1,0,CL
D-93b902eee71c,android,Android 14,2023-04-07 13:35:59,1,,CL
D-c5ffc56febcf,ANDROID,Mac OS X 10_15_7,2022-12-10 00:55:03,1,,CL
D-396ea548d174,Android,Android 9 (SDK 28),2025-01-18T02:44:08Z,6,0,US
D-71571bc72d1f,android,iOS 17.5,2021-09-12 07:23:54,6,,CL
D-62255f57fdb4,web,Android 9 (SDK 28),2020-10-26 13:54:58,1,,CL
D-99c5e9236f90,WEB,iOS 16.7,08/01/2026 00:27,1,,Chile
D-6c6905df4766,ios,iOS 16.7,2019-04-09 22:06:32-04:00,1,0,BR
D-77aabdf374c4,WEB,,2021-08-09 16:02:42-04:00,2,,Chile
D-099daa6c593f,android,Android 14; SM-A546E Build/UP1A,2020-11-28 04:49:05,2,0,Colombia
D-fe6991cafca4,ios,Windows NT 10.0,2021-04-16 11:25:05,1,,cl
D-5777eba7b977,Ios,Android 9 (SDK 28),2026-02-04 21:34:17,1,,PE
D-17b7cdbae87c,android,Android 13,2024-01-04 23:32:50-04:00,4,,CL
D-258ecd7182cc,android,iOS 16.7,2021-02-21T06:35:32Z,1,,CO
D-59d4540e9f4b,pos,iOS 17.5,2023-10-19 17:20:56,1,,CL
D-d85004e0b7cb,android,iOS 16.7,2023-07-22 03:51:43,1,1,PE
D-651630b372bb,android,Android 9 (SDK 28),2025-03-26T11:39:38Z,1,0,CL
D-66b7f35b9c18,android,Linux x86_64,2022-02-28 08:28:11,1,0,US
D-244509dd2c2a,ios,Android 14; SM-A546E Build/UP1A,2023-02-26 16:53:45-04:00,1,0,Perú
D-5ddfcc91cf17,IOS,Windows NT 10.0,2025-03-15T11:49:09Z,1,,CL
D-02d8373cd0ec,ios,iOS 17.5,2025-10-28T08:53:14Z,1,,CL
D-c393eee91625,ANDROID,Mac OS X 10_15_7,2026-01-05 18:27:56,1,,ARGENTINA
D-c50ee4781188,ios,,2025-06-30 03:01:55,1,,Chile
D-0988105567ec,web,Mac OS X 10_15_7,2019-09-09T02:05:06Z,1,,CL
D-1c19af5a12c2,android,Android 9 (SDK 28),2022-06-22 21:55:42,1,,AR
D-88dfcdbf2824,android,Android 13,2022-03-08 15:51:02,1,0,cl
D-3aa04d291a81,ios,Mac OS X 10_15_7,2022-02-17 13:39:43,1,,CHILE
D-908c6b7a2256,android,Android 14,2023-04-02 09:41:35-04:00,1,,BRASIL
D-009360864540,pos,Windows NT 10.0,2026-01-19 18:58:42-04:00,1,0, CL
D-24ce5b63a78c,android,Android 9 (SDK 28),2023-12-29 23:16:05,1,,CL
D-b4454f6c8238,web,Windows NT 10.0,2022-02-10 02:55:36-04:00,20,,Perú
D-c36c56cd427f,WEB,Mac OS X 10_15_7,2025-07-14 13:45:50-04:00,1,, CL
D-33858e203cce,web,Mac OS X 10_15_7,17/04/2021 09:00,2,0,CL
D-f4173f5c0fff,web,Android 9 (SDK 28),2025-10-03 21:32:49,1,,CL
D-2cea41f51c09,ANDROID,Mac OS X 10_15_7,19/08/2021 23:29,2,0,Peru
D-5c08f053d013,web,Android 9 (SDK 28),2023-08-12 03:18:11,2,,CL
D-29c970251489,Android,Android 13,2020-12-23 21:33:42,2,0,US
D-f937efc8a2e1,web,Android 9 (SDK 28),2023-11-29T09:39:30Z,1,,CL
D-7eea52393df2,Android,Windows NT 10.0,2019-10-09 08:44:11,5,,CL
D-04caf0cf634d,web,iOS 16.7,2021-06-30 17:45:18,1,,CL
D-54509c92c348,ANDROID,,2023-09-02T19:49:07Z,1,,CL
D-b7e3a5cefe93,web,Linux x86_64,2019-10-17 19:13:46,2,,CL
D-97d110245d45,android,Mac OS X 10_15_7,2020-05-16T13:47:35Z,1,,CL
D-64e66d666d3e,ios,Windows NT 10.0,2023-09-21 05:13:31,1,,CL
D-3dc4d9e0ed86,android,Android 14,2019-05-24T07:46:42Z,1,0,Argentina
D-2966dc51c5d2,android,Android 13,2019-11-13 03:45:21,1,,VE
D-f6728362decc,web,iOS 16.7,2024-07-13 20:42:59,1,0,CL
D-016440ac0511,Android,Android 9 (SDK 28),2020-01-30 15:18:55,1,,CL
D-f2cd7bfd59ac,ios,Linux x86_64,22/03/2025 15:21,1,,AR
D-efd561f7f74f,Web,Android 13,2020-05-30 23:56:54,1,,CL
D-6660edc8c7cd,Ios,Android 13,2025-09-28T00:03:32Z,1,,BR
D-90c790521087,android,Android 9 (SDK 28),2020-12-20 09:10:49,1,0,VE
D-5298cae8f581,android,Mac OS X 10_15_7,2021-07-05T11:54:59Z,1,,CL
D-cdd547f5e7d7,Web,Mac OS X 10_15_7,2023-07-28 20:56:12,1,,CL
D-914898eb6212,ios,Android 14,2022-11-03 10:25:42,2,0,CL
D-c9fb11d17ca5,android,Android 13,2023-08-14 10:31:22,1,,CL
D-9dc932fed799,web,Android 14; SM-A546E Build/UP1A,2022-11-23 10:35:43-04:00,1,,Chile
D-c6bd6622767b,android,Linux x86_64,2019-09-23 00:51:32,1,1,CL
D-dc316c6021f2,ios,Windows NT 10.0,11/05/2020 16:55,1,0,CL
D-28cf039576a9,ANDROID,Windows NT 10.0,2020-12-03T22:35:29Z,1,,cl
D-6860c92bd99d,android,iOS 16.7,2019-06-22 19:34:44,1,0,cl
D-0031d1625339,web,Mac OS X 10_15_7,2022-11-05 05:44:10-04:00,1,,CL
D-d3dd44e1ebdb,web,Android 14; SM-A546E Build/UP1A,2021-04-04 04:02:32,2,0,CL
D-3f144803bfce,ANDROID,Android 13,2022-02-15T12:25:50Z,2,,CL
D-e4e078cb2c62,Ios,iOS 17.5,2021-06-25T15:22:01Z,1,,CHILE
D-dabc8a8ad715,pos,Android 14; SM-A546E Build/UP1A,2023-01-25T16:17:37Z,1,,AR
D-9def1ee08e49,android,Android 9 (SDK 28),2023-11-22 20:56:39,2,,CHILE
D-a2f97de51f8c,web,Mac OS X 10_15_7,2025-10-09T02:08:55Z,5,,CL
D-f61a543e2efa,IOS,iOS 16.7,14/10/2022 22:28,2,,Venezuela
D-edb5be8e05ea,android,Android 9 (SDK 28),2024-11-18 07:38:11,1,0,CL
D-082882d0ddc2,Android,iOS 17.5,2023-08-19 17:39:06,6,, CL
D-2b9adfa97e44,ios,Linux x86_64,2022-07-27T14:56:37Z,1,0,CL
D-7bcc8c6b0f39,ios,Android 14,2023-08-10T15:52:15Z,1,1,CHILE
D-7a230ab41755,ios,Android 9 (SDK 28),2025-02-01T01:33:57Z,1,,CL
D-a433174ecd7b,IOS,Mac OS X 10_15_7,14/04/2025 19:20,1,,cl
D-2792ae35905b,ios,Android 14; SM-A546E Build/UP1A,2022-06-27T17:45:49Z,1,,CL
D-555aaf426d8e,android,,2022-04-22 19:02:13,1,,PE
D-c428ae7bfe1c,Ios,Android 13,2024-04-17 18:38:04,1,,BR
D-d14815a647b9,android,Linux x86_64,2020-11-28 16:17:50,1,,CL
D-36371b681215,WEB,,19/10/2023 17:16,1,,CL
D-b5e3460be16e,android,Android 14; SM-A546E Build/UP1A,2019-02-03 12:32:29,1,0,BR
D-a67fc6068198,Android,Android 14; SM-A546E Build/UP1A,2021-03-05 20:30:05-04:00,1,1,cl
D-33bfad9254e5,android,Android 9 (SDK 28),16/03/2020 21:04,1,1,CL
D-069335c2ff5b,web,Android 14,2025-03-01 16:31:29,1,,Chile
D-9148361f43c3,ios,Linux x86_64,10/01/2019 13:38,1,0,PE
D-b5d10e2c9a47,Android,Android 9 (SDK 28),2022-05-31T15:36:07Z,1,,VE
D-6addae5145b3,ios,Windows NT 10.0,2025-08-17T07:55:27Z,1,0,CL
D-a9fea636a901,web,iOS 17.5,2022-07-12 23:30:57,34,1,CL
D-733b5e4e41e0,ios,iOS 17.5,2021-12-22T00:34:48Z,1,,BR
D-d3cd87147a1b,android,Android 14,2026-05-28 05:01:23,1,,COLOMBIA
D-ad7bce6d185d,android,,2019-02-20 17:56:20-04:00,1,0,CL
D-55aeace3f575,ios,Android 14; SM-A546E Build/UP1A,2019-11-01 06:54:37,1,0,CL
D-5b10f16fe7e0,android,Android 9 (SDK 28),2023-02-09 12:11:33,2,0,cl
D-2f0bbbe161f7,android,,2025-11-14T14:48:21Z,2,0,CL
D-e5b1d892a599,web,Mac OS X 10_15_7,2021-06-23 08:48:15,1,,Chile
D-1ae25bd203fa,Ios,Android 13,2024-03-31 16:12:19,1,, CL
D-3209cc08340b,ios,iOS 17.5,2019-03-22 20:34:06,2,0,CL
D-7459bf80ff4f,web,Android 13,2022-10-09T23:43:34Z,3,,chile 
D-b8c433c84eee,android,iOS 16.7,2022-11-08T11:51:29Z,24,,COLOMBIA
D-1a62c9823e2a,web,Android 9 (SDK 28),2024-06-29 11:24:09,6,,chile 
D-00acdc24bab1,android,Android 14; SM-A546E Build/UP1A,2021-06-25 21:16:58-04:00,1,,BR
D-6e939ec07466,Android,iOS 17.5,2024-04-26 09:37:49,1,,CL
D-45eb0f589d8f,Ios,iOS 17.5,2020-08-05 11:39:33,1,,CL
D-72971362441e,Android,Windows NT 10.0,2026-01-29 10:51:05-04:00,1,,CL
D-7e5943dae6eb,android,,2019-10-11 04:02:21-04:00,1,,Venezuela
D-24a90e12a8ec,web,Android 14,2022-05-15T09:47:52Z,1,,CL
D-a480e9871cbb,ANDROID,iOS 16.7,2022-05-08T23:30:28Z,1,,CL
D-2462fed49c7a,ios,iOS 16.7,2022-11-06T11:51:08Z,1,0,VE
D-9be4b60b1a0b,ios,,2025-11-25 03:52:03,1,,CL
D-7391f9cf626b,Android,iOS 17.5,2021-05-19 21:58:39-04:00,1,,CL
D-222bc994f298,web,Windows NT 10.0,2021-04-14T17:02:15Z,3,,CL
D-1ed6621812a5,android,iOS 16.7,2020-04-10 01:22:14-04:00,2,, CL
D-f295c4bce1f2,android,Linux x86_64,2025-04-09 17:25:38-04:00,1,0,AR
D-5d3a547c8704,Android,Linux x86_64,2022-04-25 12:51:29-04:00,1,0,Brazil
D-8d0a5713b0a5,android,Android 14; SM-A546E Build/UP1A,2023-11-01T10:33:00Z,3,,chile 
D-3c119c52635e,android,Android 14; SM-A546E Build/UP1A,2019-07-12 09:28:53,1,,Chile
D-2eca5f9d8ef4,Android,Android 14,23/02/2021 04:18,1,0,chile 
D-f912c5991eee,web,Android 9 (SDK 28),2021-04-24 12:34:46-04:00,1,0,CL
D-9f2a003b524f,ios,Mac OS X 10_15_7,2019-09-27 02:43:38,1,0, CL
D-137dda77d925,android,Android 9 (SDK 28),2019-07-06 21:50:53,1,,CL
D-37c68ae74bbf,ios,,2019-10-21T15:00:28Z,1,,CL
D-d72a011e8b1c,android,Android 9 (SDK 28),2025-02-25 09:46:31,4,,CL
D-af1f58d6c35b,ANDROID,Android 14; SM-A546E Build/UP1A,2022-01-06 19:46:59,1,,Chile
D-a34e5c19f2ea,web,Android 14; SM-A546E Build/UP1A,2024-11-21 09:16:58,1,,PE
D-0a443c2dc8f6,android,Android 9 (SDK 28),2023-07-05T07:09:05Z,39,,Chile
D-7061787dbbfa,android,Mac OS X 10_15_7,06/06/2024 09:04,1,,CHILE
D-64c6c7c7c09e,IOS,Android 13,2025-05-14 15:52:39,1,,CL
D-f8659daec9be,web,iOS 17.5,2022-01-14T06:42:44Z,1,0,CL
D-494deb4d938c,ios,Mac OS X 10_15_7,2026-06-04 17:40:27,1,0,CL
D-6419f8692033,ios,Mac OS X 10_15_7,2026-06-09T04:56:07Z,2,,CL
D-3eae7efcf4f5,web,Android 13,2025-11-16 19:53:31,1,0,BR
D-d89a9ce44a80,android,Android 14,2021-07-20 16:23:02,1,0,US
D-0afcc0e5b9a2,android,Android 13,2021-05-30 09:12:38,1,,US
D-d5feb6b09769,pos,Windows NT 10.0,26/12/2023 04:21,1,,CL
D-a5bd6326337a,Pos,Linux x86_64,10/12/2020 12:03,1,,CL
D-ac46b029c2c1,android,Android 14,04/06/2024 19:53,1,0,cl
D-34ad4b75a057,android,Linux x86_64,2023-02-08 22:54:58,1,,CL
D-153c4c3e203d,web,Android 13,2020-07-27 03:25:53-04:00,1,0,chile 
D-dbd74d030848,Ios,Android 14,2021-12-31 09:35:07,1,,CL
D-640940ea049c,ios,,2023-11-22 16:23:52,1,,BR
D-3e63ba6808f5,IOS,Android 14; SM-A546E Build/UP1A,2020-09-22T19:34:35Z,1,0,VE
D-c7f7f7b8ca80,IOS,iOS 17.5,2025-08-01 18:40:04,1,,CL
D-f73a3046c67c,ios,,2020-12-18 04:40:44,1,,CL
D-a6d93117de9e,ANDROID,Android 9 (SDK 28),18/05/2021 21:12,1,,chile 
D-00ffab61679c,android,Android 9 (SDK 28),2022-08-14T14:11:46Z,1,,CL
D-c962439e3fe3,android,Android 9 (SDK 28),2020-07-07 17:44:10,1,0,CL
D-2e235ccb58de,android,Mac OS X 10_15_7,2025-07-15T23:11:11Z,1,,chile 
D-f69bd5307de5,android,Android 9 (SDK 28),2019-06-09T22:59:28Z,1,0, CL
D-4511ca77f2a4,android,Android 9 (SDK 28),2025-10-24T15:46:32Z,1,,CO
D-b6fa646c1642,web,Mac OS X 10_15_7,2020-11-16T08:15:41Z,16,,CL
D-c64272cd659f,ios,Android 13,2025-02-27T05:44:54Z,1,,CL
D-1b065af9520b,ios,Android 13,26/06/2023 05:47,1,1,PE
D-0e6e7b482b2c,Android,Mac OS X 10_15_7,2024-05-05 13:52:59,1,0,US
D-a7e2fdf41271,IOS,Android 14,2019-04-20T06:35:20Z,1,,Venezuela
D-5d665c63f2c5,android,Linux x86_64,2023-03-23 12:02:43,4,,CL
D-d6428016f924,android,Android 14; SM-A546E Build/UP1A,2026-07-20 00:01:48,1,,CL
D-ae4e34e23d8d,android,Linux x86_64,2026-05-07 12:36:47-04:00,2,0,VE
D-ded6334eb882,IOS,Android 14; SM-A546E Build/UP1A,2026-03-17T23:17:08Z,2,,CL
D-ac2df2ed6ad6,ANDROID,,2024-05-01 19:53:25,2,,CL
D-2b6f0fe45323,IOS,Android 14; SM-A546E Build/UP1A,2023-04-18 16:13:37,1,,CL
D-76a9821c6c14,web,Linux x86_64,2023-07-05 07:01:24,1,0,VE
D-964b9cfd50e6,android,Android 14; SM-A546E Build/UP1A,2022-05-05 21:42:03,1,,CL
D-532e3bdfd8f8,android,Android 14; SM-A546E Build/UP1A,2026-04-08 15:48:04,2,,CHILE
D-5e3fe9c45ac7,web,Android 14,2020-02-01T13:15:24Z,15,0,CL
D-854c17b41956,ios,Android 9 (SDK 28),2022-04-04 22:01:13,1,1,chile 
D-92dfc75c9efe,pos,Android 14,2020-06-24T12:49:54Z,1,,cl
D-c9938fddfc10,web,,2024-04-04 17:03:17-04:00,1,,PE
D-26ad994f8d1a,web,,2025-02-10 15:06:12-04:00,1,0,CL
D-41c75d373df2,ios,Windows NT 10.0,23/03/2022 15:13,1,,PE
D-b15fd541477c,android,Windows NT 10.0,2022-11-18T19:37:54Z,1,,chile 
D-6386e1ebbd68,ios,Windows NT 10.0,20/03/2020 19:00,1,0,CL
D-a1fa0c183664,ios,,27/01/2026 20:27,1,,CL
D-dfbd8a3c18ed,ANDROID,Android 14; SM-A546E Build/UP1A,2020-04-27 06:56:54,1,0,CL
D-b776d7267f4f,android,Android 14,2019-01-14T12:15:28Z,1,,Chile
D-3782980c5d96,Pos,iOS 16.7,2020-04-12T08:15:39Z,1,, CL
D-93a47b10f866,ANDROID,Linux x86_64,2020-01-18T15:19:51Z,2,,chile 
D-436f3a4228b5,ios,Android 14,2026-02-19T18:03:27Z,1,,CL
D-770cae1ac91c,Android,,2020-10-09 07:02:30-04:00,2,0,CL
D-09651de00d5a,android,,2020-02-23T10:21:13Z,1,,CL
D-11b6ebf8c4a2,android,Windows NT 10.0,2021-10-06T01:23:09Z,1,0,PE
D-144b8e2f2cc4,android,iOS 17.5,2020-12-15 09:39:59-04:00,2,,CL
D-8b42ae118830,ANDROID,Windows NT 10.0,2025-08-16 03:40:55,1,,AR
D-d5b9d76f6cd8,web,iOS 17.5,2021-04-17 14:03:43,30,,CO
D-5d5213cf9b8a,ios,Android 13,2020-06-26 12:29:12,5,,CL
D-3f5a5380aa9b,ios,Android 13,07/12/2019 10:19,1,,US
D-83ff7486c65b,web,iOS 17.5,2024-02-12T01:22:29Z,1,,CL
D-33bc2df3fd51,web,Windows NT 10.0,2026-06-23T21:40:19Z,1,,CL
D-8bab21be7dd6,WEB,Android 9 (SDK 28),2019-02-14 15:57:27-04:00,1,0,CL
D-ce54e3d6973e,ios,Android 14; SM-A546E Build/UP1A,2024-05-05 22:23:28,2,,Chile
D-f0d3fe685feb,Android,Android 14,22/06/2019 07:32,1,0,CL
D-793cdba6211e,ios,Android 14,2025-07-23 11:01:00,1,,CO
D-e352fffa76a4,android,Android 9 (SDK 28),2025-07-27 06:30:02-04:00,1,,CL
D-e985d3ee20b8,POS,Android 14; SM-A546E Build/UP1A,2025-03-10 13:24:51,1,,NG
D-e246fea194f6,android,,2023-07-21 17:52:37,32,,CL
D-3db555a7969e,android,Mac OS X 10_15_7,2019-12-19 03:59:56-04:00,1,,CL
D-8978ebe174ff,web,Linux x86_64,12/04/2021 13:24,1,,CL
D-4e12e84a3af3,ios,Android 13,14/02/2020 17:23,1,0,Rusia
D-ea4f96036909,android,Linux x86_64,2021-11-21 16:12:47,1,,USA
D-a1e4c4a5f408,android,Android 13,2020-08-06 13:12:57,1,0,CL
D-1d93353335e2,android,Android 13,2025-12-19 03:01:00,1,,CL
D-30f9240b5738,IOS,Android 14,2022-03-18 21:12:37,1,,CL
D-8fc8e3d553a8,pos,Android 14; SM-A546E Build/UP1A,2021-03-28 05:56:24,1,,CL
D-c86158231d47,Ios,iOS 16.7,30/06/2026 02:52,2,,BR
D-27642f62f1be,web,Android 13,2021-10-14 17:39:17,1,1,CL
D-b4e2935b1ee8,ios,iOS 16.7,2020-02-02 09:45:26,1,0, CL
D-af87a2e4bf2d,android,Android 9 (SDK 28),2022-09-30T15:31:18Z,1,0, CL
D-2ff8c9e8e51c,Web,iOS 16.7,2026-01-17 01:05:34,1,0,CO
D-d085aac083cf,android,Android 9 (SDK 28),2025-11-23 10:10:22-04:00,1,,CL
D-bb465a2fd2b6,ios,Android 14,2026-02-23 09:45:42,2,,CL
D-68fcdd9a8694,IOS,iOS 17.5,2022-04-10 06:55:55-04:00,1,,BR
D-e4e4feeaa87c,ios,Mac OS X 10_15_7,2019-01-05 11:05:58,2,,CL
D-fbb9313af5bc,Ios,,2021-01-08T12:50:08Z,1,,AR
D-99536a187684,ios,Mac OS X 10_15_7,2021-10-22T05:17:19Z,1,,CL
D-d351b1c4c47e,android,,2020-07-27 04:07:54,1,,CL
D-5840bb41c4fc,Android,Mac OS X 10_15_7,2024-06-13 16:58:20-04:00,6,0,CHILE
D-4b9edd66bba3,ios,iOS 17.5,2022-05-14 23:16:16,1,,BRASIL
D-2dec57dd33cc,ios,Android 9 (SDK 28),2025-06-22 14:25:36,1,,CL
D-2b8fb87cba45,android,Android 9 (SDK 28),2025-05-06 03:48:51,2,,CL
D-d1a9702eeaa3,Web,,2022-05-28T09:08:37Z,2,0,CL
D-f704b48a830e,android,iOS 17.5,2021-01-13 09:27:09,6,0,CHILE
D-b4de22533049,web,Android 14,2019-04-23 06:58:19-04:00,1,,VE
D-4c38f9f24d61,ios,Android 13,2024-05-19 19:59:35,1,,CL
D-8f2136cf0e73,web,,2020-10-18 23:53:38,1,,CL
D-11df9aff25f5,Android,iOS 16.7,2022-01-30T19:14:49Z,1,0,CL
D-6ef81ac5ec1e,web,iOS 16.7,2025-01-30 10:48:55,1,,CL
D-088d6172713f,IOS,Android 9 (SDK 28),14/11/2021 13:38,1,,US
D-20f427986f0d,Ios,iOS 16.7,2021-12-23 04:13:26,1,0,CL
D-bfdfe8da3ca4,android,Mac OS X 10_15_7,2024-04-11 18:23:58,1,0,CL
D-0c7c7807aa6a,web,Android 13,2023-07-06 05:40:19-04:00,1,,VE
D-4861129e7c20,ios,Android 14,2023-10-03 18:22:49,1,,CL
D-3e7d2fdb5a10,ios,Android 14,26/02/2022 06:35,2,,cl
D-dea9197a01ae,android,Mac OS X 10_15_7,2019-05-24T08:37:40Z,1,,CL
D-a7f356cc0180,ios,,2023-04-29 11:32:26,1,,CHILE
D-1fc31b3c5487,Android,Android 14; SM-A546E Build/UP1A,15/09/2023 23:12,1,0,CL
D-99fbc027f927,android,iOS 16.7,2020-03-31 08:45:03-04:00,1,,CL
D-2ea74f174f91,ANDROID,Android 9 (SDK 28),2021-06-27 11:47:21,1,,cl
D-4974a1e20002,android,Android 14; SM-A546E Build/UP1A,2020-11-27T07:39:27Z,1,,BR
D-9eaff676aa39,ios,Linux x86_64,2025-05-29 18:36:13,1,,CL
D-4252cb2701a5,android,Linux x86_64,2026-05-21 18:25:33-04:00,1,,CL
D-607337aa53c8,ios,Android 14; SM-A546E Build/UP1A,2025-10-01 06:37:39,1,,CL
D-c95a6da5e7fc,ANDROID,Android 14; SM-A546E Build/UP1A,2020-05-07T12:58:36Z,1,,CL
D-47bcd557b2f5,Web,Android 14,2024-12-07T12:32:18Z,1,,US
D-f9922eb7d741,android,Android 9 (SDK 28),2026-07-08T18:17:49Z,1,0,CL
D-286f0c2eaf16,ios,Windows NT 10.0,2020-06-15 23:34:03-04:00,1,,cl
D-ce1ec9bb0e98,Ios,Android 14; SM-A546E Build/UP1A,10/07/2024 18:37,5,,cl
D-eb72cf8aeb0a,ios,Linux x86_64,2024-01-08 08:14:56,1,,Argentina
D-ca55cadf3eb3,IOS,,2020-09-19 00:29:15-04:00,2,,Chile
D-a6cdf387a061,ios,Mac OS X 10_15_7,13/01/2023 05:11,1,,CL
D-ebad2a32b822,android,Mac OS X 10_15_7,2022-02-02 00:13:21-04:00,1,0,US
D-267fdf3903ef,android,Android 14; SM-A546E Build/UP1A,2021-04-16 05:42:46,1,,AR
D-c453989c5880,web,Android 13,2025-07-21 00:59:58,2,0,CL
D-d08357da742e,android,Mac OS X 10_15_7,2020-09-12T01:47:34Z,1,,PE
D-e42cd34e24b8,web,Android 13,2024-04-03 22:57:56,2,,BR
D-e57d788d9e9b,web,iOS 17.5,2022-12-13 07:31:08,1,,CL
D-d8290057dc16,android,Android 14,2026-05-16 10:31:05,1,,cl
D-caa39af55cc2,web,iOS 16.7,2019-07-02 04:41:50,1,,CL
D-61e98d4c75d7,web,iOS 16.7,2023-08-22 05:00:22,1,,CHILE
D-db144274c45e,android,iOS 17.5,2021-02-08 21:17:53-04:00,2,,chile 
D-03443ab7e728,android,Windows NT 10.0,2019-10-23T07:46:15Z,2,,CL
D-88f545a92e07,ios,Android 13,2023-09-22T18:57:52Z,1,,CL
D-fdc11814ca74,android,,2026-05-27 04:51:53,1,,CL
D-8f42e8c695cf,android,Android 13,2019-01-30T17:44:41Z,2,0,Chile
D-ce3d267b3a3f,Android,iOS 17.5,2021-09-20T02:17:31Z,1,,EEUU
D-f0f6f325ef2f,ios,Mac OS X 10_15_7,2021-12-13T19:16:26Z,1,0,CHILE
D-5fb617d3356d,pos,Android 9 (SDK 28),2023-12-09 18:53:51,1,,CL
D-2639204790a6,android,Windows NT 10.0,2019-09-29T21:04:52Z,1,,CL
D-88d3ccf9167e,Android,Linux x86_64,2019-04-25 22:27:05,1,0,CL
D-9330e92dfd1e,web,Android 9 (SDK 28),19/08/2025 19:38,2,,CL
D-7a4f67299c3a,android,Android 14,2020-07-03 00:53:52,1,,CL
D-7ee8f1114e06,android,Android 14; SM-A546E Build/UP1A,22/07/2026 15:41,21,,CL
D-7f7d0efee303,Android,Android 13,2022-08-08 15:40:32,1,0,Chile
D-6eea9f11d476,pos,Android 9 (SDK 28),2021-10-31 11:18:27,1,,CL
D-02ae52620f02,android,iOS 16.7,2022-06-09T08:47:28Z,1,0,CL
D-b2454e07b7bf,android,Windows NT 10.0,2025-02-21 01:54:31-04:00,6,, CL
D-4c4016d7432a,android,Android 9 (SDK 28),2020-10-28 05:44:51,1,,BR
D-6fbf9e9b0e26,web,Android 13,2024-03-16 00:04:22,1,,CL
D-de930b3bf2a7,android,Windows NT 10.0,2026-01-09T10:13:43Z,1,,AR
D-75932db44b76,ios,Android 13,2025-06-28 10:19:35,1,,Peru
D-59d817a01c57,android,Android 9 (SDK 28),2025-12-28 16:34:04-04:00,1,0,Chile
D-acb226310d35,ANDROID,iOS 17.5,2024-01-27 22:08:12,1,0,CL
D-42c9497c442c,ios,Windows NT 10.0,2021-03-16T08:48:11Z,1,,PE
D-f7789f8ad790,android,,2025-09-19 19:01:21,1,,chile 
D-c04516c3815f,Android,Android 9 (SDK 28),13/12/2024 02:25,1,,CL
D-d89e718761b1,ios,Linux x86_64,2022-09-24 19:19:02,1,,BR
D-b5a7eac91fc7,android,Android 14; SM-A546E Build/UP1A,2020-07-08 17:58:22,1,,CL
D-aa1e9d9a86ec,web,iOS 16.7,2024-03-26T11:30:04Z,1,0,Rusia
D-15d21f319d5b,Android,iOS 16.7,2023-10-09 13:04:35,1,0,ARGENTINA
D-589078d1ef37,android,Mac OS X 10_15_7,2022-08-08 23:29:47-04:00,1,,VE
D-ce88b75fca1f,android,iOS 17.5,2023-03-29 15:15:49-04:00,2,0,AR
D-1e997e996dd0,web,,2019-12-02 01:16:59-04:00,1,,CL
D-c6774cc33b89,IOS,iOS 16.7,2025-06-06 04:32:53-04:00,1,,CL
D-939ce2b1a5cb,android,Mac OS X 10_15_7,2025-06-07T09:12:28Z,1,0,cl
D-c28fbe82b9e4,android,Windows NT 10.0,2023-09-15 08:17:29-04:00,1,,CL
D-de43c3095259,WEB,iOS 16.7,2022-02-22 16:00:44,1,,CL
D-d73327888f9c,web,Linux x86_64,2022-08-05T23:41:28Z,6,0,CL
D-5ab6f3ce7ff5,ANDROID,,2025-03-30 13:59:32,6,,chile 
D-f0676f602d81,android,Windows NT 10.0,2023-02-11 15:25:21,1,,CL
D-ae7f3c7787dd,ios,Android 9 (SDK 28),2025-05-25T21:42:47Z,1,0,Colombia
D-28337ce9b764,ANDROID,Android 9 (SDK 28),2025-01-04 19:34:04-04:00,1,,EEUU
D-3423046a7279,android,Android 9 (SDK 28),2019-07-18 14:19:00,1,,CHILE
D-4f29515d650f,Web,Mac OS X 10_15_7,2022-01-06T00:01:38Z,1,,CL
D-a37248449d0d,android,iOS 16.7,2021-03-07 21:46:28-04:00,2,,BR
D-8f6168f9cff4,android,Windows NT 10.0,2019-02-16T13:32:05Z,1,,CL
D-1a114abf0a9d,ios,Android 14,2023-05-22 18:27:28,1,,NG
D-2bb4c7e9ae82,android,,2025-11-10T22:55:19Z,3,,chile 
D-b6a58ce84a2d,IOS,Linux x86_64,2026-05-14T16:54:02Z,1,,CL
D-9d186e3d2304,ios,Android 14; SM-A546E Build/UP1A,2024-06-08 23:10:11,2,,CL
D-6829fee69c27,ios,,2026-07-30 09:44:55,1,,CL
D-1820d57036de,android,,2024-01-18T00:48:16Z,4,,Perú
D-765cc036a98f,android,iOS 17.5,04/11/2020 20:16,1,,CL
D-f8be8f0d993c,ANDROID,Android 14,2023-04-24T17:32:13Z,1,,CL
D-78e7b770327b,web,Android 14,2021-05-20 23:28:26,12,,CL
D-13dba465dca2,ios,Android 9 (SDK 28),2026-03-19 20:13:10,1,0,BR
D-ddd30ec626f8,web,Linux x86_64,2020-06-25 06:49:56,1,,CL
D-4999522f6080,web,Android 13,2021-09-26T10:32:13Z,1,0,chile 
D-c1e2e479ab7a,Android,iOS 16.7,23/08/2025 14:16,1,,chile 
D-24f134fff47e,Android,,2021-10-10T16:45:17Z,1,,US
D-7a2ece1ad6da,android,,2021-06-29T00:41:10Z,1,0,COLOMBIA
D-ecdbacbafbe8,Web,iOS 17.5,2025-06-08 10:37:45,26,,BRASIL
D-4c0d4fb36c52,android,iOS 17.5,16/12/2022 05:16,1,0,Rusia
D-ad071c999da6,android,Windows NT 10.0,2023-04-09 03:15:30-04:00,1,0,cl
D-6b48efbea645,android,Android 14,2020-05-20 00:48:21,1,0,PE
D-60f285b2268e,IOS,iOS 16.7,2022-05-03T03:57:19Z,1,,CL
D-1f619cc2e0ff,ios,Android 14,2024-07-04 09:45:26,1,,chile 
D-4a0a64b0e0c4,android,Linux x86_64,2022-12-30 05:49:06,1,,CL
D-4412959e63e9,pos,iOS 16.7,2021-10-29 11:55:11,1,,CL
D-864c303618aa,android,,2019-06-23 17:28:34-04:00,1,,CL
D-c50de6dee225,pos,iOS 16.7,2024-07-19 01:12:30,3,0,AR
D-de96f212f190,Ios,iOS 16.7,2023-03-29T15:59:05Z,1,,Chile
D-8cdd62405005,android,,2021-06-21 12:34:25,6,,CL
D-c642641abbfa,android,,2019-12-20T12:25:58Z,20,,CL
D-c48e26e452b0,ios,Android 14; SM-A546E Build/UP1A,09/02/2025 17:56,1,,CL
D-2e38ce40637e,android,Android 9 (SDK 28),2023-03-06 18:06:43,1,, CL
D-16357ad2311a,ANDROID,iOS 16.7,2022-04-25 23:02:39,1,,CL
D-ce17f589b903,ios,,2021-05-03 13:26:22,1,,CHILE
D-e7130873758e,ios,Windows NT 10.0,07/06/2026 13:25,1,,Chile
D-4eff224c406e,ios,Windows NT 10.0,2025-12-08T02:14:28Z,1,,CL
D-ca63580f4181,Android,Mac OS X 10_15_7,2024-07-06 01:32:14,1,,CL
D-4a0f2898986b,Web,iOS 16.7,2020-02-09 13:26:35-04:00,1,,CL
D-7780fe55e1b5,ios,,2025-08-28 01:26:41-04:00,1,1,cl
D-fa4a22f306f9,web,Android 14; SM-A546E Build/UP1A,09/06/2026 06:51,1,,BR
D-a96f4f38465e,ios,iOS 17.5,2022-10-30 22:07:21,1,,CL
D-0eae7487804c,android,Android 14,2023-04-09T06:53:14Z,1,,AR
D-3b5eb8b016a7,android,Android 13,2023-11-18 12:14:55,1,0,CL
D-0bfa54972b85,ios,iOS 17.5,2022-05-03T13:44:52Z,3,,CL
D-cd48bd0f52df,Android,Linux x86_64,2019-06-11T19:19:18Z,1,,Venezuela
D-fe971a481a75,android,iOS 17.5,2019-03-14 06:07:32,1,,CL
D-53375bcade43,android,Mac OS X 10_15_7,2022-01-16T13:35:15Z,2,,CL
D-0568aae19441,IOS,Windows NT 10.0,23/07/2026 12:44,1,,CL
D-7f110bd6155a,ios,,2024-04-17 12:24:09,1,,CL
D-31e68f00cf8b,android,iOS 17.5,2021-03-22T14:19:44Z,1,0,AR
D-a1d0996de8c0,WEB,Android 14; SM-A546E Build/UP1A,2019-02-02 16:57:32,1,,CL
D-9eae9be6078c,android,Android 14; SM-A546E Build/UP1A,2023-03-28T07:11:31Z,1,,CL
D-e0defe86cda2,Android,Android 14; SM-A546E Build/UP1A,2019-02-22 06:01:54,5,1,EEUU
D-e0b862f23b17,WEB,iOS 17.5,2023-03-27T17:36:02Z,33,,CL
D-2d21c96dbb23,Android,Android 14,2026-05-29 17:12:37-04:00,1,,CL
D-4546e1816e33,WEB,Android 14,2025-02-22T02:56:34Z,2,,CL
D-8ed00e404965,web,iOS 16.7,31/03/2025 00:32,4,,CL
D-b1d89dce2ed4,ios,iOS 16.7,2019-05-15 06:20:41,3,,RU
D-858735046fa0,Android,,2019-04-12 09:38:01,6,0, CL
D-6b0d1c591739,android,Android 14,2020-05-07 06:18:24,2,0,CL
D-071001da8f8f,android,Mac OS X 10_15_7,2023-12-18 19:12:15,4,,RU
D-fedb2e426497,android,Android 13,2024-07-01 01:29:02,1,,AR
D-2ff54c037e60,ios,Linux x86_64,2019-11-10 11:26:03,1,0,chile 
D-3bb29c681dca,android,Android 13,2026-07-23 12:06:22,1,0,CL
D-cb28153c3fe4,ios,Android 13,2023-05-24T19:35:47Z,1,0,CL
D-45574dc8869a,ios,Mac OS X 10_15_7,2022-12-21 06:24:21,1,,CL
D-de388041a333,ANDROID,Windows NT 10.0,2022-03-10 04:01:48,1,,CL
D-b2b22fa97f02,web,Windows NT 10.0,08/09/2021 01:50,1,0, CL
D-2dde836b866e,android,Android 14; SM-A546E Build/UP1A,2019-03-11T13:11:10Z,1,,CL
D-9875dd84c911,pos,Android 9 (SDK 28),2021-07-16 01:13:13,1,,CL
D-845d28ceddd3,ios,Android 14; SM-A546E Build/UP1A,2023-02-07 21:07:59-04:00,2,,chile 
D-cc330fec8079,ANDROID,Android 14,2025-01-16 22:35:40,2,,CL
D-010189c63cb3,web,Mac OS X 10_15_7,2022-06-28 07:42:18,1,0,Venezuela
D-86ca4a780999,ios,Mac OS X 10_15_7,2023-05-29 12:29:34,2,0,PE
D-331700759b03,android,Linux x86_64,2023-01-16 21:42:29,1,,CL
D-e2308f8dca80,Android,Android 9 (SDK 28),2026-05-18 11:39:23-04:00,1,0,CL
D-2b0ccfafc9ec,IOS,Windows NT 10.0,14/05/2024 10:49,1,,CL
D-a22998bd8b91,ios,Android 14; SM-A546E Build/UP1A,25/05/2024 22:17,1,,cl
D-31e9b55f3efa,ios,iOS 16.7,2021-10-29T05:55:04Z,1,,CL
D-ae9425a5eaa1,android,Android 9 (SDK 28),2020-09-09 15:00:24-04:00,1,,Estados Unidos
D-923454eae2c2,WEB,iOS 16.7,2025-10-15T05:44:20Z,10,,EEUU
D-37834668d603,web,iOS 16.7,2024-03-30T22:38:16Z,1,,CHILE
D-b817a1463ee4,IOS,,2024-12-23T15:28:23Z,6,,Chile
D-74be6e2c2258,ios,Android 14,2024-01-05 01:11:35-04:00,2,,CL
D-9b3d3de9b1a9,ANDROID,Windows NT 10.0,2021-02-18 23:27:33-04:00,1,,US
D-d9eefd12afe3,android,Mac OS X 10_15_7,2025-12-21 04:19:03,1,1,CL
D-ec6b6c977176,web,Windows NT 10.0,2024-04-25 10:44:06,2,,Venezuela
D-599125888043,Android,iOS 16.7,2022-03-05 01:11:15,1,,CL
D-08d062c14d9d,ios,Mac OS X 10_15_7,2022-04-25 08:49:19,2,0,cl
D-2c44681fa25b,pos,Android 9 (SDK 28),09/02/2023 07:30,1,,NG
D-f779c9f4865d,web,Android 14,2021-03-14 04:47:04,1,,chile 
D-ecb793b6519d,ios,Android 13,2023-02-27T07:01:59Z,2,0,COLOMBIA
D-ecbbe4e93aca,android,Android 13,2023-11-06 14:19:29-04:00,1,0,AR
D-f3bc8529c08f,android,Android 14; SM-A546E Build/UP1A,20/01/2022 19:20,1,,CL
D-657ef6b1d10c,ios,Linux x86_64,25/01/2023 08:20,1,,chile 
D-ed5bbcdd582c,web,iOS 17.5,2026-05-12 13:36:49,6,0,CL
D-5ec810c2334d,web,,2026-01-01 14:49:28,1,,PE
D-a078a2a6d485,ANDROID,Android 14,2021-08-24 09:02:15,1,,CL
D-2ad4a46bceb0,ANDROID,Android 9 (SDK 28),2023-09-01 15:00:39,1,,BR
D-d7088402e8f0,ANDROID,Android 14,2019-08-16 22:54:56,1,,CL
D-d2e50c8a9378,android,Android 13,2023-12-10 17:45:33,1,,Argentina
D-1732e16401de,android,,2024-01-20 00:48:58,2,,CL
D-d7784895018c,pos,Android 14; SM-A546E Build/UP1A,2022-11-05 13:24:44,1,0,CL
D-54d5c779d3b4,ios,iOS 17.5,2021-08-21 17:49:21,1,,AR
D-41aa0d41b29e,pos,Linux x86_64,2026-01-10 00:46:08,2,,chile 
D-175eb65ea5a2,android,Android 9 (SDK 28),08/10/2021 05:20,1,,chile 
D-a941df24f15e,android,Android 14,2020-09-04 19:13:22,1,0,chile 
D-e638576a4399,android,Mac OS X 10_15_7,2023-08-17 01:37:20,2,,CL
D-641b74210e8c,android,iOS 16.7,2024-03-10 02:43:19-04:00,1,1,CL
D-c10e4b103793,web,iOS 17.5,2024-10-21 10:30:41,2,,Brazil
D-d6cd2747ad61,ios,Linux x86_64,2021-08-23 09:11:30-04:00,1,0,CL
D-acec4fde11b4,android,Android 13,13/10/2020 16:05,2,,CHILE
D-ab0aef6a48f3,web,Windows NT 10.0,2026-01-03T17:52:57Z,1,,CL
D-5227cf1969fc,ios,Windows NT 10.0,2023-12-06 09:25:58,1,0,AR
D-220e1c04c82b,ios,iOS 16.7,2019-07-07 09:32:17-04:00,1,,CL
D-d12a8282047a,android,iOS 16.7,2026-03-23 10:38:36,4,,CL
D-47e87d056aaf,web,iOS 16.7,2022-04-01 00:24:08-04:00,1,,NG
D-bf6ae81ceae0,android,,12/02/2024 17:53,1,,PE
D-ae037bb28f41,ios,Linux x86_64,2024-01-12 19:17:14,1,,CHILE
D-78ac0a52a069,ios,Android 13,2020-09-13T10:23:03Z,2,,AR
D-90ef2d120f28,WEB,Android 9 (SDK 28),05/06/2024 23:14,1,,PE
D-0b880ffbc436,ios,Mac OS X 10_15_7,2022-12-26T04:01:44Z,1,,CL
D-c62f37019760,ios,,2026-06-03 22:54:10,1,,NG
D-8d1e65204ca1,Ios,iOS 17.5,2022-09-24T09:40:57Z,2,,US
D-cd077fae77ed,web,,2022-03-01T06:02:47Z,1,,cl
D-6326a86ed8f2,android,,2021-06-27T22:14:00Z,1,,CO
D-a6412896962c,ios,,2020-05-25T13:41:07Z,1,,CL
D-63ce5eb79962,ios,Mac OS X 10_15_7,2025-12-17 10:24:43,1,,US
D-4805ea52543a,android,iOS 17.5,2022-07-15T13:04:47Z,1,,CL
D-891476fbc532,web,Android 14; SM-A546E Build/UP1A,2025-03-17T20:10:54Z,1,0,CL
D-2a3c30f018c0,WEB,Android 14; SM-A546E Build/UP1A,2022-12-25T20:04:05Z,1,,CHILE
D-85fe940767c7,pos,Android 14; SM-A546E Build/UP1A,2021-10-18T07:40:29Z,1,,US
D-996a529ca5b4,POS,Linux x86_64,2019-10-26T15:58:01Z,1,,PE
D-6078c41e2d10,android,Mac OS X 10_15_7,2020-11-02 20:16:46,1,,CL
D-3bcccfaf0883,android,,2021-03-20 21:02:42,1,0,BR
D-7c9b7cb51ee3,ios,Mac OS X 10_15_7,2021-12-13T06:05:02Z,1,,CL
D-9b1ca857f8c3,android,Mac OS X 10_15_7,2022-10-28T01:37:55Z,1,,cl
D-652d18cbcab5,android,Android 14; SM-A546E Build/UP1A,2021-06-22T09:56:10Z,1,,CL
D-305031c920e8,web,,2021-02-21T19:43:21Z,1,,VE
D-66c9866f7d5f,ios,Linux x86_64,09/05/2025 05:48,1,,VE
D-250254fc529f,web,Linux x86_64,2020-12-03T17:44:30Z,1,,CO
D-f96afb1dbf34,ios,Mac OS X 10_15_7,2022-10-15 08:03:07,1,,CL
D-e619d5b459e6,Web,Mac OS X 10_15_7,2026-03-20 03:14:26,1,,AR
D-0fb9e9ea6749,web,Android 13,2023-05-22T16:22:37Z,1,0,US
D-017e6a9829d7,pos,,2022-12-28T00:30:22Z,1,,US
D-c7856d87ccc7,ANDROID,Windows NT 10.0,2024-07-03 11:28:26,1,,Venezuela
D-48b163a3285d,web,iOS 17.5,2019-03-09T02:24:23Z,2,1,AR
D-713623e9faee,android,Mac OS X 10_15_7,2019-02-03 19:13:21,28,1,CL
D-3d54e398830d,ios,iOS 17.5,2023-08-15 22:11:15,1,,VE
D-d277c6794c6a,web,Linux x86_64,25/04/2025 09:24,2,,Argentina
D-283f6825634a,android,iOS 17.5,2024-04-09T17:30:38Z,2,1,AR
D-3b3378d0940b,android,iOS 17.5,2022-06-26 01:23:56-04:00,1,,CL
D-44577c7d6ee2,android,Android 13,2023-07-14 15:50:16,2,,CL
D-8cf8161d54f9,android,Windows NT 10.0,2021-09-13 23:04:47-04:00,2,,CL
D-27a04aa6027f,WEB,Android 14; SM-A546E Build/UP1A,2022-11-06 10:27:06,2,,CL
D-27c07c188bb9,android,Android 14; SM-A546E Build/UP1A,2021-11-22 20:17:35,1,0,CL
D-dc99de1fac4a,web,Android 14; SM-A546E Build/UP1A,2021-01-17 06:39:41,2,0,PE
D-36dbe7da0d1c,ios,,2021-01-08T09:37:04Z,1,,CL
D-c9e7eb517bcb,android,Android 14,21/04/2026 11:34,2,,RU
D-d97f69e67753,android,Windows NT 10.0,2019-07-24 13:35:33,1,,Chile
D-89fd0815a3b7,POS,Android 14; SM-A546E Build/UP1A,2019-02-07 22:20:27-04:00,2,,CL
D-4d019e970f0c,ios,,2024-06-18T03:32:32Z,1,,CL
D-1341b323cf5b,pos,Android 9 (SDK 28),2024-08-25 06:58:49,5,,CL
D-eb477fd38df5,IOS,Android 14,2024-07-22 08:59:46,1,,USA
D-966e09aceff8,web,iOS 17.5,2025-10-12 23:27:42-04:00,1,,CL
D-4bea0fa48f75,ios,Mac OS X 10_15_7,2020-03-02 22:35:08,1,,CL
D-95828cd034fb,android,iOS 17.5,2022-06-15 21:49:06,1,,Chile
D-580ac79c0699,web,Windows NT 10.0,30/11/2020 20:40,20,,PERU
D-0a2acec41f2d,ios,,2025-02-09 10:23:00,1,, CL
D-7d98f7541d1c,android,Linux x86_64,2026-02-16T00:35:55Z,3,,AR
D-58928bbc356a,ANDROID,Linux x86_64,2021-12-13 18:25:41,1,,CO
D-2f55b9f7fa08,android,Linux x86_64,10/04/2025 20:32,1,,CL
D-90b112b0285d,android,Android 14,01/01/2024 23:44,1,0,CL
D-797375b9d8b5,web,Android 14; SM-A546E Build/UP1A,2026-05-22 21:33:52,2,,Perú
D-392edb14d1de,Web,Mac OS X 10_15_7,2019-04-02 13:01:23,1,,US
D-86abbe3c2adb,ios,,2023-07-20 20:00:44,1,,NG
D-83eed31d252e,ios,Windows NT 10.0,2025-12-08 17:59:36,1,,PE
D-d81c47ccb95a,ios,Android 14,29/11/2021 05:55,2,,Chile
D-8bf45b1c04b8,android,,2024-07-08 04:20:16,5,,CL
D-0df35ffd669b,Android,Linux x86_64,2019-01-04 21:08:08,2,,CL
D-63d2b386a537,android,Linux x86_64,2025-01-04 20:57:40,6,0,RU
D-142e209aa725,ANDROID,iOS 16.7,2021-07-04 02:13:36,1,,chile 
D-b45c5f7903cb,Ios,iOS 17.5,2025-04-25 12:37:56,1,,CL
D-9e42ef77d56f,WEB,Windows NT 10.0,2023-01-26T04:53:22Z,2,,cl
D-71a42ee05f54,android,iOS 17.5,2025-08-16 14:21:46,1,,CL
D-98ba3f23dc1a,web,Windows NT 10.0,2020-03-06 10:03:03,1,,CL
D-2a238be99b60,pos,Windows NT 10.0,2021-11-03 06:36:03,2,0,PE
D-20408f9e937c,Android,Android 14,2020-07-23T09:47:06Z,1,,CL
D-0faaefe3b9f6,ios,,18/10/2025 13:59,1,0,CL
D-82083ea62ff8,android,,2023-07-23 22:59:51-04:00,1,0, CL
D-aa9f57fc50b2,android,Windows NT 10.0,2020-09-20 16:51:42-04:00,2,0,chile 
D-a1ac0c18ac65,Ios,Mac OS X 10_15_7,2023-05-01 21:03:44-04:00,1,0,Brazil
D-a95be466a80e,android,Android 14; SM-A546E Build/UP1A,21/08/2025 04:00,1,,PE
D-6fe21411caa5,android,Windows NT 10.0,16/06/2024 13:53,1,,CL
D-531372ee8b3c,Android,iOS 17.5,2023-12-14 06:23:00-04:00,4,,PE
D-6559265a72e8,android,iOS 17.5,2026-03-23 23:13:59,39,,CHILE
D-0af06c753bd4,ios,iOS 16.7,2020-02-21 12:34:38,1,0,CL
D-57dbee71c09f,web,Android 13,2024-02-20T19:52:54Z,4,,BRASIL
D-426a4207517b,android,,2023-05-09 15:05:46,1,1,cl
D-5f7ca976f206,web,,2020-07-29 16:22:48,1,,CL
D-19bcac36795d,ios,Android 14; SM-A546E Build/UP1A,2025-07-15T09:09:05Z,2,,CL
D-d33991454d95,Android,iOS 16.7,2020-02-27T02:38:34Z,2,,CL
D-a646f7aee19a,ios,Android 14; SM-A546E Build/UP1A,2020-03-21T17:06:04Z,1,0,PE
D-7a6867952cf8,android,Windows NT 10.0,2019-03-29 08:16:28,1,0,CL
D-20e467998453,ANDROID,Android 9 (SDK 28),19/02/2026 05:36,1,,CL
D-561ed73dc76d,Web,Linux x86_64,2024-11-02T04:17:39Z,5,,CL
D-6e30d09846f6,IOS,iOS 17.5,2022-06-19 15:43:20,1,,chile 
D-4bad577d365c,ios,Mac OS X 10_15_7,2023-11-30 17:43:27-04:00,1,,CL
D-46b313a8318b,Android,iOS 16.7,21/02/2020 17:51,1,,CL
D-a6c35557a47f,android,Android 13,2024-12-19 18:06:19,1,,Chile
D-2f715abcefb2,android,Android 9 (SDK 28),2023-06-04 04:08:03,1,,CL
D-8146645f7642,ios,Mac OS X 10_15_7,2023-11-04 21:42:07,1,,CL
D-e86ad26d3ca5,android,Android 13,2022-02-18 09:04:29-04:00,1,,CL
D-dcd627e8659b,POS,Mac OS X 10_15_7,2019-05-28 07:22:38,1,,Nigeria
D-03ca35d14e62,android,Android 14; SM-A546E Build/UP1A,03/10/2025 03:14,1,0,CL
D-6913c87e34ec,ios,Android 14; SM-A546E Build/UP1A,2023-08-09T04:25:05Z,6,0,PE
D-59109a89c899,pos,Android 9 (SDK 28),2020-05-04 01:05:51,5,1,Rusia
D-3edeb346faf5,ios,Mac OS X 10_15_7,2019-04-09 14:28:05,2,,CL
D-2a9fa29c568b,web,Android 14,2020-02-22 11:44:13,1,0,COLOMBIA
D-1230dd073eaa,Android,iOS 16.7,29/01/2020 02:58,1,,CL
D-13e7423a9c64,Ios,,2023-12-11 02:45:44,1,,RU
D-1e8a3adbde4a,WEB,Android 13,2019-11-16 16:33:33,2,,BR
D-1ce42fa481c4,Ios,Windows NT 10.0,2023-03-16 13:52:20-04:00,1,, CL
D-ec5a5f0e3aca,android,Windows NT 10.0,2021-06-05T04:28:48Z,1,,CL
D-81f0c6aa78c1,pos,Android 13,2021-06-22 07:25:09,1,,CL
D-e7d24de587bb,android,iOS 17.5,2026-05-30T19:56:41Z,2,,CO
D-ecf93815053d,ANDROID,Linux x86_64,2023-06-01 19:39:07,2,,AR
D-86fce0ecadf2,IOS,,2025-06-16 07:30:50,1,0,CL
D-e0a301555a59,android,Mac OS X 10_15_7,2026-07-05T16:41:18Z,2,0,cl
D-8b89657f6bf1,ios,Android 14; SM-A546E Build/UP1A,2025-01-18 10:09:12,1,0,CL
D-187187279bc7,android,Android 9 (SDK 28),2022-03-02 14:02:21,33,1,Chile
D-3655d9127d4d,ios,,2022-03-29T10:23:42Z,1,,CL
D-8279f79d0177,android,Android 13,2021-05-29 02:45:57,1,0,CL
D-d7db3ddbdac1,ios,iOS 16.7,2019-09-05 11:12:13,4,,CL
D-6c039721b754,web,Android 14,2025-08-17T09:22:41Z,1,0,CL
D-9f0a42342111,ios,iOS 17.5,2023-10-17 19:39:47,27,,CL
D-fa1963a78236,ios,iOS 17.5,31/05/2023 16:57,2,0,CL
D-c12385479d24,ANDROID,Android 13,2026-05-28 20:05:46,6,,chile 
D-44949ae22d4c,ios,Windows NT 10.0,27/09/2019 01:50,1,0,Colombia
D-9aae69a0b355,ios,Android 14,2021-08-28 19:31:58-04:00,1,,CL
D-a7cb9dadcab1,web,Android 14; SM-A546E Build/UP1A,2020-11-23 12:57:36,1,1,cl
D-aef4a642bca7,ios,Android 14,2021-05-16 10:28:12,1,,CL
D-e6f1e74a0b13,ios,,2019-04-02T17:23:05Z,4,0,chile 
D-b94867d44644,ios,iOS 16.7,2021-09-17T09:03:28Z,1,,CL
D-430e92ac7213,ANDROID,Android 14,2020-04-04T23:12:59Z,5,,CL
D-c32e2d3ad4e6,android,iOS 17.5,2025-08-07 21:23:50,1,,US
D-cc769135c83c,IOS,,2021-12-02 10:24:18,1,0,CHILE
D-748312c9770c,WEB,Linux x86_64,09/03/2025 12:56,1,,BR
D-e4b1e4e629ac,android,Android 14,03/05/2024 12:40,1,,CL
D-1397cc1877be,pos,,2021-09-14 22:06:14,1,,chile 
D-7401336eb157,android,,2020-01-11 07:40:06,1,,BR
D-82177a0e4cd1,ios,Linux x86_64,2021-04-20 07:16:21,1,0,CL
D-bc0119f1223d,android,Mac OS X 10_15_7,2025-07-28 11:23:15,1,,PE
D-1d3e632dbde3,ios,Android 14; SM-A546E Build/UP1A,2022-05-26 13:08:09-04:00,1,,cl
D-431967381a88,android,,2025-01-04 17:46:12,1,,CL
D-bd95e6a632f1,android,Linux x86_64,2023-04-04 17:36:25-04:00,1,,CO
D-fa17efda927f,web,Windows NT 10.0,22/04/2024 15:27,6,,PE
D-7ba50fe9b717,ios,Android 14; SM-A546E Build/UP1A,2019-01-04 10:07:39-04:00,1,,CL
D-ee98a72c5719,WEB,Linux x86_64,2020-08-16 16:22:56-04:00,1,,CHILE
D-f942133b1f9e,android,iOS 17.5,2019-06-14T10:00:59Z,1,,Chile
D-a6e9b32a2870,pos,Mac OS X 10_15_7,2022-12-06T10:12:23Z,1,0,CL
D-a89a26a27040,POS,Android 13,2021-03-28T16:24:16Z,1,,CL
D-6ab78d407119,android,,2023-06-04 16:18:34,1,,CL
D-949c98f5fa87,web,Linux x86_64,2024-12-24 23:48:17,2,,AR
D-80546fc62825,Ios,Mac OS X 10_15_7,01/03/2019 03:23,2,,CL
D-687c71a24d45,ios,iOS 16.7,2026-01-17 15:26:36,1,,CL
D-6409c0143f78,android,Mac OS X 10_15_7,2021-10-25 13:01:07-04:00,2,,cl
D-0727720124fc,ios,iOS 16.7,2025-12-04T08:53:27Z,1,,CL
D-69bf8bc380dd,ios,Mac OS X 10_15_7,2023-11-25T03:12:31Z,1,0,CL
D-17313953fdaa,pos,Android 13,2025-09-01T13:23:30Z,2,,CHILE
D-3625ab695203,web,iOS 16.7,2020-05-03T01:03:31Z,1,,CHILE
D-5e7819e99ec5,WEB,Android 14,2020-07-09 11:12:48,1,,CL
D-6bd5c2189965,android,Android 14; SM-A546E Build/UP1A,2020-08-16 14:16:46,1,0,CL
D-217d7241c3bc,ios,Mac OS X 10_15_7,2021-04-20T04:16:50Z,2,,CL
D-1a73a71e791b,web,iOS 17.5,2024-10-07 21:09:02-04:00,1,0,CL
D-5b7931e92354,android,iOS 16.7,2026-04-25T16:05:33Z,1,,CL
D-966e869f69cc,web,,2024-02-14 22:58:42,1,,CL
D-84ec66011766,android,Linux x86_64,2026-05-14 11:54:24,1,,CL
D-f6f9d44b5fc0,ios,Linux x86_64,2020-02-03 21:04:49,2,,BR
D-2aa2ff3405e8,Android,Windows NT 10.0,2025-08-08 00:32:54,1,,CL
D-14f76adc475e,android,Android 14; SM-A546E Build/UP1A,2021-07-24 01:19:21-04:00,1,,CL
D-f9f182b08455,android,Android 14; SM-A546E Build/UP1A,2022-06-14T20:08:26Z,1,1,CL
D-e4a7f29ed40e,android,Android 14,2022-03-05 22:40:20,1,,CL
D-9901a575f1ed,Ios,Windows NT 10.0,2019-05-22 21:01:16,5,,cl
D-305f5ac809d0,android,Android 9 (SDK 28),2023-05-15 05:50:05-04:00,1,0,CL
D-edaffe52bf68,IOS,Android 14,09/06/2022 06:19,1,,CL
D-0a8131c34de9,WEB,Android 14,2021-09-26T13:28:19Z,1,,CL
D-add6f3d062f4,android,Linux x86_64,2019-05-23 09:51:57-04:00,1,0,cl
D-e0869b637051,pos,Linux x86_64,2020-05-02 00:55:49,2,0,CL
D-8a798611f8ec,Android,Mac OS X 10_15_7,2024-01-22 17:48:20,1,1,CL
D-e9ad9a91a664,android,Android 9 (SDK 28),2026-05-22 08:47:15-04:00,1,,AR
D-4e3c6699265a,ANDROID,,2020-11-10 05:13:50,1,,CL
D-900df63f2694,WEB,Linux x86_64,2022-05-07 22:28:24,1,,CL
D-7f313e0aa8aa,Android,,2022-07-16 17:00:21,4,0,US
D-866837c1bb85,web,Android 14; SM-A546E Build/UP1A,2026-04-30 05:37:56,1,,CL
D-bf00d29d7822,android,,2023-11-02 01:20:31-04:00,1,0,CL
D-f0673c6ce0d8,android,Android 14; SM-A546E Build/UP1A,2023-09-07 20:55:35,1,,CL
D-1a16ea414afc,ios,Android 14,2023-03-15T03:24:43Z,1,0,Colombia
D-e9a90c52b694,web,Windows NT 10.0,2024-02-04 12:26:15,1,,chile 
D-d18c35effbdd,Android,iOS 17.5,2020-12-30 23:22:15-04:00,5,,AR
D-8b09ebe412c6,ios,Linux x86_64,2021-09-19T04:41:19Z,1,,VE
D-dfeaff159a08,android,Mac OS X 10_15_7,06/10/2020 14:11,36,0,CL
D-7a3d176898a1,ios,Android 9 (SDK 28),2020-02-14 18:58:45,2,,CO
D-88420e4f2373,ios,iOS 17.5,2021-09-27 13:44:47,2,,cl
D-96a3e363ca3c,ios,Android 13,24/03/2025 18:10,5,1,CL
D-cb1d8ff22f2d,Ios,Windows NT 10.0,2025-12-22T13:55:33Z,1,,PERU
D-75f0eec6d6a9,ANDROID,iOS 17.5,2025-08-01 07:19:07,1,,CL
D-2c6931ddbc7b,ios,Android 14; SM-A546E Build/UP1A,2020-10-14T12:24:43Z,1,,CL
D-f698eb1c631a,ios,Linux x86_64,2019-01-05 03:16:33,39,0,CL
D-b9c6cea2b5d0,ANDROID,Android 14; SM-A546E Build/UP1A,2022-01-03T07:39:18Z,5,,CL
D-25e229df6027,android,Windows NT 10.0,2025-10-02 06:03:32,1,,CL
D-a91177720b33,android,Android 13,2024-10-30 07:29:12,1,,CL
D-d60548c46280,Pos,Windows NT 10.0,10/01/2023 04:23,1,,CL
D-356564113047,ios,Windows NT 10.0,2023-12-12 22:05:31,1,,PE
D-ce07cdd93560,ios,Android 14; SM-A546E Build/UP1A,14/04/2022 01:23,1,0,CL
D-278099b52feb,pos,Android 14; SM-A546E Build/UP1A,01/10/2021 05:26,1,0,CL
D-7f6aef103f96,android,Windows NT 10.0,2025-07-05 04:13:36,2,,CL
D-1170d297df3f,android,Android 9 (SDK 28),16/01/2020 16:06,1,0,Peru
D-6f77950d2c3a,web,iOS 16.7,2025-10-11 14:05:17-04:00,4,,CL
D-60da71608122,android,,2023-04-01 20:19:15-04:00,1,0,CO
D-f8153cae823f,Ios,Mac OS X 10_15_7,17/04/2022 08:13,1,0,Russia
D-2b58c4dac7d6,web,,2020-03-12 02:53:42,2,,Brazil
D-8d03ae687aec,web,Android 14; SM-A546E Build/UP1A,2024-01-02 23:21:10,2,,CL
D-a6d42d70963e,Ios,iOS 17.5,2024-08-31T07:30:32Z,8,,Perú
D-ff87a9a16e04,android,Mac OS X 10_15_7,2021-02-27T21:39:19Z,2,0,CL
D-24ed6597cd6f,Ios,Android 13,2019-02-10 15:58:36,1,,RU
D-36a481484b9b,ios,Android 14,2019-08-09 04:59:15-04:00,1,0,CL
D-c23650c71caf,WEB,Linux x86_64,2023-09-11 13:06:59,1,,CL
D-7d1083463a3c,Ios,iOS 16.7,2021-09-18T08:52:44Z,6,,CL
D-daa24300db1d,WEB,Android 9 (SDK 28),2024-11-27 15:24:09,1,,CL
D-45e6f1784f6f,android,Android 9 (SDK 28),2020-08-21 14:14:08,1,,CL
D-5d82b238bd82,ios,Android 14,2024-10-27 15:46:49,1,0,chile 
D-12bdcb5be02c,android,Android 9 (SDK 28),2025-06-10 13:30:11-04:00,1,,CL
D-47c8e394bdf9,android,Android 9 (SDK 28),2019-02-14 00:35:35,1,,CL
D-4a93a690e1de,android,iOS 17.5,2019-06-01 20:25:46-04:00,1,,CL
D-d3a74b149f17,android,Linux x86_64,21/08/2020 17:21,1,0,CL
D-ef1faf7e9280,ios,Android 14; SM-A546E Build/UP1A,2020-05-28T06:27:39Z,1,, CL
D-a431a969f320,Android,iOS 16.7,2020-03-12T16:40:06Z,1,,PE
D-15aaffaaa358,web,Linux x86_64,19/11/2024 17:32,1,,Brasil
D-c40c36116f7a,android,Mac OS X 10_15_7,2023-06-27 02:13:22-04:00,1,0,chile 
D-b11939fb2e70,android,Android 14,16/03/2019 09:21,4,0,CO
D-4d5da505bae8,Ios,Windows NT 10.0,2021-01-05T03:17:43Z,1,,CL
D-ffd7fbc67660,web,Android 14,2019-07-03 20:16:36,1,0,CL
D-160a5c954982,Android,Linux x86_64,2025-06-02 22:04:41,1,, CL
D-064a37a008a9,web,iOS 16.7,17/04/2021 14:36,1,,CHILE
D-9aa49a8efe81,IOS,Linux x86_64,2024-10-12 08:29:03,1,,AR
D-4b9ddac7a293,android,iOS 17.5,2020-11-20 18:06:23-04:00,19,,RU
D-3df63b0dea1d,web,Windows NT 10.0,2020-05-12T15:48:14Z,2,,Chile
D-d97d46363826,android,Linux x86_64,2024-07-03 15:18:34,1,,AR
D-fe5c2306fb5c,web,Windows NT 10.0,2020-03-28 14:43:48-04:00,2,1,CL
D-a7f831153826,Ios,iOS 16.7,2019-05-27 15:34:14,1,,cl
D-52607f46c3d3,android,Android 14; SM-A546E Build/UP1A,2026-02-07 22:27:46,1,,Chile
D-472fc1eaab77,IOS,Linux x86_64,2026-05-11 11:58:28,1,0,Russia
D-7b0e2c3e3ff5,Web,Mac OS X 10_15_7,2019-04-28 10:30:08,2,0,cl
D-1ff4d0941937,web,Android 14; SM-A546E Build/UP1A,2019-07-07T10:45:53Z,1,,CL
D-020dedb6f907,android,Android 13,2025-04-17T21:52:52Z,1,,CL
D-c14611f4f81f,android,iOS 17.5,2020-08-07 16:16:54,1,,Chile
D-7ca0c6c09268,android,Android 9 (SDK 28),2023-08-26T17:30:03Z,1,,cl
D-0b67418a75c7,android,iOS 17.5,2019-08-25 21:08:12,2,0,CL
D-f99b3cb16801,android,Android 13,2026-07-17T23:57:26Z,2,,chile 
D-1e351685d843,ios,Android 14,2022-06-26 15:32:18-04:00,1,0,CL
D-9dc767b4fcd8,ios,Android 9 (SDK 28),07/05/2019 18:33,1,,CL
D-12b8948d9aed,android,,2023-05-17T18:17:09Z,1,,CL
D-f3e45f687801,web,Android 14,05/01/2024 21:23,2,1,Brazil
D-1afaf4691e7d,android,iOS 17.5,2023-10-16 09:24:46-04:00,2,,Argentina
D-e3d4a299c33a,pos,iOS 16.7,2023-08-29 08:01:46,1,,VE
D-30a34b8a19da,Android,Mac OS X 10_15_7,2023-12-24 05:55:15,1,,CL
D-125b15826b4d,web,,2026-06-09T10:15:07Z,6,,CL
D-fc206fbc40df,WEB,Android 14,2024-04-23 03:20:47,5,0,chile 
D-c72096e0a381,android,iOS 16.7,2019-01-20 14:39:50-04:00,1,,CO
D-e8455b850e7e,web,iOS 16.7,2025-03-24 02:12:52,1,,CL
D-2777d3e8a9f7,Ios,Android 9 (SDK 28),2019-08-07 00:53:09,1,,CL
D-5a427cca2050,android,Windows NT 10.0,2023-06-23 02:03:38,1,0,BR
D-b390e210c2f7,android,,2020-10-14 22:57:15,6,0,cl
D-4b724695d98a,web,Windows NT 10.0,2020-03-12 10:36:49,1,,CL
D-18d1951ddb0f,ios,Mac OS X 10_15_7,2024-02-04 03:42:56,1,,CL
D-463ed71ae046,ios,,21/01/2021 01:07,1,,CHILE
D-4c9b2fa51031,android,,2023-02-19T06:48:01Z,1,, CL
D-14ba0a309b54,android,Android 14; SM-A546E Build/UP1A,2021-10-14 02:00:26,1,,CL
D-735e4bf79c6d,ios,,2021-01-20 17:31:55,1,,CL
D-0b65763a6778,ios,Android 14; SM-A546E Build/UP1A,05/08/2022 02:52,3,, CL
D-a47431567fd6,Ios,Mac OS X 10_15_7,2025-02-18 18:44:23-04:00,1,,CL
D-f3b176387a88,ios,iOS 16.7,2021-08-26 13:30:01,1,,chile 
D-6473f1b57f24,pos,iOS 16.7,2023-12-09 19:43:01,1,,CL
D-795b0ab9a99e,android,Android 14,2025-01-21 21:44:52,1,,CHILE
D-f89765e1bf66,pos,Windows NT 10.0,2022-11-09T10:32:39Z,1,0,CL
D-409960a7244a,web,,12/03/2026 18:23,1,,CL
D-7d81719ba90b,pos,Android 9 (SDK 28),2025-03-21T14:26:47Z,1,0,CL
D-89ad25a6a641,android,,2023-04-17 15:10:45-04:00,1,,CL
D-73f3e72694f4,Android,Android 14,2025-11-16 03:14:46-04:00,1,,CL
D-279a93064eab,web,iOS 17.5,01/04/2026 02:46,1,,CL
D-329817fa3d83,Android,Linux x86_64,2020-08-27 01:36:04,24,,CL
D-5a9ff0e3e33c,web,Mac OS X 10_15_7,2023-04-29 06:54:15,1,,CHILE
D-34afb93c0af4,Web,iOS 16.7,2020-09-06 12:29:59,2,0,cl
D-27682e1e0d75,POS,Android 9 (SDK 28),2019-02-09 08:46:07,2,,VE
D-3043cec72594,Android,Android 14; SM-A546E Build/UP1A,27/11/2025 11:07,1,,CL
D-ab5803bb81d9,android,Mac OS X 10_15_7,2024-01-17 01:02:34,1,,CL
D-eb81424e3562,web,Android 14; SM-A546E Build/UP1A,2026-02-28 12:18:02,1,0,CL
D-1076da57480f,android,Android 13,2025-02-19 11:06:02,3,,CL
D-bbcf908598ce,android,iOS 17.5,2019-09-05 05:43:08-04:00,1,0,CO
D-0d427337ea77,android,Mac OS X 10_15_7,2020-06-12 04:43:57,40,0,COLOMBIA
D-255df139673c,android,iOS 16.7,2021-06-20T11:37:17Z,2,,CL
D-dc879edc72e9,android,Windows NT 10.0,2023-09-14 06:46:26,1,,chile 
D-1e7d16f0845b,pos,Android 14,2022-03-07T19:01:15Z,1,0,CL
D-c240d907d494,pos,Android 9 (SDK 28),15/02/2021 04:31,1,,PE
D-5ea9a0a7a77d,android,Android 14,2019-07-13T22:01:34Z,25,1,CL
D-1209965b8291,web,iOS 17.5,2025-01-13T22:35:20Z,3,0,CL
D-388a5e25edb6,Android,iOS 17.5,2025-05-05T12:07:47Z,1,0,CL
D-4854251d1c87,ios,Android 14; SM-A546E Build/UP1A,2019-10-11 08:55:20,3,,cl
D-1bca6546899a,android,Android 13,06/06/2021 20:52,1,,CL
D-35f596819e76,Android,Windows NT 10.0,2024-03-19T15:06:02Z,1,0,CL
D-a6ba312a73ab,POS,Android 9 (SDK 28),2020-09-15T18:48:39Z,1,0,CL
D-c6d5e59c4f2f,ios,Mac OS X 10_15_7,2026-04-07 06:49:14-04:00,2,,CL
D-089050814749,ios,Windows NT 10.0,2020-05-18 05:12:09,1,,CL
D-85ead9f795cb,android,Windows NT 10.0,04/01/2024 04:54,1,,AR
D-5734356f0b99,ios,iOS 16.7,2026-04-23 11:24:36,2,,chile 
D-1137a1ccf161,android,Mac OS X 10_15_7,2019-12-23 13:58:20-04:00,1,,cl
D-1b556830c7b2,android,iOS 17.5,2020-09-05 15:19:56-04:00,1,,CL
D-91b630127b58,android,Android 14,2022-07-05 21:30:34,1,,CL
D-fe1ceff6e226,android,Android 13,2019-07-10 23:11:51-04:00,1,,CL
D-644bd31966e4,ANDROID,Linux x86_64,2020-07-29 21:01:59,1,0,BR
D-0593c1f22d82,ios,iOS 17.5,2021-02-09 09:08:51-04:00,2,,CL
D-4e8132ec1dd3,android,Windows NT 10.0,2020-01-24 18:24:04,1,0,CL
D-bdc6e0f14b26,Ios,,2020-04-26 15:46:42-04:00,1,,CL
D-9c0ec8689965,web,Android 9 (SDK 28),2019-07-16 04:50:32,2,,CHILE
D-07b11e2deff8,ANDROID,Windows NT 10.0,2024-07-13 22:51:11,11,,CL
D-874a0eaea094,web,Android 14,2024-07-09T22:11:31Z,1,,cl
D-89d8608640c6,android,Windows NT 10.0,2022-06-10T02:07:08Z,2,,chile 
D-06d855cda8b5,ANDROID,Linux x86_64,2026-04-19 09:36:42-04:00,1,,CL
D-2f23c741950a,ios,Linux x86_64,2021-12-07 16:17:21-04:00,1,, CL
D-c938c47d6dee,android,iOS 17.5,2023-11-19 17:09:28,1,,ARGENTINA
D-1fe885b31f10,ios,Android 9 (SDK 28),2025-04-27 23:11:27-04:00,1,,CL
D-399438eddb4f,web,Android 14; SM-A546E Build/UP1A,2023-11-12 07:57:15-04:00,1,,CL
D-6fcc732cc4d0,android,Windows NT 10.0,2023-06-02T12:59:22Z,1,,cl
D-f57a0a4bcaac,android,Android 9 (SDK 28),2021-07-07 01:46:46,6,,CL
D-ccc9f9dcfb02,android,Android 13,2024-10-19T16:44:40Z,1,,CL
D-a68dd3c5e6cd,android,Windows NT 10.0,2020-08-24T15:30:42Z,2,0,NG
D-51bc120f89c7,web,Android 13,2022-05-25 03:00:21,1,1,CL
D-541f0e0c28e9,IOS,Android 13,2023-10-03T05:40:13Z,1,0,VE
D-b47a8234d089,android,Windows NT 10.0,2024-07-15 12:25:58,2,,BRASIL
D-947352d119be,ios,iOS 16.7,2025-05-08 20:33:16,1,0,CL
D-3f7b9e510a41,android,Android 13,2024-10-21 16:50:08,1,,US
D-1f3ca71522a6,web,Windows NT 10.0,2023-07-13 23:26:44-04:00,1,,CL
D-6a460da2cbb4,android,Android 9 (SDK 28),2025-11-19 12:07:43,2,,CHILE
D-262f43263f8e,android,Android 14,2026-07-09T08:33:24Z,2,,CL
D-b7142a312975,web,iOS 16.7,2024-03-01T19:59:12Z,20,0,Russia
D-2c5c247ac4f2,web,Android 14; SM-A546E Build/UP1A,2022-05-22T23:15:29Z,1,,CL
D-8617ad1150f3,web,Android 14; SM-A546E Build/UP1A,2021-07-04 11:09:28-04:00,1,,PE
D-d2eeb9626c1b,IOS,,2025-02-03 08:09:51,1,0,CL
D-fd6bc13eeb49,web,iOS 17.5,18/10/2019 17:55,1,, CL
D-ff58c8aef13e,ANDROID,Android 14; SM-A546E Build/UP1A,08/03/2025 20:29,2,,chile 
D-19d4a957c7c0,web,Android 13,24/01/2021 06:01,1,,CL
D-4e73d0596c50,android,iOS 17.5,2022-04-04 11:00:14,1,0,CL
D-bb7bac7a282a,ios,iOS 17.5,2025-10-13 21:38:47,1,1,chile 
D-56c819b18f5d,ios,,2019-10-14 18:58:58,1,,CL
D-013c8e2f4f28,android,Android 9 (SDK 28),2019-08-15 21:34:33,1,0,CL
D-d060684cfb9f,android,Windows NT 10.0,2024-01-18T19:12:29Z,1,0,CL
D-74fd5920ecb2,android,Android 9 (SDK 28),2022-07-17 19:38:13,1,0,CL
D-c18d769dad26,android,Android 13,2023-10-07 19:14:56,1,,US
D-0aa48d1133e4,POS,,2021-11-07 18:37:34,1,,CL
D-67160dc033a8,ANDROID,Android 14,16/08/2019 06:13,1,,CL
D-deaeb0827ccd,ios,Android 9 (SDK 28),2020-10-29 07:14:52-04:00,1,,CL
D-29aa432c10a4,android,Android 13,2021-10-14 18:22:13,1,,CHILE
D-f676233be6fa,Web,,2025-02-11 22:32:50-04:00,1,,CO
D-aaa31efef0a2,WEB,Android 13,2023-01-15T19:36:25Z,32,0,CL
D-680b9dfc9b5c,IOS,iOS 16.7,2024-08-23 10:52:00,1,,CL
D-1502ad2100ee,android,iOS 17.5,2022-10-04T18:06:42Z,2,0,CL
D-872b18fa8f9c,ios,,2026-04-01 03:49:53,1,,CL
D-48c3494f16c5,ios,Android 13,2025-12-23T18:46:28Z,1,,CL
D-579eb48a570a,ios,Android 9 (SDK 28),2024-03-16 23:30:41-04:00,1,,BR
D-929c2246e03b,ANDROID,Android 13,2020-12-24 21:49:28-04:00,1,1,CL
D-44876256111d,ANDROID,Linux x86_64,2024-11-23T18:12:24Z,2,,AR
D-9ac7d3afabe7,android,iOS 16.7,2022-02-23 20:51:21,1,0,CL
D-1bd0ed447129,android,,2025-12-17 06:00:08-04:00,1,0,CL
D-93c443c6b91f,ios,Android 9 (SDK 28),2023-05-30T17:50:21Z,1,,CO
D-8f956f4efe2d,ios,Mac OS X 10_15_7,2025-01-18T10:41:23Z,1,0,CL
D-cb7a60697c53,ios,iOS 16.7,2025-10-17 03:58:32,1,,RU
D-3b4017ea8e7f,android,Android 9 (SDK 28),2021-05-22 05:29:14-04:00,1,1,cl
D-a1ff97bad8f7,Pos,,2023-11-15T09:53:49Z,4,,CL
D-4e7520efd6df,web,iOS 17.5,2019-07-08 00:03:22,2,1,AR
D-9aa96e231692,web,iOS 17.5,2026-02-08 08:04:18,2,,CL
D-996e4e8906d1,android,Windows NT 10.0,2025-11-21T21:45:37Z,1,,CO
D-6413f8b26ed5,Ios,,2021-12-22T14:12:08Z,1,,CL
D-4e649303f632,android,,2020-03-02 11:39:44-04:00,2,,CL
D-450711d36172,android,,2020-05-23 03:51:58,1,,cl
D-320ab737123b,Android,Android 14,2019-05-18T09:46:12Z,1,1,CL
D-aa9b6732c2f4,android,Android 9 (SDK 28),2025-08-06T06:02:59Z,4,0,CL
D-fb2bf31711fd,web,Android 9 (SDK 28),2024-10-27 22:44:27,1,,cl
D-a334fc88df0b,web,Android 14; SM-A546E Build/UP1A,2020-11-16 14:53:24-04:00,1,,PE
D-3ca6ae5a1cc1,web,iOS 16.7,2019-07-18 05:11:28,1,,CL
D-9f476a879f92,android,Mac OS X 10_15_7,10/12/2024 00:00,6,,CL
D-8ee33ce92fd8,web,Windows NT 10.0,19/04/2026 00:48,1,,Argentina
D-c72bcd89c9d5,web,Mac OS X 10_15_7,2024-12-20T02:55:44Z,1,0,AR
D-62833277b1dc,android,iOS 16.7,2019-03-04 13:20:07,1,,CO
D-eddbe0e1d32b,ios,Android 14,2024-03-04 16:11:43,1,0,CL
D-40df79860dda,android,iOS 17.5,2025-05-11 20:11:48-04:00,1,,CO
D-7ed365f003f5,android,,2023-09-19 20:20:02,1,,CL
D-3307fd654c52,Android,iOS 16.7,2020-03-15 19:48:07,1,1,PE
D-f293d57abf3f,ios,iOS 16.7,2023-08-02T01:22:06Z,1,0,CL
D-40b07c94201c,android,iOS 17.5,2026-01-08 10:38:38,4,0,chile 
D-36c17474d662,WEB,Android 13,2022-12-03T19:29:14Z,1,,CL
D-55807f4b7579,Ios,Android 14,2022-06-04T22:35:19Z,1,0,Estados Unidos
D-445a03208895,android,Linux x86_64,2022-07-08T01:55:09Z,2,,CHILE
D-df3b3b35fa3b,android,Mac OS X 10_15_7,24/05/2025 03:58,1,,Colombia
D-206481e77e00,ios,Android 9 (SDK 28),2026-02-21 16:07:16,1,,CL
D-be6d00bd8fd9,IOS,Android 14,2022-12-14 08:22:58,1,,CL
D-4a7a0d4afd30,web,iOS 17.5,2026-03-28T15:32:43Z,2,,Chile
D-87153d9dddad,android,Android 13,2019-08-07T03:13:57Z,1,0,CL
D-8ea56e574b17,ios,Mac OS X 10_15_7,2024-04-24 23:57:33-04:00,1,0,Perú
D-ab041520f210,android,Android 9 (SDK 28),2020-06-25 21:06:28-04:00,2,0,chile 
D-1684d38b3a23,web,Android 13,2022-10-17 22:37:41,1,, CL
D-85fdf18384ec,Web,iOS 16.7,10/02/2022 14:29,2,,CL
D-e18da0f22608,pos,Android 9 (SDK 28),2019-01-13T21:44:33Z,3,,CL
D-1ab236aed36e,web,Windows NT 10.0,2024-06-25 17:30:30,2,,CL
D-71ca102c0a90,Web,Android 14,2021-06-04 22:20:41-04:00,1,, CL
D-b4e4aded3d50,ios,Android 14,29/09/2023 03:51,1,,CL
D-f589ad131427,ios,,2025-03-28 20:55:43,1,,Peru
D-7058144b88a7,android,Android 13,2022-10-31T18:44:52Z,11,0, CL
D-218fc93e74d2,ANDROID,Android 14; SM-A546E Build/UP1A,2024-09-21 23:50:33,1,,CL
D-8a49bc85bc63,web,,2025-10-05 13:11:20,1,0,CL
D-8fb998f070d2,web,Android 9 (SDK 28),2019-07-16 12:00:00,1,0, CL
D-6b601a3882a2,pos,Linux x86_64,2023-05-13 19:27:33,1,,PE
D-23abdb65ae5c,WEB,iOS 17.5,2025-02-17T08:32:06Z,1,,CHILE
D-2e1755f14271,WEB,,2019-09-22 18:24:21,1,,CL
D-bdff8fa79d79,ios,Android 9 (SDK 28),2024-05-05 09:07:21-04:00,2,,CL
D-6a6655656f96,IOS,Android 13,2020-12-17 04:47:40,2,,CL
D-094d0cc23d25,android,Windows NT 10.0,2020-01-30 13:33:52,1,,CL
D-8b1a647982b6,web,Windows NT 10.0,2025-05-02 17:40:00-04:00,1,,Estados Unidos
D-2238ff459a93,ios,Mac OS X 10_15_7,2024-06-22 20:47:38,1,0,CL
D-419d348972a5,android,Windows NT 10.0,2021-05-26T14:03:30Z,24,,CL
D-87a1aa909922,ios,iOS 16.7,2022-04-19 16:41:06,2,,cl
D-9b14c2db20de,ANDROID,Linux x86_64,2022-04-24T05:01:40Z,1,,PE
D-66fc9e2affdc,ios,Android 14,2019-07-15 01:44:18,1,,Chile
D-ba542bffb5d1,android,,2024-12-30 20:00:44-04:00,1,0,ARGENTINA
D-1287b9bd983b,android,,2025-05-07 17:09:54,1,,CO
D-7d410d2ff51e,web,iOS 16.7,2025-11-28 18:48:26-04:00,2,,CL
D-34964770fed2,android,Android 14; SM-A546E Build/UP1A,2021-11-28 11:37:57,1,0,BR
D-2243325792c8,android,Android 13,2024-11-20T17:13:11Z,1,0,cl
D-2de0152e3644,android,Android 13,25/09/2021 19:22,1,,CL
D-15b0c5770408,web,,2021-08-16T04:38:57Z,2,,CL
D-f47fe64c4a8d,android,Mac OS X 10_15_7,16/07/2020 06:56,40,0,CL
D-0e5ab9d726d9,android,iOS 16.7,2021-08-04 21:38:22-04:00,1,,CL
D-339f33728f99,android,Android 14,2020-06-06 16:40:17,1,0,CL
D-a07693e3e5ab,ANDROID,Windows NT 10.0,2022-07-09 23:23:44-04:00,1,0,CL
D-95f4e57760d0,Android,Android 14,2019-10-19T17:54:58Z,1,0,CL
D-ed7849f6a013,ANDROID,Android 14,2023-06-07 12:13:35,1,,Perú
D-3aa0043e2e38,web,,11/04/2022 17:12,1,,BRASIL
D-87533e1550e8,ios,Android 9 (SDK 28),2021-12-01 07:43:40,4,,cl
D-4d7796535a6c,Ios,Linux x86_64,2023-06-27 03:35:16,2,,BR
D-88fa56b865ba,web,Android 14; SM-A546E Build/UP1A,2023-05-11T21:21:11Z,1,, CL
D-c8ab3f49e468,android,iOS 17.5,2025-02-03 21:46:23,1,,cl
D-a8da1b9bf4c7,web,Android 13,2023-05-24 07:55:01,1,,CL
D-85811e100074,Web,Android 14; SM-A546E Build/UP1A,2021-12-16T15:16:45Z,2,0,PE
D-bb236c5932af,pos,Android 14; SM-A546E Build/UP1A,30/10/2021 01:09,1,0,Chile
D-6641c3e40133,android,iOS 16.7,2021-03-08 01:11:05-04:00,1,0,CL
D-b0f9a3b4a67d,android,Windows NT 10.0,2023-08-06T13:04:27Z,1,,CL
D-b16b238189d3,ios,iOS 17.5,2025-02-08 18:17:53,1,,CL
D-ca1573b67f5e,ios,,2025-02-13 19:30:41-04:00,1,,CL
D-b8e6af20595f,android,Android 14,29/10/2023 03:30,1,0,Estados Unidos
D-50cd55c9abdc,android,,2026-05-21T21:21:07Z,1,,AR
D-b67b2fca26bd,Android,iOS 17.5,2022-02-03T23:07:45Z,1,,CHILE
D-063d668278e8,ANDROID,,2020-01-15 14:15:49,1,,CL
D-e4480784008c,android,Android 14,2024-11-23 16:21:22-04:00,1,,CL
D-56d298aecc29,IOS,Android 13,2026-06-06 15:13:58-04:00,14,0,CL
D-77dec1207435,android,iOS 16.7,2026-04-03 13:55:41,2,,CL
D-f8daa92cb7e8,android,Linux x86_64,2024-01-30 15:44:28,1,,CL
D-c0da957e434d,ios,Android 13,14/07/2021 15:33,1,0,CL
D-a5a0b516c026,ios,Mac OS X 10_15_7,16/02/2026 21:57,1,0,CL
D-5a9824c9b7a4,android,Android 14,2021-02-03T05:19:34Z,1,,CL
D-69519fbe79a9,ios,Mac OS X 10_15_7,2025-09-22 22:40:26,1,,CL
D-bd083b90366e,web,Android 13,2019-12-19T07:34:06Z,2,1,US
D-812a2a332dfe,android,Linux x86_64,2019-03-03T23:13:38Z,1,,US
D-553aa19f22be,android,Android 9 (SDK 28),2020-05-24 03:27:38,1,, CL
D-48fd3e75dfdc,ios,iOS 16.7,2024-08-11 18:16:18-04:00,1,,CL
D-71901b6bcb86,Web,Android 14,2024-08-17 11:21:26,1,,CL
D-4b8733446f4e,web,Android 9 (SDK 28),2023-03-30 14:09:06-04:00,1,,CL
D-0dbc499d71e6,pos,,2019-07-19 21:04:32-04:00,1,0,PE
D-03ae4a3b287e,ios,Android 9 (SDK 28),2022-12-02 19:58:41,1,,CO
D-025666d8f2b3,ios,Mac OS X 10_15_7,2023-12-08 19:46:21,1,0,CL
D-c7b289362df3,ANDROID,iOS 16.7,2019-03-23 20:25:18,1,,PE
D-1379ab53c23a,web,Android 13,2019-07-01T01:40:24Z,1,,CL
D-a98194b80999,ios,Android 14,2020-01-06 18:48:50,3,,CL
D-f204c16604ce,WEB,Linux x86_64,16/08/2022 15:07,2,0,CL
D-d937385b85ee,pos,iOS 16.7,2023-07-12 17:48:37,34,0,CL
D-c4d4cfec3f6f,ios,iOS 16.7,2024-10-08 05:34:18,1,,CL
D-d4eff5e8d963,Web,iOS 17.5,12/04/2025 13:05,1,,CL
D-67cdc98f57c7,android,Android 13,2021-02-28 20:38:25-04:00,1,,CL
D-657e1f4b876e,web,Mac OS X 10_15_7,2026-02-08T17:09:08Z,1,, CL
D-632cf098d084,web,Android 14; SM-A546E Build/UP1A,2026-07-30 11:12:57,1,,AR
D-770d6a45dcf8,ios,Windows NT 10.0,2019-02-13 04:30:02,1,,COLOMBIA
D-7e4a086c54df,android,iOS 17.5,2023-03-14 19:09:58-04:00,1,0,CL
D-9942356907d3,ios,Mac OS X 10_15_7,2024-04-03T06:33:23Z,6,, CL
D-d4ea13477134,ios,iOS 17.5,2025-04-04 19:01:09,2,,CL
D-3b63fb2e2cf7,android,Linux x86_64,18/03/2021 15:04,1,,AR
D-04c1a1fa20d1,android,Windows NT 10.0,2025-03-28 07:58:08-04:00,1,,AR
D-c4dee3f04d4f,ANDROID,iOS 17.5,2021-06-28 07:44:35,1,,CHILE
D-3cba7d5edf07,android,Android 14,2024-10-02 00:50:28,1,0,Chile
D-1353cfbf4122,pos,,10/02/2025 10:30,2,,CL
D-c0e85dc701ce,pos,Android 14,2023-05-04T23:23:29Z,1,,cl
D-017dbb0db30b,ios,,2023-05-13 01:13:26,1,,CL
D-7becd51f6dea,ios,Windows NT 10.0,2026-04-25 11:19:26-04:00,1,,CL
D-d0b4fe4d892c,android,Linux x86_64,2025-01-24T08:56:14Z,2,,Venezuela
D-1badd4b0bcf3,ios,,2019-05-24 09:12:31-04:00,1,0,CL
D-27bd79e5b0a8,Android,iOS 16.7,2026-06-07T10:30:33Z,2,0,CL
D-1ec7e30b1edb,ios,Android 9 (SDK 28),2019-09-10 22:35:23,2,,CL
D-25fe6b62030f,IOS,,2024-11-03 10:56:27,1,0,CL
D-3d2ab237d368,android,Android 14,2019-01-26T13:46:30Z,6,,chile 
D-3b67a5c0bab2,ios,iOS 17.5,2022-06-06 09:43:13-04:00,9,, CL
D-3a719a0023dd,android,Android 13,2022-06-01 11:11:11,1,,Russia
D-4700396a34c9,android,iOS 16.7,2020-07-11 14:47:34,5,,CL
D-3e724d91f028,ios,Linux x86_64,2025-08-16 08:46:35,1,,CL
D-78bf0ce5d187,web,Android 13,2022-04-04 02:49:30,30,0,CO
D-5af2d9ce78d4,android,Android 9 (SDK 28),2022-02-04 09:43:14,1,0,CL
D-9917646d09c0,android,Android 13,2023-11-08 01:30:44,2,,cl
D-c669b1d5f8f6,ANDROID,Android 13,2026-01-21T23:44:53Z,1,0,CL
D-9213b3c7554c,android,Windows NT 10.0,2020-10-28 06:23:01,1,,CL
D-5c09ac7fcf44,android,Android 14,2023-08-04 13:25:24,34,,CL
D-bb02b51139a3,web,Mac OS X 10_15_7,2021-08-23T11:13:31Z,8,0,chile 
D-2b7fa03925aa,ANDROID,,03/07/2026 06:20,1,1,CL
D-e53f54f7bbf2,Android,Android 9 (SDK 28),2024-04-28T08:48:02Z,6,0,BR
D-ac89d05100a6,Ios,iOS 16.7,2021-03-30 12:04:50,1,,CL
D-c2903dabd1c4,android,Android 14,2025-07-27 17:27:50-04:00,1,0,US
D-8593c4259b75,android,Android 14,18/03/2021 01:31,2,0,cl
D-e7964f7cab79,Ios,Android 14,2021-04-26 20:25:15,6,0,CL
D-064ba6dd4c66,Android,Mac OS X 10_15_7,20/09/2020 21:04,1,,CL
D-5438b4d80b92,android,Android 9 (SDK 28),2021-10-19T17:52:35Z,1,0,AR
D-beb3863bf2a9,POS,Linux x86_64,2022-04-18T21:03:53Z,1,,PE
D-dbd2dcc37075,android,Android 14,2026-01-07 10:40:37,1,0,CL
D-64aab389b43d,web,iOS 17.5,2024-11-28T09:21:57Z,1,,CL
D-75cc504eb577,web,Windows NT 10.0,2022-04-29T18:13:34Z,1,,CL
D-c1016d674098,android,Mac OS X 10_15_7,2022-09-27 17:11:40,1,,BR
D-ff5b28be7cb9,pos,Linux x86_64,2024-10-20 10:48:51-04:00,2,,Chile
D-492bc3c49d3e,android,Android 9 (SDK 28),2022-04-14T02:23:21Z,14,,CL
D-c11defdafb88,Android,,2022-09-18 17:46:54-04:00,2,0,CL
D-814e0392fe69,ios,,2023-07-26 08:19:24,1,,CL
D-041c8224c3ea,android,Linux x86_64,2026-05-13 23:35:44,1,,CO
D-ba727356ead3,web,Linux x86_64,2025-07-21 13:42:34,1,,CL
D-516e34ab0c28,ANDROID,Android 14,2019-08-22 13:44:52,1,0,Nigeria
D-d9cd0614e7f7,ios,Android 13,2024-03-08T10:23:01Z,2,,AR
D-0761e7f645ac,Android,Linux x86_64,15/09/2023 17:17,1,,CL
D-79cb8539443b,IOS,Android 14; SM-A546E Build/UP1A,2024-05-16T10:28:05Z,1,,CL
D-e9dde747221d,android,Linux x86_64,2021-09-19 21:41:42,1,,PE
D-d6b7a1c59457,web,,2026-01-29T14:20:39Z,1,,VE
D-40243f5a1031,ios,Windows NT 10.0,2020-02-15 07:03:49,1,,CL
D-b50e54f54309,web,Android 14; SM-A546E Build/UP1A,12/04/2023 22:26,1,0,CL
D-cafa05fe0d0b,ios,Android 9 (SDK 28),2019-06-01 10:36:36-04:00,2,,CL
D-1917f661b4d7,web,Windows NT 10.0,2025-08-16 20:23:45,1,0,AR
D-5aa5686570b8,pos,iOS 16.7,2025-12-21T11:26:40Z,1,,cl
D-0b88b6f44b65,Web,Mac OS X 10_15_7,2026-04-12 15:28:10,1,,CL
D-1c96d87eebf1,web,Android 13,2024-04-29T19:21:11Z,1,,PERU
D-5ee5003164ed,pos,Windows NT 10.0,2021-05-14 20:28:17,2,,CL
D-6711e5e32e05,android,Android 14,2021-10-14 10:38:27,1,1,CL
D-dc3cf3b8eb4a,android,iOS 16.7,2021-01-02 15:44:13,1,0,cl
D-ebde09ee5e14,android,iOS 16.7,2020-10-30 04:32:41,2,0,CL
D-1723fa1ef09b,android,Android 9 (SDK 28),2021-12-07 06:39:56,1,0,CL
D-b20cf627a3f2,Web,Linux x86_64,2022-11-28 04:33:52-04:00,2,0,CL
D-738e04bf2262,web,Linux x86_64,2022-03-25T03:10:30Z,1,0,CL
D-29fbd4eb7f07,android,iOS 17.5,2021-08-08 07:49:00,2,,CL
D-92a71864fa81,android,Mac OS X 10_15_7,2024-01-29T09:06:15Z,1,, CL
D-4211f7d2f8c2,ios,,2024-06-11 17:17:36,1,,CL
D-e3bd0ddfde11,Android,iOS 16.7,2019-08-17T10:01:11Z,1,,CL
D-d3cc80099fbc,android,Android 13,15/03/2023 20:05,2,0,CL
D-0ee9980a5d9b,web,Android 14; SM-A546E Build/UP1A,29/04/2024 20:34,1,,AR
D-b89acaf9664f,android,Android 14,08/09/2021 00:27,1,0,CL
D-0e336f21e58d,android,Android 14,2022-11-13T16:47:57Z,1,,CL
D-41b106fbbf6a,ios,Mac OS X 10_15_7,2021-06-19 04:05:29,1,, CL
D-1fdec0790c51,android,,2025-10-01 15:08:57,34,,CL
D-b52ae55d6e1b,ios,Android 13,2020-09-07 14:25:41,1,0,Chile
D-1e337ba10689,ios,,2025-10-06 22:06:29,1,,CL
D-e38fff6a411b,ios,iOS 17.5,2023-08-03 05:15:42-04:00,1,,CL
D-2039b01411c9,android,,2023-12-28 09:17:37,1,,CL
D-9e94b44767e6,ios,Android 9 (SDK 28),2026-06-05 06:24:41,4,,CL
D-8ddd18699d03,ios,iOS 16.7,2020-10-31T20:35:10Z,1,,CL
D-c741d0edd5f5,android,,2023-12-31T17:28:23Z,1,,CL
D-d3fc52d195f4,android,Android 13,2024-07-12 13:52:09,1,,VE
D-94994b8d2540,android,iOS 16.7,2019-05-17 14:31:52-04:00,1,,chile 
D-f7af5446d27f,android,Android 9 (SDK 28),2019-11-03 06:16:12,2,0,PE
D-02aeec5c32ad,web,iOS 16.7,2019-10-16 20:55:21-04:00,2,,CL
D-25ccd8fdaf75,android,iOS 16.7,2024-09-28T12:46:41Z,5,,PE
D-6bb109e01af4,IOS,Mac OS X 10_15_7,2022-09-13 16:46:12-04:00,1,,CL
D-eb44bc7f3fbc,ios,iOS 17.5,2019-06-14 09:19:44-04:00,1,,PE
D-17f435ead2e6,Ios,Linux x86_64,2019-09-04T05:59:36Z,1,0,CL
D-1bbcf7cb9377,ios,Android 13,2022-11-05 15:41:44,9,0,CL
D-ba16ceb19546,web,Linux x86_64,2026-04-06T04:42:38Z,1,,CL
D-abb91536c996,ANDROID,iOS 17.5,2025-08-24 04:44:44,1,,RU
D-6b930cc2674b,ios,Android 14; SM-A546E Build/UP1A,2025-06-19T03:05:43Z,1,,cl
D-5c7de59d7431,pos,Windows NT 10.0,07/03/2020 06:25,1,, CL
D-d0cfd1060a4d,android,iOS 16.7,2024-06-26T06:23:40Z,1,0,CO
D-372c6c5223f1,android,Android 14,2026-07-20 17:55:38-04:00,1,,CL
D-718c12eda9bc,android,Windows NT 10.0,2020-03-24 01:16:38,1,,CL
D-541cbe8c4b5d,android,Android 13,2021-07-01 14:04:15,1,,CL
D-95dd4b775b57,android,Mac OS X 10_15_7,2022-01-19T06:57:28Z,1,0,CL
D-4c77c37fba87,ios,Android 9 (SDK 28),2021-01-25 13:26:52,1,,CL
D-7b23e4efd002,android,Android 14; SM-A546E Build/UP1A,2022-07-06T01:56:36Z,1,,CL
D-13981d22115c,ios,Android 14; SM-A546E Build/UP1A,2020-08-24 06:48:31,1,,PE
D-4054f81007b0,ios,iOS 16.7,2025-02-16T10:42:59Z,1,,CL
D-405de47f44df,Web,Mac OS X 10_15_7,2020-03-07 17:46:58-04:00,2,0,CL
D-e18b249c1961,ios,Android 14,2024-01-09 23:50:15,2,0,Chile
D-7adbdbcfa3fd,IOS,,2019-08-05 04:44:38,2,,Nigeria
D-08d23ed8ecd0,pos,iOS 17.5,2022-05-26 21:32:36,1,,CL
D-1cec5fe2b0fb,ios,iOS 16.7,19/09/2023 14:45,1,,AR
D-0502125dc3db,ios,Windows NT 10.0,2025-01-23 01:28:46-04:00,1,,Chile
D-9d185c615104,ANDROID,Android 14; SM-A546E Build/UP1A,2024-11-13 14:57:37,1,,CL
D-9e2e15757ee9,ANDROID,Android 13,2025-01-20 07:23:52,1,0,CL
D-8a2d5c58d040,ios,iOS 17.5,2022-06-09T16:31:36Z,1,,CL
D-df0948e3e0a7,android,Android 14; SM-A546E Build/UP1A,2022-03-02 19:22:48,1,1,CL
D-c54458d5eda9,ANDROID,,2024-09-30T07:12:20Z,2,,AR
D-b5a29766a0b5,ios,Android 14,2026-06-07 09:55:18,1,0,AR
D-7e16be277f99,android,Windows NT 10.0,2023-10-21 22:59:33,18,,CL
D-ba1eb9749989,android,iOS 17.5,2022-11-18 15:23:41,2,,US
D-8470129c8ae3,web,,2021-01-29T17:39:17Z,1,,Perú
D-ba6bb00b3838,ios,iOS 17.5,2021-08-19T13:32:40Z,1,,CL
D-4f292240f31c,POS,Android 14; SM-A546E Build/UP1A,2023-07-13 21:33:49,2,,CL
D-32038ad580c7,android,Mac OS X 10_15_7,2019-05-15 09:05:43,1,,Chile
D-131eec0fb9fc,android,,2023-07-15 21:30:36,1,0,BR
D-6a2096308ee7,ios,Android 9 (SDK 28),2024-09-12T16:02:53Z,1,,CHILE
D-8eb35cb33b79,web,Linux x86_64,2025-02-01 10:12:30-04:00,1,,BR
D-f7e03fd573a0,ios,Android 14; SM-A546E Build/UP1A,2021-03-04 14:57:36,2,, CL
D-16b04075e084,IOS,,2025-11-02 20:14:15,3,,Brasil
D-fd2faf7836f2,IOS,iOS 16.7,2022-12-31 23:37:06,1,0, CL
D-c352bf5ec84b,pos,Mac OS X 10_15_7,2024-12-30 03:08:54,2,,chile 
D-3bc7fbf673c1,web,Windows NT 10.0,2023-04-12 08:21:30,1,,cl
D-bd3cb88e280d,android,Android 14,2023-08-06 03:48:24,14,0,Brasil
D-409df94ba31f,ios,Android 9 (SDK 28),2024-06-19 22:08:47,1,,cl
D-07f5ad8b6bb6,android,Mac OS X 10_15_7,2020-12-25 11:01:56-04:00,1,,RU
D-6d92f59d2036,android,Linux x86_64,2022-04-11 20:31:05,1,0,US
D-4725f97901fb,ios,Mac OS X 10_15_7,2025-07-13T02:08:16Z,1,1,chile 
D-a1ca1f5d0137,android,,2021-08-30 03:41:03-04:00,1,,CHILE
D-38d97c5608ef,pos,Windows NT 10.0,2025-03-04T16:26:41Z,1,,VE
D-82646cc25e94,ios,Mac OS X 10_15_7,2021-09-02T14:21:05Z,2,,CL
D-7ccd6df63914,ios,,2020-10-30T20:42:13Z,1,0,CHILE
D-a4c2d470b737,ios,Android 13,2023-06-01 18:26:48,1,,cl
D-789daad6ce97,ANDROID,Android 14; SM-A546E Build/UP1A,2020-05-25 21:45:53-04:00,1,,CL
D-ee03f1e421c5,ios,Android 9 (SDK 28),2023-03-09 00:57:31,1,,CL
D-60a76341e777,IOS,Android 14,2026-04-13 14:34:10-04:00,2,0, CL
D-1e4dd939bb43,Android,Mac OS X 10_15_7,2019-10-16T09:06:01Z,1,0,CL
D-8d00e3426dc5,IOS,Android 14,2019-11-18 21:30:06,2,,cl
D-e4d24f1579d3,android,Android 14; SM-A546E Build/UP1A,2024-03-29 17:06:39,1,,CL
D-4bbf590997d4,ANDROID,Android 13,2022-03-07T11:34:13Z,1,,Colombia
D-800d5a27f7bf,web,Mac OS X 10_15_7,2025-07-29 23:06:31,1,0,Russia
D-119d9acb3e0d,android,Android 14; SM-A546E Build/UP1A,2019-01-13T01:35:24Z,1,,cl
D-d70cdc989510,POS,Android 9 (SDK 28),2026-03-20 10:45:37,1,,US
D-2223beb10142,Android,Android 14,16/01/2026 14:43,1,,CL
D-3cd125a995cc,ANDROID,Android 13,2021-08-04T18:33:04Z,1,,CL
D-786841408951,ANDROID,Android 14; SM-A546E Build/UP1A,2025-09-26 07:47:31,1,0,COLOMBIA
D-55bb9f7813d3,web,iOS 16.7,2025-11-11 09:27:52-04:00,12,,US
D-868716c3fba9,web,,2024-07-19T06:55:25Z,4,0,CL
D-e76671258901,Android,Mac OS X 10_15_7,2025-11-10 10:19:40-04:00,40,,CL
D-81200c9ff3ba,ios,Windows NT 10.0,2024-03-27 08:55:26,1,0,Venezuela
D-ca369f3b7769,android,Android 9 (SDK 28),2024-07-21 02:31:27,1,,ARGENTINA
D-08d38843eac5,android,Linux x86_64,2021-12-30 10:56:29,2,,Chile
D-d74f84df6eb3,android,Android 14; SM-A546E Build/UP1A,2023-04-18 01:55:45-04:00,1,,CL
D-dd6504053d6c,android,Linux x86_64,2025-06-24T12:39:24Z,2,,CL
D-4131dddf7d26,Android,Android 14,2019-12-20 06:43:45,1,,Venezuela
D-b04fac92d07c,ios,,2026-06-11 21:55:05,1,0,CL
D-a1aeee039773,android,Android 13,2025-08-26 16:37:38,1,,Perú
D-111f207d1350,Android,Android 14,2023-11-28 00:47:25,1,,CL
D-ec34e41d60cd,ios,,23/05/2019 15:30,1,0,PE
D-ca466ecbf7f3,pos,Mac OS X 10_15_7,2021-06-19 01:15:25,1,,CL
D-3a2e6fd926ff,ios,Mac OS X 10_15_7,2019-02-01T07:14:50Z,1,,PE
D-8c4a596ff68e,android,iOS 17.5,2021-04-01 17:42:21-04:00,2,,CO
D-88b86f74cea9,web,Android 13,2024-09-09 22:00:17,1,,CL
D-aa16a0aa4683,android,Linux x86_64,16/07/2025 05:11,2,,CL
D-41b236e73fe1,pos,Linux x86_64,2024-07-18 15:15:56-04:00,1,0,CL
D-30fce8dea234,ios,,05/06/2023 11:58,1,,cl
D-3486ada4cc73,android,Android 9 (SDK 28),2024-03-23T05:46:33Z,1,,CL
D-549a4d41e6e6,ios,Windows NT 10.0,13/02/2020 04:25,2,,COLOMBIA
D-851008634862,Web,iOS 17.5,2024-05-03 19:02:39-04:00,1,,CL
D-9e654c046023,Android,Android 14,2026-03-31 11:00:04,1,,CO
D-bf9033527e10,android,Mac OS X 10_15_7,2026-06-04T14:57:58Z,1,,BR
D-b3b481b9b4c9,web,Android 14,2021-05-23 01:43:25-04:00,4,0,BR
D-93e317706283,web,,2025-07-14 20:39:43,1,0,CL
D-7ec6a09f3ade,web,Android 14,2023-10-08 06:52:59-04:00,2,0,CL
D-1ab46ce339f7,android,,2026-03-01 10:33:35,1,,Perú
D-14a9c461199b,ios,,2020-03-22 00:10:28,4,0,CL
D-f7d133250157,android,Linux x86_64,2020-08-06 11:28:09-04:00,1,,CO
D-d65f23d9fa08,ios,iOS 16.7,2019-12-28T14:48:18Z,1,,CL
D-43f7cfddf839,Android,iOS 16.7,2022-08-12 04:21:47,1,,CL
D-f05491f45647,Web,,2024-09-25 19:32:13,5,,CL
D-2c79fdda70a4,Android,Android 9 (SDK 28),2022-11-09T00:51:00Z,1,0,CL
D-634808bac0e1,android,Linux x86_64,2022-05-26T07:20:06Z,2,0,CL
D-1a9f8fd9d935,ios,Android 14; SM-A546E Build/UP1A,2020-12-29T01:44:15Z,1,,CL
D-5f1f0cdf445c,WEB,Linux x86_64,22/09/2022 23:41,1,,CL
D-e0af1e050619,ios,Mac OS X 10_15_7,2022-08-05 06:00:05,1,,CL
D-a0c08377e644,android,Android 13,2020-02-26 20:23:37,6,,Chile
D-91135507c617,WEB,Linux x86_64,2026-06-09T17:59:35Z,1,,PE
D-76f8827ad61f,android,Linux x86_64,2024-04-20T19:57:39Z,1,0,CL
D-3f943c6ee104,Ios,Android 13,2019-10-12 15:08:58,1,,Colombia
D-97fed3c84566,ios,Linux x86_64,2021-12-14T22:18:00Z,1,0,CL
D-b8031d1bfcd0,android,Android 14,2023-09-09 01:20:51,2,,PE
D-11629ec0fcca,android,Android 14,2026-05-28T15:59:34Z,1,,CL
D-fbbc13ce7909,android,Android 9 (SDK 28),2023-06-04 15:30:05-04:00,1,,CL
D-72df93bfdd64,Ios,iOS 16.7,2021-01-05 06:16:13,1,,CL
D-3db1f64c0c29,web,Linux x86_64,2021-11-26 08:16:57,1,0,Chile
D-a73ace553e93,web,Linux x86_64,2025-08-20T21:16:27Z,1,,PE
D-0350a5eeb667,IOS,iOS 17.5,07/07/2019 13:29,1,,AR
D-d29cb58a7dd4,web,Android 13,2020-07-14 19:47:54,1,0,CL
D-c92a9ab60033,web,Android 13,2026-03-08T14:12:01Z,3,1,CL
D-987ef6a3e504,android,,2025-08-16 20:33:41-04:00,1,,CL
D-154a4c51cd54,android,Android 9 (SDK 28),03/03/2020 22:31,1,, CL
D-5de444901633,Android,Android 14; SM-A546E Build/UP1A,2019-03-02 20:02:17,1,,CHILE
D-3a78620d8e23,web,Android 13,2021-09-27 06:35:32,1,,CL
D-06dfbb5f823c,android,,2020-07-26 12:21:19,1,,Brazil
D-574485aebaf6,web,Android 14; SM-A546E Build/UP1A,2023-12-02 04:21:27-04:00,5,,CL
D-ab78d55e7452,ANDROID,,2020-05-16T21:39:17Z,1,0, CL
D-8d415a697d93,android,Android 9 (SDK 28),2023-07-14 04:01:32,1,,CL
D-b555ee6b267d,web,Windows NT 10.0,2020-08-25 08:54:04,1,0,cl
D-6fff0ece9d9e,Pos,Android 13,2020-02-08 09:58:13,1,, CL
D-4553f1ddf6b6,android,Android 13,2019-01-09 22:43:54,1,,PE
D-0df3a3c98102,IOS,Mac OS X 10_15_7,2025-10-20 21:30:37-04:00,1,0,AR
D-912b61937bcb,pos,Mac OS X 10_15_7,2021-08-21 02:43:56-04:00,2,0,CL
D-364fa0f0240f,Android,Android 9 (SDK 28),2020-11-14 19:38:27,2,,CL
D-ef229dbcc732,android,Linux x86_64,2022-01-05 19:53:28,1,0,CL
D-a93e8e19ace7,WEB,Windows NT 10.0,2025-09-29 19:36:42,1,0,Brasil
D-f0403f8ab09d,ios,Windows NT 10.0,2020-03-09 15:28:10,1,,CL
D-b06b28358687,android,,2023-05-30 01:31:02,39,,BR
D-5b8e577ccf0d,android,iOS 16.7,2021-11-05T02:26:38Z,1,,cl
D-78bee921cebb,Web,Mac OS X 10_15_7,31/05/2023 00:51,1,,CL
D-d3fe2c2ddf5d,android,,2023-02-13 22:34:27-04:00,1,0,CL
D-58503fce575a,ios,iOS 17.5,2026-05-04 00:24:05,1,,CL
D-78daa26fa825,pos,Android 13,2022-02-07 08:59:41,1,,CL
D-af3e95963db6,android,Windows NT 10.0,2019-04-14T05:48:37Z,1,,CL
D-3497a3ff1a41,IOS,iOS 17.5,2019-03-15T03:16:18Z,1,,chile 
D-c692a4fd6574,android,Linux x86_64,08/01/2022 23:17,1,,PE
D-175c7cfe0bd4,android,iOS 17.5,2025-11-11T19:46:47Z,1,,CL
D-457b76a37b88,android,Android 14,2020-02-11 22:18:08,2,,CL
D-1abfc6ded6b0,android,Mac OS X 10_15_7,2019-11-11 17:29:47,1,,CL
D-a37c966566c4,web,Android 14; SM-A546E Build/UP1A,2025-07-29 11:37:46-04:00,2,,cl
D-266043f06778,ios,,2019-12-20T17:42:28Z,2,,CL
D-fcada6c306d8,android,iOS 16.7,2026-02-23 18:08:01,1,,CL
D-a34ccd229753,ANDROID,Android 9 (SDK 28),2024-06-12 10:30:56,1,0,RU
D-6c493b40f5bd,android,Android 14; SM-A546E Build/UP1A,2023-02-12 19:17:40,1,,CL
D-45857223e905,android,Mac OS X 10_15_7,2026-04-04T09:54:55Z,1,,chile 
D-839a2dbd9caf,ios,iOS 16.7,2021-12-21 07:20:08,1,0,CO
D-609a209206b9,android,Windows NT 10.0,2024-07-23 02:05:55,4,,CHILE
D-a12dd2ff9332,android,iOS 17.5,2021-10-12T16:11:15Z,1,,CL
D-dbc7f31dabec,ANDROID,Android 14; SM-A546E Build/UP1A,2023-04-15 17:31:01,1,,CL
D-cf0f1f252d17,android,iOS 16.7,2019-03-25 16:54:49-04:00,5,,chile 
D-c50f8f5d4fbe,Ios,Windows NT 10.0,2024-01-08 06:38:30,1,1,CHILE
D-4351317d7368,ANDROID,Android 14,2026-03-05 19:36:46,1,,CL
D-ad2c0c733219,Ios,Android 14; SM-A546E Build/UP1A,2022-12-29 05:00:12,1,0,CL
D-ad641141556a,WEB,Android 9 (SDK 28),2025-02-20 08:54:41,2,,CL
D-c1331a3264a2,web,Android 14,2023-04-29T18:36:11Z,1,0,Brazil
D-0be78e45507c,android,Windows NT 10.0,2025-12-15 08:20:55,1,1,CO
D-d765f929e319,ios,Mac OS X 10_15_7,2025-07-29 11:47:11,6,1,CL
D-59b5c11ba138,android,Linux x86_64,2025-04-15 13:27:17,1,,CL
D-c5eb471d7afb,android,Android 13,2021-01-17T11:12:43Z,1,0,CHILE
D-2672ad411132,web,iOS 17.5,2019-08-19T02:34:08Z,1,1,CL
D-2a10602a9c11,Pos,Android 14; SM-A546E Build/UP1A,2025-03-18 08:52:46,1,0,CL
D-9ecd9e734083,web,Android 13,2021-06-10 23:11:20-04:00,1,,CL
D-486874b32e83,android,iOS 17.5,2023-10-20 13:55:31,1,0,chile 
D-69179e0a7010,Web,Android 13,2026-04-11 05:54:13-04:00,2,,CL
D-ae11cd64d665,ios,iOS 17.5,2021-04-29 18:38:09,1,0, CL
D-bf0d67e08e6a,android,iOS 17.5,2023-06-15 17:32:04,1,0,CL
D-d45fdab59ee7,Android,,2023-12-07T01:46:42Z,6,0,CL
D-d5973d6c6d1a,web,Linux x86_64,2026-05-20 12:44:16,1,0,VE
D-644c297c208a,android,iOS 17.5,2025-04-11 12:28:09-04:00,3,0,CL
D-ba2867c2a7d6,web,Android 13,2024-02-23 13:13:21,1,0,CL
D-a6f0f330dcef,ANDROID,Android 9 (SDK 28),2025-12-17T23:03:20Z,1,,CL
D-ecf9cf167626,android,iOS 16.7,2021-07-24 04:42:15,1,,CL
D-c2ee7b3f098d,ios,,2025-10-31T00:07:48Z,1,,CHILE
D-41706ce63743,android,,2020-11-12 22:45:37-04:00,1,0,CHILE
D-55fcf0ef6c3b,ANDROID,Android 14; SM-A546E Build/UP1A,2025-11-13 13:22:21,1,,CL
D-4adf72f03c7e,android,Android 13,2023-10-25 10:05:43,1,,CL
D-f1c5980aa43b,web,Android 13,07/11/2022 11:07,1,,CO
D-e7fab466e229,ios,iOS 16.7,19/10/2024 14:43,1,0,CL
D-c0a6c4f0011b,android,Mac OS X 10_15_7,2025-11-03 23:44:09-04:00,1,,CL
D-75623def2718,android,Android 14; SM-A546E Build/UP1A,2022-11-26T10:37:26Z,2,,CL
D-8ec3d0b7f48d,android,Linux x86_64,2023-09-20T04:38:19Z,1,0,RU
D-bcad8f6b97a0,android,Android 13,2025-01-23T18:50:03Z,2,0,CO
D-5e385137a45d,ios,Linux x86_64,2025-11-21T00:29:57Z,1,0, CL
D-f49ff1b8e637,web,,21/03/2022 08:51,1,,BR
D-89731f42482f,android,Android 13,2019-06-19 04:19:59,1,,CL
D-fb91fa7fb18c,web,Android 14,2024-01-11T07:48:05Z,1,0,CHILE
D-05a9af318d60,web,Android 13,2025-09-25T05:40:05Z,1,,CL
D-ad5e92308237,android,Android 14,2019-05-21 12:26:13,1,,BR
D-3a008a2874dc,android,Android 14; SM-A546E Build/UP1A,2025-02-01 16:00:45-04:00,5,,CL
D-4ed1da3eeec2,android,iOS 17.5,2019-11-11T15:49:56Z,1,,CL
D-a76bc7e5f7c3,WEB,Android 14,14/06/2025 07:26,39,0,US
D-242344db0f08,ANDROID,Android 14; SM-A546E Build/UP1A,2020-04-17 22:17:06,1,,CL
D-835072d7ed33,IOS,,2026-05-20T08:00:11Z,1,,CL
D-4f3b3d5a0909,WEB,Android 14,2021-03-19 04:34:24,5,0,Venezuela
D-1b69d60c01d6,ios,iOS 16.7,2023-09-21 22:10:49-04:00,1,0,CL
D-7f116382a054,android,Android 13,2023-03-17 05:50:39,1,,BR
D-d749df226f15,WEB,iOS 17.5,2025-01-21 20:01:10,1,,PE
D-1c9cedca73a8,Web,Mac OS X 10_15_7,2024-09-25T17:35:00Z,1,0,RU
D-a2f372ef3f55,web,Android 14,17/05/2026 15:39,1,,CL
D-2d388b8f0187,pos,Android 14; SM-A546E Build/UP1A,2026-07-27 15:32:47,1,, CL
D-3b432deb5416,ios,Android 9 (SDK 28),2021-08-01 22:45:00,1,,Argentina
D-b1f5557aff79,ANDROID,Android 9 (SDK 28),2020-03-23T06:47:17Z,1,,Nigeria
D-5080ecb361ee,web,Android 14; SM-A546E Build/UP1A,2024-05-07T02:17:48Z,1,0,CL
D-ed0c6c4acf80,android,Windows NT 10.0,2023-11-17 05:21:29,3,,cl
D-834f4da3f48b,android,Android 9 (SDK 28),2021-04-07 08:43:06,1,,CL
D-6582f10e6e1c,ANDROID,,2022-11-17 22:06:44-04:00,1,,CL
D-a45a3320690a,web,Android 14; SM-A546E Build/UP1A,2025-02-26T03:22:59Z,2,,chile 
D-a250ce482c6c,ios,Android 13,2020-12-15 05:01:04,2,,CL
D-27df71bb3e07,ANDROID,Android 9 (SDK 28),2024-09-12T12:35:34Z,4,0,CL
D-7b0594cf0cff,android,iOS 17.5,01/08/2020 20:00,1,0,CL
D-76d138031c83,ios,Android 13,2023-12-02 02:00:18-04:00,1,,NG
D-1b2ce9696183,WEB,iOS 17.5,2025-10-16T00:10:02Z,1,,CL
D-dd9fc6b4ee3e,android,Android 9 (SDK 28),2021-05-15 12:15:00-04:00,2,,CL
D-a59018b2dfa4,Ios,Mac OS X 10_15_7,2025-10-26 19:47:35,1,,CHILE
D-524d599cdf8b,pos,Android 9 (SDK 28),16/03/2022 21:03,1,,US
D-a556ad63f92c,android,iOS 16.7,2019-08-10 02:45:05,1,,PE
D-c2828ea389a2,web,Android 14; SM-A546E Build/UP1A,2020-01-05 07:51:12,24,0,CL
D-fdb998508ab7,web,,2021-10-10 06:46:48-04:00,1,,CHILE
D-7158a24ea73c,android,Android 14; SM-A546E Build/UP1A,2023-06-12 04:48:40,1,, CL
D-eb5e7a2193ee,pos,Windows NT 10.0,12/05/2021 20:33,1,0,CL
D-158a9b5c73e9,Android,iOS 17.5,2024-06-07 19:56:24,1,0,CL
D-6aaf78987c62,android,Android 9 (SDK 28),2025-02-13T11:16:29Z,1,,CL
D-c568b02d84ac,pos,,09/06/2025 13:36,1,,CO
D-996e30f2e137,Ios,iOS 16.7,2025-11-29T06:23:22Z,1,,US
D-4369176ba974,ios,iOS 16.7,15/08/2019 06:39,1,,BR
D-5d3d14087ef7,ios,iOS 17.5,2022-09-28 04:13:28,5,,Chile
D-74675d46c2f5,android,iOS 17.5,2020-12-22T13:08:38Z,2,,CL
D-cb733e0270bc,web,Android 14; SM-A546E Build/UP1A,2020-01-14 20:39:05-04:00,35,,CL
D-769b463646a2,Android,iOS 16.7,2022-11-26T15:22:06Z,1,,CL
D-87b783c844c7,ANDROID,iOS 16.7,2022-03-11 07:33:23,1,,Brasil
D-28755e6786cc,web,iOS 16.7,2024-09-12 08:07:40,1,0,CL
D-b7382d13d84f,pos,Android 14; SM-A546E Build/UP1A,2022-06-30 01:40:32-04:00,1,,CL
D-654d6ce346aa,Android,Windows NT 10.0,2022-03-01 16:12:02,1,0,US
D-a6a1d332662f,android,Windows NT 10.0,2023-06-19T16:51:15Z,1,,Venezuela
D-81f47a442f00,android,Windows NT 10.0,2023-01-01 22:56:56-04:00,1,0,CL
D-a597ab46f966,android,Android 13,2023-06-26 12:13:48,1,1,CL
D-a1ab9e3334b9,android,Android 13,2026-02-16 22:36:27,1,0,CL
D-3b03d4692abe,web,Android 14; SM-A546E Build/UP1A,2025-06-15T17:14:40Z,1,,US
D-dcae978da580,android,iOS 16.7,2023-05-07 18:48:50,1,,CL
D-90ca7943ac0d,android,Mac OS X 10_15_7,2019-09-08 05:09:09,2,0,chile 
D-8e7ff3eb20c6,android,Android 13,2023-11-20 23:51:17,1,,CL
D-612804f3bf56,web,Linux x86_64,2025-12-28 13:17:24,2,,CHILE
D-5e745fa588ae,ios,Android 13,2022-03-09T06:39:16Z,14,, CL
D-daa5f2a7a9b2,android,,2021-02-15 17:20:51,4,,CL
D-466b35525c44,ios,iOS 16.7,2020-11-16T03:09:29Z,1,,CL
D-9844df0e3cd2,ios,Android 14; SM-A546E Build/UP1A,2022-10-03T07:51:39Z,1,,CL
D-2908536b3d15,pos,Android 13,2020-12-09T11:14:20Z,1,0,CL
D-5c142e9f0651,android,iOS 16.7,2025-05-15 00:35:52-04:00,5,,CL
D-777091bb0aa9,Web,Android 14,2021-01-07 02:32:06,1,,CL
D-e61441ea87a0,android,Android 9 (SDK 28),2021-06-27T00:24:37Z,1,,Chile
D-0a3f08695a59,pos,iOS 16.7,2021-07-16 02:11:31,1,, CL
D-b422c0c46a8a,Ios,Windows NT 10.0,2021-08-19 15:20:14,1,,CL
D-8de818bd85b6,web,iOS 17.5,2023-06-15 17:17:27-04:00,2,,CL
D-5604bba6770b,ios,,2022-06-11 16:50:43,2,,CL
D-e674f1c506e2,ios,Android 9 (SDK 28),2025-08-01 08:48:11,2,,CL
D-0674c12f3576,web,Mac OS X 10_15_7,2025-05-18 22:18:39-04:00,1,,chile 
D-2d0827e47904,android,iOS 16.7,2024-08-07T08:14:32Z,1,,RU
D-4614f1242c2c,ios,iOS 16.7,2020-08-05 05:26:06,1,,CL
D-c408a4769321,ios,Android 9 (SDK 28),2024-01-22 08:46:23,1,1,CL
D-2bf8c78c736b,android,Windows NT 10.0,2020-01-04 21:09:36,1,,CL
D-18e764ad1e7d,android,iOS 17.5,02/06/2024 05:27,1,,PE
D-886fa4c547fc,android,Linux x86_64,2024-05-26T02:44:27Z,1,,CL
D-890272fdda0d,ios,Android 14,2019-01-04 00:14:32,6,0,Argentina
D-47314abf47d4,Ios,Android 14; SM-A546E Build/UP1A,2023-03-07 19:54:39,1,,CL
D-69ea264f509d,ios,Android 14,2019-09-22T20:16:40Z,2,0,Venezuela
D-e60c6a5174e6,pos,,2025-01-04 18:48:15,1,,CHILE
D-e8cc5e062df3,ios,iOS 17.5,2021-07-18 11:32:28-04:00,1,,CL
D-c98f5bb7c797,android,iOS 16.7,2023-03-01 19:39:12-04:00,1,,Brazil
D-e2243db22c6b,Android,Linux x86_64,2019-06-29 14:15:08,1,0,CL
D-4a52cf312239,Android,Android 14; SM-A546E Build/UP1A,2019-12-24 00:23:47,1,,CL
D-64e9ed85245d,IOS,iOS 16.7,2024-12-13T07:25:35Z,1,,Argentina
D-c58bd8e36d6a,pos,Android 14,2024-03-20 04:04:33,1,, CL
D-ec716ad0d4a5,ios,Android 14,2024-11-11 09:55:05-04:00,1,,cl
D-01fb99e0884f,IOS,iOS 16.7,2021-04-05 14:22:07-04:00,1,,CL
D-f7a2635deaaf,android,Windows NT 10.0,04/04/2026 13:50,1,0,CO
D-f7cd0ce19dbe,android,Android 14; SM-A546E Build/UP1A,2026-01-15 20:28:06,1,,US
D-eca61eb55658,web,Linux x86_64,20/02/2019 18:38,35,0, CL
D-5983d9f2c545,android,Windows NT 10.0,2020-08-15 05:55:48,1,,CL
D-08c29fc70cc6,Web,Windows NT 10.0,2026-05-26 16:56:55,1,,CL
D-44ba3d2daee6,ios,Mac OS X 10_15_7,2025-05-01 21:16:14-04:00,1,,CL
D-754675c8ebb3,android,Android 9 (SDK 28),2022-01-08 01:49:31-04:00,1,,CHILE
D-1a4e910e45d3,web,Linux x86_64,2020-05-18 23:22:36,1,,CL
D-dd07cf9ac864,web,,2023-10-09T06:16:22Z,1,,CL
D-69060719ff26,android,iOS 16.7,2023-05-27 13:01:55,1,0,CL
D-e55d4c0a19f2,web,iOS 16.7,2024-03-24 02:51:05,1,,CL
D-edf473f83980,ios,Android 13,2019-05-30T19:12:46Z,6,0,CL
D-2b6346abfe28,ios,Android 9 (SDK 28),2020-02-05 21:16:43-04:00,1,,CL
D-dd465ef1f7b7,android,Android 14; SM-A546E Build/UP1A,2020-12-13 21:05:07,1,,CL
D-84c7a6daa0dd,Android,iOS 16.7,2025-06-14T01:23:43Z,1,,CL
D-cbcb6989ff84,ios,iOS 17.5,2022-08-02 15:36:42,1,,AR
D-925992bb7548,web,Android 14; SM-A546E Build/UP1A,2019-08-25T20:05:13Z,2,,cl
D-0cafa4c633ab,android,,06/07/2024 21:01,1,0,Chile
D-a89fbcedcc31,android,Android 14; SM-A546E Build/UP1A,2019-01-13 03:56:05,1,0,BR
D-fbe1fb6383ac,android,Android 14,2020-05-04T06:17:56Z,1,,CL
D-6904d3ae5f96,web,Windows NT 10.0,11/03/2023 05:56,1,,CL
D-d6146dd55cfc,POS,,2024-07-13 20:32:52,1,,Chile
D-c86018f1ada2,android,iOS 16.7,2024-01-29T07:06:22Z,5,,Russia
D-378d578c5400,android,iOS 17.5,2024-04-16T06:35:15Z,1,,CL
D-e9ca46fab8ce,ios,Windows NT 10.0,2024-04-11T06:19:45Z,1,,CL
D-71e9288041be,ios,Android 13,2025-01-20 01:26:54,6,0,CO
D-a3db6b1f06a8,web,Android 9 (SDK 28),2026-06-15 09:07:16,1,,CL
D-62cf7491af8f,ios,Android 14,2026-03-19 10:42:36,2,,CL
D-f0294d643a64,web,Android 9 (SDK 28),08/03/2025 08:29,1,0,CL
D-ad7b48b58b80,Android,Android 14; SM-A546E Build/UP1A,2021-02-19T05:40:50Z,1,,cl
D-99c21f935383,android,iOS 17.5,2022-09-06 23:56:11,3,,CL
D-64133f38f1a7,ANDROID,,2020-12-03T00:33:02Z,1,,CL
D-6de033f002fa,WEB,iOS 16.7,2025-05-24 22:35:27,2,,CL
D-fe7b07e35094,ANDROID,iOS 17.5,2019-08-09T18:02:46Z,1,,CL
D-d2f8b2069cbd,ios,Android 14,14/07/2021 16:38,2,,BR
D-bc1040faee48,android,Windows NT 10.0,2021-12-27T15:17:21Z,1,,CL
D-1da29c52b0ed,ios,Android 9 (SDK 28),2022-11-14 01:51:56,4,,CO
D-7249852faa11,android,Android 13,2025-06-25T20:00:19Z,1,,Colombia
D-f34628c39160,android,Linux x86_64,2019-11-09 11:58:36,1,,AR
D-f7decb793747,ios,iOS 16.7,2023-08-20 18:40:39,1,,CL
D-a13f06f88702,android,Android 13,2025-02-27 10:07:44-04:00,2,,CL
D-4a7f4e422cfc,POS,Linux x86_64,2022-06-26 21:35:58,1,,CO
D-997ce8180814,android,Android 14,2022-06-25 21:22:43,1,,chile 
D-3755c36b7aef,android,Android 14,2019-09-11T06:21:05Z,1,,CL
D-6fd0346bf6a2,ios,Android 13,2019-05-12 22:48:28,1,,CL
D-99867123a9da,Android,Android 14,2019-08-09 20:36:24,5,0,CL
D-518aa615c4c8,android,iOS 17.5,2025-01-22T07:07:59Z,4,,CL
D-6e91c95b520b,android,Android 13,02/09/2023 23:28,1,,CL
D-6652338692a6,ANDROID,Windows NT 10.0,2024-09-17 06:36:23-04:00,1,,PE
D-58a4375090a9,android,Linux x86_64,2019-03-26 20:32:10-04:00,1,, CL
D-f36bde50e43c,ANDROID,Android 14,2020-04-15 03:44:49-04:00,2,,CL
D-f81e6995665d,IOS,Windows NT 10.0,2021-09-11 13:16:03,1,0,Chile
D-5c17a95f36c4,WEB,,2021-04-27 15:25:11-04:00,1,0,chile 
D-fa48f39f55b0,Ios,Mac OS X 10_15_7,2026-05-31 13:18:32,1,,PE
D-8b0cfc2cef29,web,Android 14,2020-06-09 18:15:07-04:00,2,,PE
D-6e2829e04363,pos,Windows NT 10.0,2019-03-01T17:29:08Z,5,,CL
D-fa95e7955423,android,iOS 16.7,2019-12-07 00:27:02,5,,chile 
D-bfa92d163d16,android,Android 14,2019-01-16 01:40:30,3,,CL
D-9f918445bfc5,ANDROID,Linux x86_64,2024-04-14 06:17:38-04:00,1,0,CL
D-019be2c8b666,android,Android 14,2025-02-13 21:38:57,1,0,AR
D-53ae40533633,ANDROID,,2023-05-28 10:03:18,1,,CL
D-5665744da832,android,iOS 16.7,2025-03-05 14:40:23,2,,CL
D-cd50857fa137,ios,iOS 16.7,2021-04-26T10:57:55Z,1,0,Chile
D-9d4a45faf568,ios,Mac OS X 10_15_7,07/03/2026 01:33,1,,CL
D-a8b4da7c167e,ios,Android 13,2025-02-23 06:19:37,1,,CL
D-33872b4de540,android,Windows NT 10.0,2022-09-14T10:24:20Z,1,0,CHILE
D-db1f59df135e,android,Android 14,2023-04-18 09:24:37,1,1,CL
D-6ac97315e44b,android,Linux x86_64,2019-09-08T14:20:17Z,1,,CL
D-cb6241e87c4a,android,iOS 17.5,2026-02-09 22:13:25,1,,CL
D-61331b988062,android,Windows NT 10.0,26/12/2024 16:41,1,0,CL
D-6e8a4460b244,IOS,,2025-03-19 14:07:11-04:00,1,,CL
D-2312cdb2d4c2,ios,iOS 17.5,2021-03-21 04:43:04,1,0,Perú
D-e0c0808347f1,Android,iOS 17.5,2022-07-22 03:36:20,1,,CL
D-29a5b2f6cca4,web,iOS 16.7,2026-01-16T17:32:55Z,3,,AR
D-2324118b95b6,android,Android 13,29/06/2022 14:17,2,,CL
D-4380b1e1e8c7,ANDROID,Mac OS X 10_15_7,2020-04-25 08:44:53,1,,CL
D-c2ba16baa626,ios,Mac OS X 10_15_7,2020-05-06 19:44:38-04:00,1,0,cl
D-6da8a800ec3e,web,iOS 16.7,26/02/2021 10:18,1,,BR
D-50723bd444aa,android,Linux x86_64,2020-12-28 14:44:47,1,0,CL
D-6025a25ca790,android,Android 9 (SDK 28),2025-11-25 19:37:46,1,,AR
D-e805d2c10c66,web,Android 14; SM-A546E Build/UP1A,2022-01-05 23:24:40,1,0,CL
D-e4838e2e43b8,ANDROID,Linux x86_64,2019-05-25T04:57:33Z,1,,BR
D-56878c33fb24,IOS,Windows NT 10.0,2022-04-30 11:19:23,1,,CL
D-2bb1b4031558,android,iOS 16.7,21/04/2024 00:18,1,,CL
D-c8822940b104,Web,Android 13,2020-09-25 20:14:27,3,,CL
D-07623b9f1d53,WEB,Linux x86_64,2020-02-25 01:02:41-04:00,1,,CL
D-2868c31ec0c6,android,iOS 16.7,2025-01-26 09:47:25,3,,CL
D-abe2b4d8f996,android,Linux x86_64,2022-01-10 18:15:28,1,0, CL
D-1db02cf3089f,android,Mac OS X 10_15_7,2024-07-18 02:25:00,1,,Chile
D-7e84924c66d7,ios,Android 13,2019-05-14T12:26:53Z,1,,CL
D-a22e16426a6e,android,Windows NT 10.0,2024-07-01T05:39:47Z,1,,Brasil
D-aac9d8e3d1a1,IOS,Android 9 (SDK 28),2024-02-29 13:33:36-04:00,1,0,CL
D-d139622fd44e,android,Linux x86_64,2021-06-22T02:59:56Z,5,,CL
D-abbb882c68d2,ios,Linux x86_64,2022-01-25 05:52:44,1,,CL
D-eff34e586f72,android,,2021-09-26 15:43:30,1,,CL
D-20d811b5d88e,IOS,iOS 16.7,2019-09-01 18:44:54,6,,CL
D-b0ed14e92bd5,web,Windows NT 10.0,2020-07-08 07:06:04-04:00,1,,CL
D-889fedee95ab,web,Android 14; SM-A546E Build/UP1A,2024-08-03T03:26:56Z,1,0,cl
D-f9776c970f71,ios,Android 14; SM-A546E Build/UP1A,2021-06-27 15:53:45-04:00,1,,ARGENTINA
D-c23e5d805f2a,web,Mac OS X 10_15_7,2024-09-17T14:17:31Z,2,,chile 
D-8f374e7d4d4d,Android,Linux x86_64,2025-12-21 21:05:23-04:00,1,,PE
D-db479abc4518,web,Android 14; SM-A546E Build/UP1A,2021-09-01T22:54:28Z,1,1,CL
D-fda12200302d,web,,2023-01-26 08:43:51,2,,CL
D-11c0093045b1,ANDROID,Android 9 (SDK 28),2022-05-29 12:03:29,1,1,NG
D-e17a4e84037b,android,iOS 16.7,2021-09-08 01:36:02,1,0,US
D-afd592df581a,ios,Linux x86_64,2019-03-15 21:00:06,1,1,CL
D-e86247f0d265,Ios,Mac OS X 10_15_7,2020-03-11 07:35:23,1,,CL
D-dd1574f311b7,android,Android 14,04/07/2022 23:53,1,,CL
D-2e5bbf02ed83,android,Linux x86_64,2023-06-17 16:00:52,1,,CHILE
D-1b5d310a8a48,web,Linux x86_64,2022-12-09T22:20:49Z,1,,chile 
D-23b908b119a1,Android,iOS 17.5,2022-04-16T10:15:41Z,1,, CL
D-1d8fae76f2c8,ios,Windows NT 10.0,2019-03-27T19:20:05Z,1,,CL
D-eed4fd9aa4fa,ios,Android 9 (SDK 28),2022-02-15 11:30:41-04:00,1,,CL
D-0f9da84fdbfc,web,Windows NT 10.0,2023-01-28 17:55:48,3,,CL
D-cc0e7e391b0d,ios,Android 14; SM-A546E Build/UP1A,2021-10-06 06:55:58,1,,Perú
D-8135b90bf85b,android,,2020-05-11T10:18:18Z,1,,CO
D-b26ad5c80b10,android,iOS 16.7,2019-07-16 13:52:15,1,1,CL
D-307dee4d039c,ios,iOS 17.5,2020-04-29T12:04:09Z,1,,CL
D-7ed46c3b2c27,web,Windows NT 10.0,2024-07-24T23:14:26Z,1,0,US
D-b854185e0da8,android,Android 14,07/09/2020 16:30,1,,CL
D-5814f87f81c1,ios,iOS 17.5,2022-02-16T04:29:42Z,2,,CL
D-11b88c5043f6,android,iOS 17.5,21/09/2023 11:29,1,,CL
D-470535353355,android,Mac OS X 10_15_7,2026-04-08 05:04:48,1,1,CL
D-72600831c310,web,iOS 17.5,2023-11-28T07:58:11Z,1,,Chile
D-686b14c64a46,Android,Linux x86_64,2019-10-27 18:36:23,1,0,CL
D-59a862d5e927,IOS,Android 13,05/01/2019 13:07,3,,CL
D-ed0f7e634996,pos,Linux x86_64,20/08/2019 17:02,1,,CL
D-d2487adc4071,android,Android 14,2021-02-15 02:36:09,1,0,CL
D-d5a811814f8e,android,iOS 16.7,2023-08-01T09:32:44Z,1,,US
D-fd233a32181a,web,Android 14; SM-A546E Build/UP1A,2020-07-29 06:49:35,1,,CL
D-33a86cc25302,android,,2025-06-23 21:15:33,1,,CL
D-69dd66f6b77d,IOS,Android 13,2020-05-15 18:28:42-04:00,1,,CL
D-0dea78b382f1,pos,,2025-09-24 01:50:31,1,,Brasil
D-612d51644eb6,android,Android 9 (SDK 28),07/12/2022 22:37,1,,CHILE
D-2f6fff55c19d,ios,Linux x86_64,13/10/2022 22:22,1,0,CO
D-0bca8ebb9b5b,android,iOS 16.7,2023-11-12T21:16:32Z,1,,CL
D-6ec50e0f5a6f,android,Android 13,2024-07-02 23:15:43-04:00,1,, CL
D-093fccf1a071,ios,iOS 16.7,2019-07-27T09:41:38Z,2,,CL
D-f11202375faf,ios,,2021-10-03 15:44:15-04:00,2,,CHILE
D-f4a6febd3a48,ios,,06/09/2024 06:15,2,,PE
D-f288d8251b0a,android,,2023-12-06 05:17:59,6,0,CL
D-829dbdb53b75,android,iOS 16.7,2022-01-27 01:29:22,2,,PE
D-f11d97ba8dc7,web,Android 14,2026-07-25 22:41:27,1,0,VE
D-99c7f8172bc3,ios,iOS 16.7,2022-07-05T15:27:02Z,1,,CL
D-0e49a66eee69,ios,Android 14; SM-A546E Build/UP1A,2022-09-27 05:35:37-04:00,1,,CL
D-70181ecf7243,ios,Android 9 (SDK 28),2025-02-28 16:11:17,2,, CL
D-2eec3f807cfa,android,iOS 16.7,2021-05-11 18:45:55-04:00,1,,cl
D-90ec855162ab,ios,iOS 16.7,2023-08-01 22:14:18,1,,Chile
D-7c25a629fb30,ios,Windows NT 10.0,2026-07-17 18:12:00,1,0,CL
D-57764991d4d8,ios,,2021-02-25T23:48:43Z,2,,CL
D-cd5b29a7a9e3,android,Mac OS X 10_15_7,2023-02-17 17:32:44-04:00,1,0,CL
D-023ec08c1710,web,Android 13,2025-04-22 23:10:39-04:00,1,,CL
D-a7b9e463984b,android,Android 14; SM-A546E Build/UP1A,2019-03-01 14:43:33,40,,AR
D-a8672a96ea10,IOS,iOS 17.5,2024-05-08 13:36:17-04:00,5,,CL
D-9b825bdf0935,web,Windows NT 10.0,2023-04-01 23:49:28,1,,BR
D-213fe3e0d2f6,POS,,2022-04-13 10:40:29,1,,CHILE
D-db57fa37c081,pos,Android 14,2025-10-21 09:10:45,1,,CL
D-80b56db58b60,ios,iOS 16.7,2026-01-31 01:51:31,1,,NG
D-e91a94f0b6f8,ANDROID,Android 13,2020-12-24 02:30:07,1,,CL
D-5604f81bf917,android,Mac OS X 10_15_7,12/03/2022 17:32,1,,AR
D-61b4cda0471d,web,Android 14,2025-02-12T03:51:35Z,2,0,CL
D-6cfc153306af,android,Android 13,2019-03-25T11:43:10Z,2,0,CL
D-b4bd8a4702b0,Android,Android 14; SM-A546E Build/UP1A,2019-12-30 21:50:01,1,,BRASIL
D-9f6303704462,android,Android 14; SM-A546E Build/UP1A,2024-04-18 20:34:52,1,,Chile
D-35e0864c51d7,android,Windows NT 10.0,2026-03-12T01:05:37Z,1,,CL
D-c4ba2e4ae0c3,ios,Android 13,12/04/2022 20:57,1,1,CL
D-f88fb5c36b15,ios,Android 14,2019-04-20 01:46:17,1,,CL
D-53bb3b9861dc,android,iOS 16.7,2022-11-29 22:27:07,1,1,CL
D-2829942cb591,android,Android 13,2021-04-03T13:23:14Z,1,,ARGENTINA
D-46f8a8fe46b0,ios,iOS 16.7,2021-07-21 11:09:41,1,,CL
D-8db6a72b7f8a,POS,Android 14; SM-A546E Build/UP1A,2025-11-29 13:27:36,1,,CL
D-73a61927bb5c,ios,Android 14; SM-A546E Build/UP1A,2025-09-14T17:52:51Z,1,,AR
D-fa137afa6a47,ios,Android 9 (SDK 28),2023-01-06 15:17:50,5,,CL
D-0bb882d08db6,android,,2024-01-24T13:50:00Z,1,0,Russia
D-f7a4e8833ec7,ios,Android 14; SM-A546E Build/UP1A,22/12/2021 16:02,1,,CL
D-64831a3a302b,android,Android 14; SM-A546E Build/UP1A,2025-11-27 23:07:02,1,, CL
D-028364ca365c,pos,,2024-12-14 20:37:26-04:00,1,, CL
D-1d0381c9e1bf,web,Linux x86_64,2022-03-05 16:57:52,2,,CL
D-3c6ffaca135d,android,Android 13,05/08/2021 14:14,1,,Chile
D-bc9b304eb2a4,android,Android 9 (SDK 28),2025-12-15 14:15:13-04:00,1,1,CL
D-ce26daa83643,ANDROID,Mac OS X 10_15_7,2021-01-25T23:32:01Z,4,,Venezuela
D-491768d37fa1,android,Android 13,2019-11-23 18:13:43,1,0,CL
D-78434a356d2e,android,Android 13,2025-03-30 23:07:06,1,,CHILE
D-3493daed70f6,android,Windows NT 10.0,2023-01-31T13:27:46Z,6,0,CL
D-c772b96f61bb,web,iOS 16.7,2025-09-14T17:25:16Z,1,,CO
D-4628cd2a1279,Ios,iOS 16.7,08/11/2022 07:13,1,0,PE
D-07dd08c0b567,android,Windows NT 10.0,2022-04-15 23:54:08-04:00,1,,CHILE
D-986e8de7a3b7,android,iOS 16.7,2025-08-11T10:46:32Z,2,,VE
D-f4974bbd3721,web,Windows NT 10.0,09/11/2024 13:44,1,,CL
D-e929590047ec,ios,,2024-10-15T23:10:51Z,1,,CL
D-b1be41fff706,ios,Linux x86_64,2022-09-17 20:30:46,1,0,CL
D-ef309a3a76a4,pos,Mac OS X 10_15_7,2021-05-28 05:35:37,1,0,CL
D-fece09565c2d,IOS,Android 9 (SDK 28),2026-04-21 08:16:54,1,,US
D-8db97f51f98f,android,iOS 17.5,2019-03-16 01:10:18,1,,BR
D-107b145f0eff,WEB,Android 14,2020-09-18T15:48:41Z,1,,CL
D-fb334f93dfac,android,Android 9 (SDK 28),2019-12-02T18:48:10Z,1,,Perú
D-f9a76d69a31b,android,Android 14,12/12/2025 13:48,1,,chile 
D-50e88e9134e0,ios,iOS 16.7,2025-12-30 23:43:25,2,,CL
D-15670cfc5a6e,web,Android 14; SM-A546E Build/UP1A,2026-07-17 18:56:13,1,,CL
D-3d2aa0822a04,android,Linux x86_64,2019-04-02 01:42:41,1,1,Perú
D-9c8b088e0851,android,Android 9 (SDK 28),2019-06-09 04:06:15,1,0, CL
D-a70872592341,web,Mac OS X 10_15_7,2021-11-16 10:55:42-04:00,2,,CL
D-6a3182ac1aa9,Android,iOS 16.7,2019-12-26T07:34:09Z,1,,PE
D-8f4ad911d4d5,android,iOS 16.7,10/04/2021 08:45,2,,CHILE
D-a39fdeb78037,ios,iOS 16.7,2021-12-10 15:59:48-04:00,1,,CL
D-0457425e3b4c,ios,Android 14,2022-09-08T10:50:28Z,1,,chile 
D-17fae0253a03,WEB,Android 9 (SDK 28),2021-06-28T20:37:00Z,1,,Chile
D-8f3ae4b52b0a,ios,Windows NT 10.0,2019-11-06 12:36:25,2,,CO
D-665fb646a809,POS,Android 14,27/10/2025 18:01,1,,PE
D-7496d915b704,ios,Android 14,2022-04-19T00:46:56Z,1,0,chile 
D-8391a18b1c1b,ios,,2020-06-02 09:43:10,1,,NG
D-39c2c5824140,web,iOS 17.5,2025-11-07T20:27:45Z,1,0,CL
D-50db9d322bdf,android,,2025-09-24T09:30:15Z,1,,PE
D-f9c3ec038843,Android,iOS 16.7,2024-08-14 08:07:39-04:00,1,,BR
D-a2db0a509bb9,web,,2024-09-16T21:19:37Z,1,,CL
D-7273507fb4a3,android,,2024-10-20 16:32:18,1,,CL
D-b8f11df0d27b,Web,Windows NT 10.0,2022-06-21 04:12:38,1,,CO
D-e40c247d6275,pos,,2020-07-03T07:20:03Z,1,,Argentina
D-a4ce909ee27a,web,Linux x86_64,2022-01-26 05:48:32,2,,CL
D-319cb003bfab,web,Android 14,17/04/2021 23:22,1,1,CO
D-ed642590cbd6,ANDROID,Android 9 (SDK 28),2019-11-14 08:29:03,1,,CL
D-249587800b23,ios,Android 9 (SDK 28),2019-11-18T05:38:17Z,1,,Peru
D-fbf7c77f58b8,pos,Android 14; SM-A546E Build/UP1A,2021-07-04 20:29:07,1,,chile 
D-f2229034ba7f,web,,2019-08-31T00:09:56Z,1,,CL
D-7e97404c2811,Ios,iOS 17.5,2020-10-04 03:50:25-04:00,1,,CL
D-704bea28a72f,Android,iOS 17.5,2025-04-21 21:58:52,1,,CL
D-3e534cc54a96,web,Linux x86_64,2023-12-22T08:50:52Z,1,,NG
D-ff88b591aa88,ios,Android 14,2021-01-04 08:36:19,4,,PE
D-70705882ef49,web,,2026-03-19 18:16:48,1,,CL
D-ffb9713af150,IOS,Android 9 (SDK 28),2020-05-02 21:17:20,2,,CL
D-49b29937b2ef,android,Android 14; SM-A546E Build/UP1A,2020-08-24 05:55:24,1,,CL
D-be1381e42e44,Web,Android 13,2023-03-06 17:52:43-04:00,1,,CL
D-7e40ac20684a,ios,Mac OS X 10_15_7,2023-08-28 03:47:30-04:00,2,0,PE
D-bc8c5619c036,android,Linux x86_64,2019-09-25T21:48:25Z,6,,CL
D-50d2cfd78b87,Android,iOS 17.5,2020-08-07 20:11:52,1,,CL
D-b91cf8e3d9c1,android,Linux x86_64,2022-09-14T10:57:57Z,1,,CL
D-f785e2b06b90,android,iOS 16.7,2019-01-26 21:47:33,3,0,CL
D-4df16480eaa3,web,iOS 17.5,01/09/2019 23:29,2,,CL
D-07d85509e604,android,Android 14; SM-A546E Build/UP1A,2026-03-08 11:51:54-04:00,1,,Chile
D-c700adfa6ede,android,Android 13,20/08/2022 08:17,2,,CL
D-3459be0802a4,Web,,2023-09-03T21:13:45Z,1,,CO
D-c2bec2cba211,android,iOS 16.7,2023-11-14 07:21:32,1,,CL
D-122895ee2546,android,Android 9 (SDK 28),2019-06-26 04:06:40,5,,Chile
D-8c1b2493bfbf,ANDROID,Mac OS X 10_15_7,2025-10-04 22:39:54,1,,CL
D-1ce55fd2559a,ios,Android 14; SM-A546E Build/UP1A,2023-04-01 15:36:33,1,,CL
D-6950d6d2d3e5,android,Android 14; SM-A546E Build/UP1A,2024-07-09 22:35:04,1,0,VE
D-5233b90e21d7,android,Android 9 (SDK 28),2025-03-21 14:34:51-04:00,1,,CL
D-3796801a0adb,ios,iOS 16.7,2022-10-04 21:34:30,37,,CL
D-29820c33acfb,web,Android 14; SM-A546E Build/UP1A,2020-07-16T12:56:14Z,1,,CL
D-547b6a240a94,android,Mac OS X 10_15_7,2023-10-19T10:31:53Z,1,,CL
D-7403ba8652ce,ios,Linux x86_64,2023-03-18T16:05:01Z,1,,CL
D-4289bc029ddb,android,Android 9 (SDK 28),2023-02-02 06:35:58,1,,EEUU
D-68d34fec1b17,android,Android 14,2024-08-18 11:25:16-04:00,1,1,cl
D-a5a8ff0b02e9,web,Windows NT 10.0,2024-10-22 22:11:32,1,,CL
D-0f8e0c228704,android,Android 13,2024-02-07T14:48:31Z,1,,CL
D-53c7d4738fe7,web,Android 13,2021-12-06T20:32:27Z,2,,cl
D-6e1b660e0905,android,Android 14,2020-04-04 14:57:41,1,0,Brasil
D-4da7cb6ab508,ios,Android 14,03/10/2020 01:14,1,,AR
D-dac1d157bda1,web,iOS 17.5,21/01/2022 11:31,37,,PE
D-628ef029036a,Ios,,2021-10-19T13:02:33Z,1,,CL
D-0bd9af7a988a,android,iOS 16.7,21/10/2025 00:32,1,,CHILE
D-3302c48d1620,android,Mac OS X 10_15_7,2022-10-16 09:51:24-04:00,1,,BRASIL
D-65676fe6c997,android,Mac OS X 10_15_7,2025-03-25 04:27:19,3,,CL
D-9ef15516f69a,android,iOS 16.7,2020-02-07 07:54:38,2,,CL
D-7e211363cbdd,ios,,2025-07-20 23:02:55,1,,CL
D-d545fd80ed47,android,Mac OS X 10_15_7,2024-11-26 16:04:16,1,,CL
D-047ce6511861,android,Windows NT 10.0,09/05/2025 23:05,2,,US
D-1beaa5396efe,android,iOS 17.5,2019-07-13 23:25:18,1,,AR
D-42a241aea03f,android,Android 14,2022-01-14T13:33:08Z,2,0,CL
D-d0189807a18c,android,Android 14; SM-A546E Build/UP1A,03/04/2021 20:03,1,0,US
D-75735a8d1731,android,Android 9 (SDK 28),09/01/2025 03:48,2,,CL
D-d447047cb0cd,web,Mac OS X 10_15_7,2026-04-16 12:21:18,1,,Perú
D-1689d8c9c56a,android,Android 9 (SDK 28),2024-11-15 04:25:51,1,0,AR
D-342cba3dcff5,android,iOS 16.7,2023-04-04 11:09:44,1,,CL
D-ce268b8ee7be,android,iOS 16.7,2024-05-05 10:56:27-04:00,1,,CL
D-5e81b242814a,android,,2021-09-09 01:51:38,1,0,CL
D-8e4373b9aae2,Pos,,2021-08-09 02:20:43-04:00,1,0,CL
D-1ae64f7f0f38,android,iOS 16.7,2019-05-08 01:47:58,1,1,CL
D-c2a62aca815b,ANDROID,Android 9 (SDK 28),2021-04-02 13:40:28,1,,CL
D-94839de91f67,Ios,Linux x86_64,2023-03-01T01:03:07Z,1,,CL
D-a1c7804d5245,pos,iOS 16.7,2021-07-26 03:36:34,2,,US
D-1393002dc712,android,Windows NT 10.0,2020-04-15T13:00:29Z,2,,CL
D-e0a5d62f2006,ios,iOS 17.5,2025-10-31 11:00:13,1,,US
D-e724da1ae820,web,Linux x86_64,12/03/2019 22:28,1,,US
D-9d982770e2dc,android,Windows NT 10.0,2019-09-28 05:01:37,1,,Chile
D-60fcf44c5c87,android,Windows NT 10.0,2025-05-25 04:04:39,2,0,CL
D-bdf24b6b97e7,android,Android 13,2025-07-20T04:20:17Z,2,,Estados Unidos
D-254a53b25c46,web,Android 14; SM-A546E Build/UP1A,2021-06-25 09:53:36,1,,AR
D-c85a987aaa1e,ANDROID,,2023-07-09 22:23:36-04:00,1,,CL
D-fb1a6cf50bc3,android,Android 13,2019-04-09 07:00:42,1,,CL
D-77f5e7f8dc63,web,,2021-07-04T19:08:20Z,2,,CL
D-80b482c8ab2c,ANDROID,iOS 16.7,2021-08-24 09:44:49,1,,Venezuela
D-59f27a5c00c0,android,Linux x86_64,22/11/2022 02:50,1,,CL
D-85f909671ec5,ios,iOS 16.7,2025-06-26 02:05:13-04:00,1,0,CL
D-5ae7906157b3,IOS,Android 14,2019-06-19T22:42:40Z,2,0,CL
D-f873977d0ea5,ios,,2024-09-18 10:10:57,1,,CL
D-6bdf5473200d,ios,Android 13,2019-02-13T02:29:45Z,1,,AR
D-6d6860e12a13,ios,Windows NT 10.0,2020-08-18 01:07:34-04:00,1,,chile 
D-a0ab786b7d5e,ios,iOS 16.7,2024-09-13 09:06:55,1,,chile 
D-59d054aa0dce,android,Linux x86_64,2026-07-29T16:22:03Z,1,1,CL
D-7429b58b8891,web,,2025-01-10T22:04:48Z,2,0,cl
D-5dba32bf0adf,Web,Mac OS X 10_15_7,2025-12-28 22:49:32-04:00,1,,BR
D-25fde03af142,android,Linux x86_64,03/10/2019 05:55,5,0,Estados Unidos
D-9f9d3755efe7,web,,2024-05-18 08:49:54,1,,US
D-254b2750f33b,Android,Android 14; SM-A546E Build/UP1A,2021-01-05 18:50:47-04:00,2,1,CHILE
D-d29d46ac2ac0,pos,Android 13,2020-12-09T02:50:23Z,1,,CL
D-de032aaf18cb,android,iOS 17.5,20/04/2020 18:34,1,,CHILE
D-f188ea2c9f0e,web,Android 14; SM-A546E Build/UP1A,2022-07-07 11:02:54,1,,Colombia
D-6205ce39f7b1,IOS,,2025-12-31T01:08:45Z,1,,BR
D-4c2c9c45a7dd,android,Linux x86_64,2023-12-05 07:33:52,1,1,CL
D-bb55e3f2363f,ANDROID,Android 14; SM-A546E Build/UP1A,20/05/2025 16:51,1,0,CHILE
D-89576f254ca4,Ios,iOS 17.5,2021-11-04 02:48:36,2,,CL
D-8cf92d0bab83,web,Android 14,2024-04-30 13:22:46,1,,chile 
D-1073112c87b2,android,iOS 16.7,2020-03-25 21:34:15,1,0,PE
D-1eef66ec0521,ANDROID,Linux x86_64,2021-07-02 17:23:59,1,0,chile 
D-5facc7c049d3,ios,iOS 16.7,2019-07-01T23:23:48Z,1,,CL
D-0f664cce4970,android,,2019-11-22 05:45:16-04:00,2,,CL
D-0ada142ec73a,android,Mac OS X 10_15_7,2023-08-14T15:09:10Z,2,0, CL
D-9ab7d56a1530,ANDROID,Windows NT 10.0,2022-05-25 23:01:09,17,,cl
D-3202af6ba09a,android,iOS 16.7,2026-02-21 05:53:02,2,,Brazil
D-e89748b47249,android,Android 9 (SDK 28),2020-04-14 04:20:51-04:00,1,,ARGENTINA
D-42aca8d7d988,android,Android 14,2021-06-24 13:24:40,2,0,CL
D-0a332160ac26,android,iOS 16.7,2024-11-10 14:51:33,2,,CL
D-bff656529bf9,android,iOS 16.7,2020-07-13T15:41:56Z,2,,CL
D-1d5c13bf515e,Android,Mac OS X 10_15_7,2024-08-05 03:55:14-04:00,1,,VE
D-d947c4b62d5f,ios,iOS 17.5,2024-11-16 03:07:21,2,0,Brazil
D-acec51ee0ee5,android,Android 13,2023-11-25 10:23:32,2,,CL
D-30a7523f3336,android,,2022-10-10 11:16:39,6,0,Chile
D-c0c5112aa195,ios,,2025-01-22T09:23:22Z,1,0,cl
D-9740e504e852,ios,Android 14,21/12/2023 21:06,1,1,Chile
D-b94a314f4266,android,Linux x86_64,25/11/2020 08:56,26,,CL
D-992520badaf5,android,Windows NT 10.0,2024-08-31 19:02:13,10,0,Chile
D-81a880d31d92,ANDROID,Android 14,2019-07-10 13:14:30,1,0,CL
D-4bf82202e8c1,android,iOS 17.5,20/06/2022 15:01,2,,AR
D-0a1c649e7909,web,Android 14; SM-A546E Build/UP1A,2021-02-07 21:46:32,1,,AR
D-8edbd1fc6818,ios,,2024-06-09T17:04:31Z,1,,CL
D-779c28c23527,web,Mac OS X 10_15_7,06/11/2024 10:22,2,,NG
D-88cff7727b51,ios,Android 13,2025-10-21 21:29:11,2,0,CL
D-1a108acb3b21,ios,,2019-06-09T03:35:35Z,28,1,chile 
D-4829372113b8,ios,Android 14,2019-12-30 08:54:42,1,0,CL
D-005d44791793,web,Android 13,2020-05-24 06:44:27,1,,CL
D-87e0dc7ddf2e,web,Android 13,2024-04-11 09:44:12,1,0, CL
D-8e804e694211,web,Android 14; SM-A546E Build/UP1A,2020-06-02 06:27:54-04:00,1,0,BR
D-129c8371ff6a,ANDROID,,2024-09-03 21:40:22,1,,CL
D-79a94f667db5,ANDROID,Android 14; SM-A546E Build/UP1A,2025-06-30 14:48:19-04:00,1,1, CL
D-95767f7c353b,ios,Android 14,2021-02-04 05:15:48,5,,AR
D-9d55bf3b027a,web,Linux x86_64,2019-02-20 17:19:10,1,,CL
D-936740bdac15,android,Linux x86_64,2020-03-24 16:10:16,1,0,CL
D-e393ab1660e9,ios,Android 13,22/10/2019 09:27,2,0,CL
D-08bcab86fa51,android,Linux x86_64,2026-04-24 04:05:14,1,,CO
D-95dd9d918cc9,web,Linux x86_64,2022-02-21 15:41:39-04:00,1,,CL
D-c629530ad02c,android,,2022-08-08 22:28:31-04:00,1,,CL
D-de7456b4e857,ios,Android 14; SM-A546E Build/UP1A,2025-07-07 00:30:07,1,,cl
D-cc1c60c96717,web,Android 13,2020-07-29 05:37:10,1,,CL
D-5ca468842546,ios,Linux x86_64,13/04/2024 04:00,1,,CHILE
D-fd14ee349b17,android,Android 9 (SDK 28),2024-10-03 05:38:03,1,0,CL
D-6d3d6ecf0295,WEB,Android 14; SM-A546E Build/UP1A,2024-07-17 04:07:23,1,,CL
D-fe23f2379646,ios,iOS 16.7,2025-08-07 11:01:04,2,,CL
D-64c6956441ae,pos,iOS 17.5,2021-09-05 21:20:10-04:00,1,0,CL
D-2b868e2e8784,Android,,2021-07-22T07:23:49Z,1,,chile 
D-8bb906bceeed,pos,Android 13,2021-09-10 22:27:29,1,,US
D-9282a4322aa5,android,,2021-12-07T15:41:33Z,1,,CL
D-a2ba47723c74,web,iOS 17.5,2021-04-14 19:16:31,34,,CL
D-4b3734d2625e,Web,Mac OS X 10_15_7,2020-06-06 02:05:30,1,0,AR
D-2b9787695f36,web,Mac OS X 10_15_7,2022-04-30 01:53:21,1,,CL
D-27507cfa166a,ANDROID,Mac OS X 10_15_7,2019-12-05T12:33:22Z,1,1,PE
D-099bd8e936d2,android,,28/06/2020 19:14,2,0,cl
D-729249d1fc38,ios,Android 14; SM-A546E Build/UP1A,2023-12-10 16:35:43,1,0,AR
D-f5a1a1838ed9,ANDROID,iOS 16.7,2023-04-30T10:08:15Z,1,,Russia
D-dbebcb940c28,Web,Android 14; SM-A546E Build/UP1A,2022-09-29 06:28:29,1,,chile 
D-2a364059f4f4,web,Android 14; SM-A546E Build/UP1A,2023-11-27 16:24:18-04:00,2,0,CL
D-669479bcc4f3,web,iOS 17.5,13/05/2020 03:29,1,0,CL
D-86938f6ce5ad,android,Android 14,2019-04-20T20:12:06Z,1,,chile 
D-833df15fa7cd,android,Linux x86_64,2024-05-08T08:15:34Z,1,,AR
D-2cc2f883ee04,android,Android 13,2023-06-26 06:15:27,2,, CL
D-0f035900b6bf,android,,2022-01-12 09:29:44,3,0,cl
D-89c7321945b6,android,Mac OS X 10_15_7,2020-09-23T05:28:37Z,1,,CL
D-fe877b5bc7a6,android,Android 13,2024-07-12 15:42:59-04:00,3,,ARGENTINA
D-684c500127f3,ios,Windows NT 10.0,28/09/2019 02:27,1,0,AR
D-bfb3b365cfdd,android,Android 14,2025-11-27 02:56:46-04:00,1,,CL
D-945b50dd1ec1,Ios,iOS 17.5,2023-07-29T18:32:30Z,1,,Peru
D-4da0bac55dfb,android,Android 14,2023-09-15 20:22:01,1,,CL
D-95f2d3d83bb6,android,iOS 17.5,2024-09-20 13:11:46,1,,CL
D-92bded7f535a,android,Linux x86_64,2023-04-26 17:29:23-04:00,1,,CHILE
D-cb22ff71d852,android,Mac OS X 10_15_7,2024-10-23 23:41:00,1,0,chile 
D-a8cbc75a50ce,WEB,Android 13,05/06/2019 00:31,1,0,CL
D-4d60b295ead9,ios,,2021-03-27 13:37:18,1,0,Chile
D-11320e99aec7,android,,2022-10-02 09:59:44,1,, CL
D-2f5c7f7bb71c,ios,Android 9 (SDK 28),2021-08-27 23:37:01,3,,EEUU
D-688080d2c817,ANDROID,iOS 16.7,2026-04-27 23:28:45,2,,EEUU
D-384276d997d7,ios,Mac OS X 10_15_7,2020-11-07 02:15:07-04:00,2,1,CL
D-200b88eb494d,android,Windows NT 10.0,2020-10-18 08:44:38,1,,CL
D-581b3b167bc2,android,Android 14; SM-A546E Build/UP1A,2025-06-14 10:08:16,1,,AR
D-87dbe968c666,ios,Android 13,2025-10-22T17:48:19Z,1,,CL
D-e3babab4e6b5,ios,Mac OS X 10_15_7,2025-10-09 05:13:53,1,,cl
D-343e105fe9c4,android,Mac OS X 10_15_7,2025-08-08 19:39:42,1,,VE
D-9293da7346c1,web,,2021-11-14 09:21:51-04:00,1,,Rusia
D-a39174817b57,ANDROID,,05/05/2024 05:07,1,,Argentina
D-7e7ab1f9df4d,android,iOS 16.7,2019-07-01 22:49:12,2,,CL
D-8e4dc9dd5353,WEB,iOS 17.5,2024-05-11 08:06:56,1,,cl
D-319b53814265,android,,2021-12-17 23:00:29,1,,BR
D-c631eaf4b548,ANDROID,Android 13,2023-12-20T12:13:23Z,2,,BRASIL
D-1d30616f1e1e,web,Linux x86_64,2021-05-31 09:26:49,1,,CO
D-f51694e52415,android,iOS 16.7,2024-04-27 15:56:52,1,,CL
D-6ec6e2a38830,ANDROID,Android 14,2026-06-09T02:06:04Z,5,,RU
D-445a4705614b,WEB,Android 13,2026-06-18 20:34:14-04:00,1,,chile 
D-ae0b7d3bd305,web,Android 13,2022-08-16 13:49:28,1,0,CL
D-074285c9680d,ANDROID,Android 9 (SDK 28),2021-12-24 10:22:45,1,0,CL
D-67f45581fbe8,android,iOS 17.5,2024-06-06 06:20:48,1,,cl
D-390919e2a82b,android,,2025-03-18 06:15:35-04:00,1,,US
D-7231587bc9f2,ios,Android 14,2020-04-03T15:00:06Z,35,,CL
D-c523074be07a,android,Android 13,2024-05-19T11:56:24Z,1,,US
D-991b1f4d89e7,web,Android 13,2024-04-03 04:21:20-04:00,1,,AR
D-a82cde6a5325,android,Linux x86_64,2022-05-09T05:58:07Z,1,,CL
D-35c3336f4033,Ios,,2023-10-07 08:14:20-04:00,1,,COLOMBIA
D-34fdfcfde3eb,web,iOS 16.7,2021-08-07 13:55:15,1,,CL
D-50bd215a6f8c,Android,iOS 17.5,2023-11-15 18:43:47,1,0,CL
D-a25bfdceb75e,pos,iOS 16.7,2021-10-05T02:59:09Z,1,,CL
D-c28b2717d06a,android,Windows NT 10.0,2022-08-15 17:11:24-04:00,1,,BR
D-12c206d6ccbb,pos,Android 14,2025-02-08 11:23:14,1,,Chile
D-9c8e48a27b72,android,Android 14,2019-02-24 13:09:32,1,,cl
D-e27e8a77ba5d,android,iOS 16.7,2021-08-26T00:33:58Z,1,0,CL
D-2881425bdbde,web,Linux x86_64,2025-10-12 05:55:34-04:00,1,,Chile
D-ed934258b346,web,Android 14,2019-06-21T13:19:42Z,1,,CHILE
D-7a9d44ef94e8,Web,Mac OS X 10_15_7,2019-10-24T21:47:41Z,1,,CL
D-fed335ae712c,android,iOS 17.5,2019-04-02T21:11:51Z,1,0,Chile
D-b3a34c465e2c,web,iOS 17.5,22/11/2020 19:19,1,0,CL
D-a770b235a0bb,web,iOS 16.7,18/01/2024 15:42,1,,CL
D-a394c0cda11a,ios,iOS 16.7,2020-01-16 00:29:08,2,,Chile
D-2f812fabdcab,android,iOS 16.7,04/10/2022 12:52,1,,CL
D-fc0abc5a6229,web,Android 14; SM-A546E Build/UP1A,2022-11-19T02:41:51Z,1,,CL
D-2dcde02b7df1,IOS,Windows NT 10.0,2021-06-24 01:48:10,1,,chile 
D-21fe7cd7fc72,IOS,Android 14,2022-02-06 21:39:21,1,,CL
D-f4aedba2e807,ios,iOS 16.7,2025-12-24T06:07:22Z,1,,CO
D-1bb000b0b64d,android,Android 13,2021-05-06 19:41:49-04:00,1,,AR
D-4b978fab9371,Ios,Linux x86_64,15/01/2025 15:04,2,,CL
D-93b11e0e93ef,android,Android 14; SM-A546E Build/UP1A,2021-01-17T23:24:15Z,1,,PE
D-c0636451162a,android,Mac OS X 10_15_7,2023-02-23 08:05:24,1,0,CL
D-61daa2279986,android,Android 14; SM-A546E Build/UP1A,21/08/2025 00:15,1,,VE
D-f73f7444c900,android,,2025-05-21 02:39:37,1,,NG
D-f3d80e30c972,android,Linux x86_64,2026-05-07 10:44:26,1,0,chile 
D-83152f3faea6,web,Android 9 (SDK 28),2023-11-05 03:33:00-04:00,2,1,CL
D-4d4e353a6950,ios,Android 14; SM-A546E Build/UP1A,2023-05-05 22:32:27,1,,CL
D-c65be56f7688,android,Linux x86_64,2026-05-16 07:30:00-04:00,1,0,cl
D-28fd2657977b,android,iOS 17.5,2020-01-25 14:27:23,1,,CL
D-ded9f6e0dacd,android,Android 13,2024-12-25 23:17:58,1,,CL
D-b9465137fb34,web,iOS 16.7,2024-09-07T12:07:27Z,1,,CHILE
D-bb3abe9e3d78,ios,Mac OS X 10_15_7,2024-03-02 14:04:42,1,,BR
D-1733da867fc6,android,Android 9 (SDK 28),2022-08-18 18:19:26,2,,Chile
D-a723365e77f6,android,Android 14; SM-A546E Build/UP1A,2022-09-09 06:10:11-04:00,2,,CL
D-b8939bc869c6,pos,Android 14,2021-07-04 07:03:12,1,,Russia
D-5d1ee4e9e9cf,WEB,,2025-01-27 08:27:16,1,0,CL
D-a6e2dfbfb05d,android,Android 13,2021-04-22 00:29:26-04:00,4,,VE
D-b70195c3f42b,web,Android 13,2024-05-16 18:22:04-04:00,1,0,Colombia
D-6cd1cfc682fa,WEB,iOS 17.5,2022-03-01 23:36:11,1,,CL
D-e3177c5e0439,Android,Android 14; SM-A546E Build/UP1A,2019-08-25T14:06:08Z,1,0,CL
D-df5bebae52bf,pos,Mac OS X 10_15_7,2023-08-28T01:16:07Z,2,,cl
D-64cf86631500,android,Android 9 (SDK 28),2023-06-24 22:03:37,1,,CL
D-d88b563de60e,web,iOS 17.5,2023-11-07 10:07:56,1,,RU
D-4fbecf941386,web,iOS 17.5,2024-03-14 11:31:01-04:00,2,,CL
D-952965af973a,android,Windows NT 10.0,2021-05-01 21:33:36-04:00,2,,Chile
D-f62ddd4e742b,pos,Android 14; SM-A546E Build/UP1A,03/05/2026 07:47,1,1,CL
D-b515f7fb132a,Android,Android 13,2021-12-29 09:51:29-04:00,1,,CL
D-2f77baeab3ca,ios,Android 14; SM-A546E Build/UP1A,2026-07-08 07:41:01,1,,CL
D-1f0a8a05fb03,android,iOS 16.7,2024-12-24 11:57:37,1,0,CL
D-44146716acf2,android,Linux x86_64,2020-12-30T13:37:52Z,2,,cl
D-0b86ed8ab574,android,Android 14,2021-11-13 05:01:12,1,,CL
D-d49582eba930,ios,,2023-07-12 00:41:45,1,,Colombia
D-3929156204f4,android,Mac OS X 10_15_7,2023-05-12 14:39:52,1,,CL
D-38331744bc8f,android,Linux x86_64,2020-05-01 18:15:11-04:00,2,0,CL
D-234059eb4ada,android,Android 13,2025-10-16 08:52:58,1,,CL
D-bde82d080d83,android,Windows NT 10.0,2020-05-13 05:22:40-04:00,2,,chile 
D-c18f88cfe8f1,ios,Android 9 (SDK 28),15/05/2025 06:08,1,,PE
D-ed421a85fc5d,android,Android 14,30/12/2025 06:46,2,0,US
D-0054f24413a8,Android,,2023-03-06 01:10:58,1,1,CL
D-b089a833b8e6,android,Android 9 (SDK 28),2020-03-24T17:48:31Z,1,0,cl
D-c01c2222f3cb,android,Windows NT 10.0,2022-11-02T11:53:08Z,1,,CL
D-5e0033312974,POS,iOS 16.7,2020-05-24T16:58:13Z,4,,PE
D-ebc826a70e5d,web,Android 14; SM-A546E Build/UP1A,2024-05-27 16:40:14-04:00,1,,Russia
D-bd1956a0eba2,android,iOS 17.5,2019-01-19 11:52:51,1,1,Chile
D-96a6d7ff0fee,android,Windows NT 10.0,2021-09-08 16:09:58,1,,BR
D-651bca22dfc7,POS,iOS 17.5,2023-04-01T02:10:52Z,3,, CL
D-fe31d9e1944d,ios,Android 14; SM-A546E Build/UP1A,2025-01-24T08:08:52Z,1,,CL
D-a7512fcbb1e0,ios,Android 9 (SDK 28),2025-03-16 05:42:46,2,,CL
D-fbbae0b7be83,pos,Android 14,2023-07-14 02:03:51,1,,CL
D-58efdeb08cab,pos,iOS 17.5,2024-09-26 02:10:31,1,,CHILE
D-e79d3e766455,android,iOS 16.7,22/04/2023 04:54,2,1,VE
D-e82290cdf261,android,Windows NT 10.0,2025-09-28 16:00:27-04:00,2,,CHILE
D-694f20677e00,android,Android 14; SM-A546E Build/UP1A,2024-01-22T04:26:21Z,2,,chile 
D-c6ea81176000,android,Android 14; SM-A546E Build/UP1A,2023-05-07T00:47:32Z,1,,CL
D-d28d94ba9ba1,WEB,Linux x86_64,2020-11-12T22:31:13Z,3,,CL
D-60486fc6a355,android,iOS 16.7,18/06/2024 03:52,1,,CL
D-a027aeb2baa5,Android,Android 14,2023-09-02 02:10:08,1,0,AR
D-421847b62e10,android,Windows NT 10.0,14/09/2019 14:47,1,,CL
D-9522c9ba4646,android,Android 14,2026-06-06 03:32:09,1,,CL
D-aa1f5d776952,android,iOS 16.7,06/01/2019 21:47,1,,US
D-4247bbdbdfbe,Android,Android 14; SM-A546E Build/UP1A,2023-01-07T15:19:28Z,1,,CL
D-934e5009c9cc,android,Android 14,2021-02-13 12:22:19,1,0,Perú
D-05aa13b8232e,android,Android 14,2023-09-30 21:52:41,3,,cl
D-231a1ef973ca,POS,Mac OS X 10_15_7,2021-01-20 00:24:33,1,,CL
D-ac1c7a929be8,android,Android 14; SM-A546E Build/UP1A,2026-02-08T16:49:30Z,1,1,CL
D-20dcc5413c7d,ios,iOS 17.5,2020-11-02T15:52:38Z,2,0,BR
D-1c2cf1fb719f,web,,2024-08-23 19:06:36,2,,AR
D-aa1e534c93fa,android,Android 13,2023-04-22T02:30:26Z,6,0,RU
D-33dd2245b375,ios,iOS 16.7,2019-04-30 15:27:25-04:00,2,0, CL
D-06bfa4f9ca5c,pos,Android 14; SM-A546E Build/UP1A,2021-05-27 03:33:56,4,0,AR
D-0a05fc5d0345,android,Linux x86_64,2023-04-22T11:34:25Z,1,,CL
D-e2520a2f3201,IOS,Linux x86_64,2023-07-10 06:16:27-04:00,3,,CL
D-0a1fbfe3362e,ANDROID,,2025-05-30 21:16:42,1,, CL
D-c36771c95044,ios,Android 14,2019-02-01T07:04:28Z,2,,BR
D-9f0b1227f504,android,Android 14,2023-04-21 17:25:10,2,0,CL
D-e43e0a0bae8c,ANDROID,iOS 16.7,2025-06-20 10:56:05,2,0,CL
D-17e1d0fe8331,pos,,2022-08-11T08:28:38Z,29,1,CL
D-1907c95f8a5d,ANDROID,,02/07/2020 23:22,1,0,CO
D-eb614640726f,android,Linux x86_64,2019-12-12 02:50:16,1,,CL
D-207c7b23e36b,ANDROID,Android 9 (SDK 28),2025-10-31 20:00:01,1,,cl
D-053833466157,ios,Mac OS X 10_15_7,2023-01-15 12:05:30,1,,EEUU
D-4baed4e29348,android,Android 14; SM-A546E Build/UP1A,2021-07-24 21:17:21,1,,BR
D-1ab7c2fb2468,ios,Android 13,2020-01-18 23:02:42,1,,CL
D-839789230a59,web,Windows NT 10.0,2024-02-19 09:59:36-04:00,1,,CO
D-04ec9ef7223f,web,,2023-08-16 07:08:47-04:00,1,,cl
D-376f4ac51aac,ios,,2021-09-22 05:49:39,2,,ARGENTINA
D-05a0130f2669,IOS,Android 9 (SDK 28),2019-02-13 10:43:25-04:00,1,,CL
D-eb0614c1f035,web,Android 14; SM-A546E Build/UP1A,2023-07-07 05:48:37,3,0,CL
D-4f3e88850afb,web,Android 14,2019-08-08T08:32:09Z,1,,CL
D-41a1f35bf14b,web,Android 13,2020-11-22T17:47:48Z,1,0,CL
D-d0726a41043d,ios,Android 14,2020-01-02 18:44:49,1,,CL
D-20ebb570bf86,ios,Android 14,10/06/2026 10:14,1,,Chile
D-774560045d6d,ios,iOS 16.7,2022-09-16 09:13:28,3,,CL
D-ce897091bf54,web,Windows NT 10.0,2025-03-28T23:02:08Z,1,,VE
D-b3bcc6de5241,ios,Mac OS X 10_15_7,2021-01-01 14:55:59,1,,CL
D-3d035f078cc4,android,iOS 17.5,2025-03-12T10:42:15Z,2,,CL
D-f603f3a4e775,android,iOS 16.7,2020-05-09 00:20:29,1,,CL
D-e73d98e238ad,web,Android 13,2019-04-19 05:52:13-04:00,1,, CL
D-c0ff38f785b0,android,Windows NT 10.0,2022-05-24 22:28:52,1,,COLOMBIA
D-7643ec8cb418,web,Linux x86_64,2020-06-10 17:46:00,1,,Brasil
D-46e5abaeb370,android,Android 14,2024-05-25 13:48:15-04:00,1,1,chile 
D-eb15d124a5aa,android,Android 9 (SDK 28),2025-01-05 03:48:48,1,,Argentina
D-1cf0983236d3,android,Android 9 (SDK 28),13/11/2019 05:42,5,,PE
D-755b23062ae5,Android,Android 14,2024-08-16 21:22:54,1,,CL
D-c420c2c5f48e,Android,Android 9 (SDK 28),2024-06-12 21:23:39-04:00,1,,CL
D-4cd6a3005ae5,android,Android 14; SM-A546E Build/UP1A,2026-07-03 03:15:02,2,,CL
D-b677c39520b3,ios,iOS 17.5,10/10/2025 17:10,1,,BR
D-9d3e6e7af22a,POS,Android 14,2020-12-08 03:34:14,2,,US
D-212e5e0d24cf,ios,Android 14; SM-A546E Build/UP1A,2020-03-13 11:02:28,1,1,CL
D-b0a1bed5466f,web,Android 13,2025-09-07 02:30:20,1,,CHILE
D-d1e0cbb50ea6,ios,Windows NT 10.0,18/06/2024 21:49,1,0, CL
D-80dfe2f54df4,pos,Mac OS X 10_15_7,2022-07-18 19:51:58,1,,CHILE
D-2fafb86f9251,pos,Android 14,2022-09-21 14:39:59,5,,CL
D-521000903ed0,ANDROID,iOS 16.7,2025-06-23 13:14:09-04:00,1,0,cl
D-8d7c24875fd5,android,Android 14,2026-07-27 03:13:27,1,,CL
D-6d7d26103bac,ANDROID,,2023-07-12 12:02:39,2,,CL
D-d19418081992,ios,Linux x86_64,2024-04-23 10:00:37-04:00,1,,CL
D-4414e61407a7,pos,Android 13,2023-02-04T19:11:51Z,1,0,CL
D-08c01cff69ba,android,iOS 16.7,2019-10-04T14:50:20Z,1,,CL
D-ff6bf7453064,ios,iOS 17.5,2019-07-11 10:13:19-04:00,1,1,cl
D-6205fbaa496b,web,Android 9 (SDK 28),2023-05-07 21:51:26,2,,chile 
D-fc958baca915,android,Mac OS X 10_15_7,2026-05-11T17:51:41Z,1,,CL
D-fa9c8bcdc171,Web,Android 9 (SDK 28),2022-12-28 19:34:41-04:00,6,, CL
D-5000c338b6ee,web,,2022-09-14T15:39:16Z,1,,chile 
D-6dd24cb9d1fe,web,Mac OS X 10_15_7,2021-10-22 07:55:29,1,,cl
D-186fcfefbbee,android,Android 13,2019-02-18T10:58:23Z,2,,cl
D-9565e37f7541,Pos,Mac OS X 10_15_7,2024-03-04T06:04:59Z,1,0,BR
D-1b73eb24616a,pos,Linux x86_64,2023-05-10 17:56:19,2,,CL
D-49b05da23ff0,android,Android 14,2021-11-19T03:44:13Z,1,,RU
D-b0252fbe9363,pos,,2020-10-16 08:31:44,1,0,Chile
D-17c715b95411,ANDROID,Android 9 (SDK 28),2024-08-13 14:42:09,1,0,VE
D-c869a9d48cf0,android,,29/04/2021 08:47,1,,CL
D-cc2d106da7ab,IOS,Android 14,2022-03-18 12:21:29-04:00,1,0,Russia
D-596f273cffef,ANDROID,Windows NT 10.0,2020-05-22 03:10:36-04:00,1,0,CL
D-3b2fe3dfa9fc,ANDROID,Android 9 (SDK 28),25/08/2022 05:23,2,,CL
D-9b828c6b488a,android,Android 9 (SDK 28),2025-06-10T09:12:12Z,1,0,BR
D-dbbcd0b145b6,android,Android 13,2021-09-28T00:31:24Z,1,0,CHILE
D-3057eeceb248,ios,iOS 16.7,2024-03-04 13:24:51,1,0,CL
D-612f67f58da2,android,Windows NT 10.0,06/06/2024 07:58,4,,CL
D-24778156b5d3,pos,Linux x86_64,2020-12-14 18:43:38,2,,CL
D-9eecebf041cf,ios,Android 14; SM-A546E Build/UP1A,2019-10-25 08:19:34,1,,VE
D-52866fe815a4,Ios,Android 13,2021-11-18 22:48:35,1,,CL
D-9f2e4b89c67b,web,Mac OS X 10_15_7,2025-10-04 13:05:18,2,,cl
D-39644078f5a6,web,iOS 16.7,2025-09-09 22:12:33,2,,PE
D-b497e7945c31,ANDROID,Android 14; SM-A546E Build/UP1A,24/08/2022 23:38,1,,VE
D-007ee9b32d96,ANDROID,Linux x86_64,20/05/2021 19:06,1,,chile 
D-925b173706d9,ios,Android 14; SM-A546E Build/UP1A,2022-05-02 12:46:52-04:00,1,0,PE
D-74e4648ddf12,android,,2019-02-15 11:45:07,1,,VE
D-241a566c4a79,Android,iOS 17.5,2019-01-19 12:30:28,16,,CL
D-32acaf96f3a4,Ios,iOS 16.7,2023-02-19 18:34:16,2,,CL
D-73247baccf8e,android,Mac OS X 10_15_7,27/04/2025 18:12,1,,chile 
D-31f67401675b,IOS,,2025-06-19 15:17:14,2,,CL
D-23cafe43d415,pos,Mac OS X 10_15_7,2019-08-24T15:05:59Z,1,,Venezuela
D-62cafad89efa,android,,2019-01-11T00:41:03Z,1,,Venezuela
D-00098c45e3c1,android,Android 14; SM-A546E Build/UP1A,2019-10-27 02:15:03-04:00,1,,CL
D-2a63cb9c4bc4,android,Android 13,2024-09-02T17:52:40Z,1,,COLOMBIA
D-acb687fc75a5,android,Linux x86_64,2019-03-20T19:44:17Z,1,0,CHILE
D-842c6358ea0a,ios,iOS 16.7,2023-02-19 10:05:34,1,0,CHILE
D-63621db75d67,pos,Windows NT 10.0,15/06/2023 15:13,2,,CHILE
D-229ea77e9bdf,ios,iOS 17.5,2021-11-11 17:30:55,2,,AR
D-da907203affb,android,Windows NT 10.0,2019-06-04T08:22:22Z,1,,CL
D-173dd9feb445,android,Android 14,2020-12-01 14:05:21,2,,PERU
D-8fd3f96d5827,web,Android 9 (SDK 28),2021-07-14 00:36:44,1,,Chile
D-073336934a3a,android,iOS 17.5,2022-01-18T15:39:24Z,1,0,CL
D-e467e2533c9b,android,Windows NT 10.0,2024-10-12 11:14:53,1,0,CL
D-bb5a95d618b1,ios,Windows NT 10.0,2025-01-03 18:16:14-04:00,19,,BRASIL
D-d588b2acdf61,android,iOS 16.7,2026-03-03T14:34:27Z,2,,ARGENTINA
D-12fa8282ba8d,ios,Android 9 (SDK 28),2026-06-07 22:38:19,1,,CL
D-95c7517415d6,ANDROID,Android 14,2020-02-29T02:03:46Z,2,0,AR
D-87932a3f41ea,web,Linux x86_64,2025-02-12 21:10:28,1,,Russia
D-79f60255746c,web,iOS 17.5,2019-07-27T04:27:26Z,2,,CL
D-f119119a5d78,IOS,Android 14; SM-A546E Build/UP1A,2019-08-27T22:30:40Z,1,,AR
D-db5284a28108,ios,iOS 17.5,2019-03-25T03:54:10Z,7,0,CL
D-7e992082441e,ANDROID,Android 14; SM-A546E Build/UP1A,2024-06-30 11:49:50,1,0,CL
D-6bddb406e85a,web,Windows NT 10.0,2019-04-21T20:54:29Z,1,0,CL
D-d8476df724fa,android,Mac OS X 10_15_7,2026-03-20 00:37:04-04:00,1,,VE
D-38abc8041c2c,pos,iOS 16.7,2020-02-03 20:46:44,1,0,CL
D-fcef60a47874,web,Android 14,2026-07-27 01:48:02,1,0,CL
D-2518594aafa8,pos,Android 9 (SDK 28),07/11/2025 01:25,2,,CL
D-b63b0a84c1b7,web,Android 13,2025-07-05 14:22:28-04:00,1,,CHILE
D-260dc008533e,android,Android 9 (SDK 28),2019-07-19T23:30:09Z,4,,CO
D-4215507cf848,android,iOS 17.5,2022-07-22T06:23:00Z,5,,PERU
D-bf7d913f2f1a,Ios,Android 14; SM-A546E Build/UP1A,2024-10-03 22:05:08,1,0,CO
D-8784a5cbafb5,android,Android 9 (SDK 28),11/02/2026 22:57,1,0,AR
D-1c8f6a7c9ec2,android,Android 13,2019-08-17 13:14:13,1,,CL
D-bd5c12fe6190,ios,iOS 17.5,2024-09-29T20:52:47Z,1,,CL
D-c0d37a422ae1,ANDROID,iOS 17.5,2019-01-06 18:43:42-04:00,1,,CL
D-a61635a87b5f,ios,Android 9 (SDK 28),2020-05-07T13:54:36Z,1,0,CL
D-459d7fec1181,web,Android 13,2022-12-14 18:58:07,1,, CL
D-4ea52af8599e,ios,Android 14; SM-A546E Build/UP1A,2019-06-01 01:42:24,1,,PE
D-9c3885a977ae,ios,Android 14; SM-A546E Build/UP1A,2022-04-21T13:56:00Z,1,0,CL
D-1f595e101cca,Web,Android 9 (SDK 28),2025-02-24 03:05:30,1,,CL
D-6baea8c90296,ios,Windows NT 10.0,2019-01-28T05:07:59Z,1,,CO
D-ec535b702554,android,Android 14; SM-A546E Build/UP1A,2021-12-08 14:37:46-04:00,5,,chile 
D-c1956e2640e1,ios,,2021-06-29 16:10:13-04:00,1,,CL
D-4ee5379d3d45,android,,2022-03-05T21:38:13Z,1,,CL
D-c7404f404af5,android,Android 9 (SDK 28),25/02/2019 15:29,1,,PE
D-e0a2600b237a,WEB,Mac OS X 10_15_7,2022-11-08 20:03:59,1,0,CL
D-e9bc341647a7,Android,Android 9 (SDK 28),2022-08-26 15:04:55,2,,RU
D-e7b8126393b9,WEB,Mac OS X 10_15_7,2024-12-24 11:58:35,1,0,CL
D-4589dbb43d76,android,Android 13,2023-02-06 00:46:05,2,,CHILE
D-3d58eb9b5fcf,android,Android 9 (SDK 28),2023-03-28 14:29:48,1,0,RU
D-1b4bffe43f5a,android,Android 9 (SDK 28),2022-05-13 17:54:42-04:00,1,,CL
D-db0a7969ec5a,Android,Android 14,2022-04-05 14:29:16,1,,CL
D-c4f1619a7fe3,ios,Mac OS X 10_15_7,2024-04-30T10:14:31Z,1,,CL
D-e603a1fdb57e,ios,Linux x86_64,2026-07-23T18:11:39Z,1,1,CL
D-62dbc9bc1e07,ios,iOS 16.7,2021-11-09 13:16:15-04:00,1,,PE
D-5df68e7a630a,pos,iOS 16.7,2021-09-22 04:46:21-04:00,1,0,cl
D-0ba86eb95a9a,Web,Linux x86_64,2024-12-26T01:06:36Z,5,,CL
D-549d9d6eb865,android,Linux x86_64,2020-11-16 10:55:59-04:00,1,,CL
D-194cce8adeca,WEB,Android 14; SM-A546E Build/UP1A,2024-09-03 09:09:04,3,,PE
D-916b45fa5556,ios,iOS 17.5,2022-04-04 22:48:45-04:00,1,,CL
D-c75715ef6e9d,android,Mac OS X 10_15_7,2022-07-08 16:28:26,1,0,CL
D-18a532898b16,ios,Windows NT 10.0,12/02/2024 21:33,1,,CL
D-0d46fb519f10,IOS,Android 13,2024-01-26 14:51:58,5,0,CO
D-174ca5036e8c,android,Linux x86_64,2024-10-04 08:59:17,1,0,CL
D-e672d089b46d,android,iOS 16.7,2019-07-21 15:58:15-04:00,4,0,CL
D-463b3f106b05,ios,iOS 17.5,01/02/2019 10:56,2,0,BRASIL
D-c3acf73bf91a,web,Linux x86_64,2021-07-28 23:39:57,1,,CO
D-a403fc009a13,pos,iOS 17.5,2021-07-28T21:05:57Z,1,,CL
D-a413405fc60b,android,Android 9 (SDK 28),2022-05-25 00:22:45,1,,PE
D-1171a1aecdb7,Ios,Windows NT 10.0,2026-03-13T04:23:38Z,1,0,CL
D-0716bd888a8e,Android,Android 14,2024-10-10 08:58:29-04:00,1,,US
D-2ea4fac699af,Web,Linux x86_64,2022-06-28 21:50:13,37,,CL
D-36347c503843,ios,Android 13,2026-07-12T10:14:34Z,1,0,CL
D-ae5f3cc03cb9,android,Windows NT 10.0,2022-11-12 00:30:33,1,,CL
D-621bd31af052,android,Linux x86_64,2026-07-08 02:26:23-04:00,1,,PE
D-9cdf6620dae2,IOS,Windows NT 10.0,2026-05-23 18:14:13,1,,AR
D-7ee9b9762771,android,iOS 16.7,2019-05-09 17:49:58-04:00,4,1,CL
D-7a737445b490,web,Mac OS X 10_15_7,2022-05-04T09:04:09Z,22,,CL
D-38ee1076eb94,web,Android 9 (SDK 28),30/11/2024 18:54,20,,CO
D-9f52dd563523,android,iOS 17.5,2025-01-29 00:51:49-04:00,1,,CL
D-3b5b8e3fbc69,IOS,Windows NT 10.0,2020-12-24T14:39:34Z,1,1,CL
D-253c9a2b83c9,android,Android 14; SM-A546E Build/UP1A,2024-12-10 12:19:24,1,1,CL
D-058defbb4577,IOS,Android 14; SM-A546E Build/UP1A,2022-11-12 16:33:19,1,,CL
D-f0d2ba0b0d73,IOS,Linux x86_64,2021-11-23T17:08:46Z,2,,Chile
D-7cbeebdc7afe,web,Android 9 (SDK 28),2025-10-11T03:41:16Z,1,,US
D-a134187c3a55,IOS,,2025-12-07 03:33:06,3,0,CL
D-6f86244b57ff,android,Android 9 (SDK 28),2026-05-26 05:12:14,1,,CL
D-dcd2ea9eeef1,ios,Android 13,2024-12-19 19:55:29-04:00,2,,CL
D-3a9a1c82f32e,android,Android 9 (SDK 28),2024-08-02 05:39:19,1,0,Peru
D-df45d394d6ce,web,Android 14,2025-09-09T08:12:02Z,1,,US
D-67d3a45c161a,Android,Android 9 (SDK 28),2021-07-06 15:23:13-04:00,1,0,CL
D-e2e0a9f2f6b1,IOS,Windows NT 10.0,2024-02-27 18:43:56,1,0,Colombia
D-279375e930df,web,,2020-01-09 06:34:30,2,,CL
D-dd010badcf5a,android,,2025-02-03T08:48:55Z,6,,VE
D-a18eb40434b7,web,Mac OS X 10_15_7,2021-02-22 12:53:10,3,,CL
D-71e228199537,ios,Android 13,2026-01-12 12:20:13,1,,Chile
D-846d2ad822e1,android,Android 14,2025-12-20 08:52:43,1,,CHILE
D-4b4e013a70b8,Pos,Android 9 (SDK 28),2021-12-25T16:14:58Z,1,0,CL
D-dfbc698c9b58,pos,Android 9 (SDK 28),02/05/2022 07:43,1,0,CL
D-9b794c94a8dd,Android,Mac OS X 10_15_7,2020-06-03 21:25:02,1,,BRASIL
D-5ba6dfbbd074,android,Android 14,2019-05-29 03:56:21-04:00,1,,CL
D-32b88eac4b6f,android,,2019-01-13 04:01:27,1,,CL
D-145c9af0a8a0,ios,Android 14; SM-A546E Build/UP1A,2025-07-24T17:09:18Z,1,0,Chile
D-505e6279fb36,web,Linux x86_64,2026-01-11T22:44:12Z,2,,cl
D-a5daad881e50,Ios,Mac OS X 10_15_7,2021-06-22T12:24:20Z,1,0,CL
D-7caccfab9144,android,Mac OS X 10_15_7,2026-02-27 19:52:08,1,,CL
D-c5a48154e770,android,Linux x86_64,2024-03-10 03:45:13,5,,CL
D-610bfc668495,web,,2019-04-04 12:33:42,1,0,CL
D-cf569dca3b1c,ANDROID,iOS 17.5,2025-12-07 03:15:00-04:00,1,, CL
D-130708001aa6,android,iOS 16.7,2022-05-28 22:59:42,1,,RU
D-d397f73cbf1f,android,Android 14,2023-10-12T10:17:01Z,1,,CL
D-ae68ab2d675b,web,iOS 17.5,2023-06-09 21:15:47,1,0,cl
D-69c35a30bf88,ios,Android 13,2023-04-01 10:57:43,1,,CL
D-968f2f397880,android,Linux x86_64,2024-04-09 19:33:25,27,0,Chile
D-25662d9b9a33,android,Android 14,2023-02-08 08:19:42,1,,CL
D-f5244b46da84,ios,,2026-06-06 18:47:42,1,0,CL
D-ae0e94710c56,android,Android 13,2023-02-13 13:40:42,1,0, CL
D-b7f942afa4c0,ANDROID,Mac OS X 10_15_7,2020-07-04 04:14:01,1,0,CL
D-30e32ed4bb94,ANDROID,Linux x86_64,2024-05-20T00:52:09Z,1,0,chile 
D-8313a5c7b325,android,Android 9 (SDK 28),2026-04-07 02:28:43-04:00,1,,cl
D-ccece1e8f8d7,android,Android 14; SM-A546E Build/UP1A,06/08/2021 02:05,1,0,CL
D-3f1ee74c63b4,ios,Linux x86_64,2020-06-14 23:11:24,1,,Chile
D-ba2364869d75,POS,Mac OS X 10_15_7,2021-08-14 22:41:03,5,,PERU
D-8cc21d13eb6f,android,Android 14; SM-A546E Build/UP1A,2022-05-22 20:16:27,6,,CL
D-f23f1804af84,Web,Windows NT 10.0,2025-12-16 06:23:40,1,,Estados Unidos
D-3922f9bc0f00,pos,,2026-07-19T14:57:38Z,3,,CL
D-c42a1173932d,android,,2020-03-31 00:31:59-04:00,6,,CL
D-e9c783a94a7d,android,Linux x86_64,2024-11-06 06:35:22,1,,CHILE
D-c974636f3536,android,Mac OS X 10_15_7,2024-06-10 21:14:21,1,0,chile 
D-50adc6e02fb6,ios,Android 14; SM-A546E Build/UP1A,2024-08-07T08:30:40Z,6,,CL
D-ba204ab53f0e,ios,iOS 16.7,2021-01-08 13:27:08,2,1,CL
D-62cd28728de4,web,Android 9 (SDK 28),2021-12-07T12:04:44Z,1,, CL
D-cd3ca01d979a,android,,2020-04-27T03:01:21Z,2,,chile 
D-d90a04eba1ab,ios,Android 14; SM-A546E Build/UP1A,2023-07-20 13:03:33,1,,Perú
D-4fd63e305ff0,android,iOS 17.5,2024-11-08 14:00:15,1,,CHILE
D-1d8afe73e0f9,ios,iOS 17.5,21/06/2019 09:52,1,,BR
D-d49c1015ce95,android,Android 14; SM-A546E Build/UP1A,2020-06-07 09:11:54,1,,NG
D-fc8550ee6c6d,android,Linux x86_64,2022-05-15T23:24:05Z,1,0,CO
D-ffaa8a0d358d,Android,Android 13,2023-04-21 04:13:43,1,0,CL
D-aef66df986f5,ios,Mac OS X 10_15_7,2021-01-19 11:43:55-04:00,1,0,CL
D-728ab8725e8b,web,Mac OS X 10_15_7,2019-06-24 11:09:04,1,,CL
D-9da660f1fd5f,web,Android 9 (SDK 28),2024-10-10 00:25:35,1,,chile 
D-d73bdd8e404d,android,Linux x86_64,2020-12-12 17:05:19-04:00,1,,CL
D-44f6695176fa,pos,Windows NT 10.0,2024-01-05 18:42:07,1,0,CL
D-b8833d09a3b6,Android,iOS 16.7,2021-08-26 22:42:19,1,,CL
D-bc30cdb59b9b,android,iOS 17.5,2023-02-02 16:42:00-04:00,1,,PE
D-c8e414887928,android,Android 9 (SDK 28),2023-03-03T00:12:41Z,1,,CL
D-6344726e7c28,pos,Linux x86_64,2026-04-06 07:57:24,1,,CL
D-f1c7f1f9b9f0,android,Android 14; SM-A546E Build/UP1A,2021-04-18T19:29:19Z,1,,CL
D-4782878522a0,android,Linux x86_64,2023-10-21T12:06:15Z,1,,CHILE
D-4681d522e21b,IOS,Mac OS X 10_15_7,2024-12-28 13:17:57,1,,CHILE
D-5ed098859a8c,ANDROID,Linux x86_64,2023-08-17 21:15:45,1,,CL
D-893308a2f6e6,Android,Android 13,2021-11-12T04:23:10Z,1,0,US
D-79829d97f9aa,android,Android 14,2022-09-29T09:42:25Z,1,,CL
D-cc67a339a557,android,Android 14,2022-04-29 08:42:59,3,,CL
D-53ac67b6d87f,WEB,Linux x86_64,13/08/2024 18:32,1,,CO
D-9312300736af,android,Windows NT 10.0,2026-03-25 05:26:44-04:00,2,,AR
D-3a11da598e60,web,iOS 16.7,2025-09-07 21:03:25,2,0,COLOMBIA
D-048786172bed,Ios,Mac OS X 10_15_7,2019-02-04 13:49:56,1,,chile 
D-2711702187f0,web,iOS 17.5,2021-06-19 03:45:06-04:00,1,,CL
D-18465100586a,android,Linux x86_64,2022-01-17T15:11:51Z,1,,chile 
D-a8cf75c9ff3b,android,Windows NT 10.0,2024-07-16 05:24:20,1,,CL
D-f23d7234fbc8,ios,Android 14,2023-08-30T14:31:31Z,1,,RU
D-d52f6827d24e,Pos,Mac OS X 10_15_7,2019-10-09 15:41:38,2,0,PERU
D-cd4341376762,android,Windows NT 10.0,06/04/2020 19:53,1,,CL
D-137dffbee0e3,web,Windows NT 10.0,2025-06-04 10:00:53-04:00,1,0,RU
D-707332ca6c0e,ios,Windows NT 10.0,2024-12-08 09:34:17-04:00,1,0,cl
D-c1de5321220a,ios,Mac OS X 10_15_7,2022-10-24 08:59:43,1,,CL
D-49e1fc8b8de7,ANDROID,iOS 16.7,2019-10-07 19:40:41,1,,CL
D-971d15ab8665,web,Android 14; SM-A546E Build/UP1A,2023-11-08 04:40:39,3,0,CL
D-fc5018b60557,ANDROID,Android 13,2023-09-05T22:06:20Z,1,,Colombia
D-7070750fa55d,ios,Android 14; SM-A546E Build/UP1A,27/07/2024 16:31,2,,CL
D-e9185e0ede7b,web,Windows NT 10.0,2019-01-11 10:31:41,6,,RU
D-e6779e865e50,android,Android 14,2021-03-17 18:34:18,1,,CL
D-6e9c0e373e83,android,Android 13,2022-04-09T21:03:17Z,2,,CL
D-6a7b28fb3daa,android,,2025-11-30 03:38:28,5,,CL
D-870b3ad9a141,Pos,Windows NT 10.0,2024-06-27 01:55:28-04:00,1,0,CL
D-12fa5b0946b9,android,Android 13,2022-01-05 00:29:08,1,,CL
D-a01a025fadb1,web,iOS 16.7,2025-07-13 07:05:22-04:00,5,,CL
D-df4fdcc6b87c,ios,Android 13,01/06/2023 06:32,1,,NG
D-ec6eb523fe46,android,iOS 16.7,2023-05-29T23:44:55Z,2,, CL
D-0e7550a51e4a,android,iOS 17.5,18/10/2022 03:49,1,,Chile
D-a1632fb9155b,Pos,Android 9 (SDK 28),2021-09-11T21:41:37Z,4,,CL
D-43dde1264e0c,android,Android 14; SM-A546E Build/UP1A,2023-04-21T22:11:40Z,1,,PE
D-368000bc064b,android,Windows NT 10.0,2021-05-02T13:37:47Z,1,,CL
D-7199847f7bb1,android,,06/09/2025 21:25,1,,CL
D-b3496486527d,ios,,17/11/2019 19:53,1,1,PERU
D-803231fb2a79,IOS,Android 9 (SDK 28),2023-11-23 16:22:44,6,0,US
D-a9aa2d1ffe8c,ANDROID,,2019-09-22 04:03:43,15,,Venezuela
D-3cb979a68ffb,ios,Windows NT 10.0,2023-02-26 21:41:44,1,,CL
D-79b027529fb7,pos,iOS 17.5,2022-04-16 00:54:38-04:00,1,, CL
D-0ba4944da5cf,IOS,,2025-10-13T14:20:33Z,1,0,CL
D-7de01f6d4c34,android,Android 9 (SDK 28),2022-04-06 23:47:47,1,,CO
D-dda577f783fb,ios,Android 13,2025-02-16T02:58:49Z,6,,CL
D-fd9c284bcab9,ios,iOS 16.7,2024-01-05 01:56:20-04:00,1,0,US
D-64d2b5ea0b3d,ios,iOS 16.7,20/07/2019 13:26,1,,CL
D-0454653ebce5,android,iOS 16.7,2024-06-07 11:52:13,1,0,CL
D-18c1b4f6193d,Ios,Android 14; SM-A546E Build/UP1A,2023-10-29T04:36:22Z,1,,CL
D-7aa1e8206c79,ANDROID,iOS 17.5,2025-01-21 07:09:56-04:00,1,,CL
D-9b5174e90618,ios,Android 9 (SDK 28),10/03/2022 02:04,1,,CL
D-1baa9bfc689d,android,Android 14,2025-09-20 05:47:54,1,,CL
D-ea67ab8905e5,Web,iOS 17.5,15/04/2024 07:21,1,0,CO
D-50db0a91d7ce,android,Windows NT 10.0,2020-10-02 07:10:10,1,,CL
D-0111ef74958a,web,Android 14,2022-01-23 04:31:04,1,,Chile
D-a3545c9a8182,ios,iOS 16.7,2021-08-05 07:46:59,6,,CO
D-ab02b65bb690,Android,Android 9 (SDK 28),2019-03-14 08:15:09,2,1,BR
D-b5886ee25783,android,Android 14; SM-A546E Build/UP1A,2023-04-15 06:32:35,1,,CHILE
D-fd85342f81f1,Ios,iOS 16.7,2023-11-12 05:14:15,2,0,Chile
D-111cb4ddc1bb,web,iOS 16.7,2023-01-05T17:42:34Z,1,0,CL
D-61fa885b4675,ios,Android 13,2020-09-30 13:48:29,1,,CL
D-c4ba512d39b6,WEB,iOS 16.7,2023-10-04 18:22:17-04:00,1,,CO
D-aa2477004caa,web,iOS 16.7,2023-12-27 20:27:34,1,,COLOMBIA
D-f0e8e17478d7,web,Android 9 (SDK 28),2023-09-23 18:13:13,1,,Chile
D-739fb814f56c,android,Android 9 (SDK 28),2020-05-09 04:54:14,1,1,CL
D-4d3e473db1b5,ios,Windows NT 10.0,2020-11-30T22:26:42Z,1,,CO
D-0a14a02f5c84,Web,Android 13,2020-01-04 09:29:28,1,0,CL
D-8ebeb5b449dc,ios,,2022-05-14 05:04:56-04:00,3,,BRASIL
D-7566ef592e13,android,Android 14; SM-A546E Build/UP1A,04/05/2025 22:55,1,,CL
D-3459ec32f3c6,android,Android 14; SM-A546E Build/UP1A,2023-05-25 08:03:42-04:00,2,,chile 
D-d855462abed4,android,Android 13,2019-08-21 04:57:35-04:00,1,,CL
D-c83abc8e8e21,android,Android 14; SM-A546E Build/UP1A,2025-09-19T05:31:49Z,6,1,CL
D-5224bf115938,web,Android 13,2026-04-11T14:56:42Z,1,,CL
D-a283dcff4cfd,WEB,Android 14; SM-A546E Build/UP1A,2025-03-02 19:05:46,1,,CL
D-0f9924f155d3,android,Android 9 (SDK 28),2023-05-08 04:23:59,1,0,CO
D-0135c4a9dfeb,android,iOS 17.5,2025-10-01 06:17:53,1,,chile 
D-a00cc67cbec5,IOS,Android 14; SM-A546E Build/UP1A,2022-10-16T06:34:10Z,1,1,CL
D-1ca2ad2d6b52,Ios,Android 14,2025-10-02 19:50:26,1,,US
D-2fb69baf215d,WEB,Android 13,2023-03-26 12:24:30,1,,CL
D-f549ecfae765,android,Android 13,2023-02-14 14:27:30,1,0,CL
D-34fd2a6c0989,web,Mac OS X 10_15_7,2022-09-16 00:14:43,1,,CO
D-35765a9b3b82,WEB,Mac OS X 10_15_7,2023-04-10 19:35:21,1,0,Brazil
D-d313cabee46f,web,Android 14; SM-A546E Build/UP1A,2025-07-27T07:34:27Z,1,0,AR
D-22cee5ba4829,ios,Android 9 (SDK 28),29/04/2024 14:47,1,,CL
D-743235646ac3,ios,iOS 17.5,2025-08-19 01:49:22-04:00,1,0,CL
D-4440a9cac2d7,android,Windows NT 10.0,2024-06-13 10:03:43-04:00,1,0,CL
D-102a4c71adba,web,Android 9 (SDK 28),2019-10-07 07:05:52,1,,Rusia
D-5fb0ac4013b7,ios,iOS 17.5,26/02/2023 16:18,1,,CL
D-86163c52d4bf,android,Windows NT 10.0,13/06/2023 22:59,2,,CL
D-29a213253c1e,ios,iOS 16.7,2020-07-06 03:35:56-04:00,1,,CL
D-caba6a7b3d12,pos,iOS 16.7,2024-10-18 06:17:49,2,0,CL
D-480cc9603731,Android,iOS 17.5,2025-07-21 00:27:31,1,,CL
D-76e44e4861a9,Ios,Android 14; SM-A546E Build/UP1A,2026-03-16 22:05:00,1,0,CL
D-9dac032be419,android,Android 14,2025-11-25 04:27:55,24,,CL
D-56e2b3174848,android,Mac OS X 10_15_7,20/10/2020 20:23,1,0,CL
D-8069e6c36580,android,,2022-08-25T03:16:26Z,1,,CL
D-24e8fc15d33e,IOS,Android 9 (SDK 28),2026-01-21 21:49:15,1,,Colombia
D-4e6e9951ec5e,ANDROID,,23/03/2024 20:55,2,,cl
D-81ac1ecde0f3,android,Android 13,2024-03-15 06:53:31,1,0,CL
D-d09ea9fc07d9,web,Android 13,2024-10-30 22:46:39,1,,Nigeria
D-ea6cba52c482,Android,Android 9 (SDK 28),2020-03-23 03:04:41,1,1,CL
D-3fa42248b997,android,Android 14,2021-09-19 22:16:05-04:00,2,,CL
D-8728d9743473,android,Android 13,2026-06-19 05:05:57-04:00,1,,CL
D-e0d19f795603,android,Windows NT 10.0,2025-02-12 23:45:44-04:00,5,,CL
D-83a79d6c9a17,android,Linux x86_64,2023-02-19 06:57:54,2,,CL
D-66c3c0e2a20c,android,Windows NT 10.0,2019-05-16 21:36:48,1,0,US
D-feedc3a543a9,pos,Android 13,2020-04-02T23:07:55Z,1,0,cl
D-0ce02c399470,web,iOS 17.5,2020-01-12T23:10:43Z,33,0,CL
D-2b28ef438e77,web,Android 14,2022-04-22 01:39:56-04:00,1,,CL
D-8016dcc4ef54,android,iOS 16.7,25/11/2019 05:50,1,,AR
D-967afbc9dc08,android,,2023-08-23T00:53:34Z,2,,CL
D-18fa3adbea7f,ANDROID,Windows NT 10.0,2022-09-27T12:00:23Z,1,0,CO
D-a83f2f3685a5,ios,Android 13,08/03/2026 23:09,2,0,CL
D-83c173f32c11,web,Windows NT 10.0,2026-05-26 23:56:36-04:00,1,0,cl
D-d7ca954b14c4,ios,Android 9 (SDK 28),2025-07-10T02:30:25Z,1,,Chile
D-104c0a499e6b,android,Linux x86_64,2020-06-25 22:54:23,1,,AR
D-3195c3441971,ios,Android 9 (SDK 28),2021-07-29T17:41:39Z,1,,AR
D-07176a895d1b,ios,,2022-11-01T07:07:02Z,1,0,CL
D-a3a4de80a2f2,android,Windows NT 10.0,2026-01-13 20:45:15-04:00,1,,CL
D-ccbbd874542a,ios,iOS 16.7,2019-09-03 02:46:20,1,,VE
D-e2f58e35cfd9,ANDROID,Android 14; SM-A546E Build/UP1A,2023-03-28 22:59:46,3,,CL
D-69208eae4913,web,Android 9 (SDK 28),2021-07-08 15:16:59,1,,US
D-e0526918209f,android,iOS 16.7,2024-10-07 15:58:42-04:00,2,0,Perú
D-49fe11a75c65,Android,,2025-08-10 17:16:21,6,,CL
D-d29bd44e7ecc,ANDROID,Mac OS X 10_15_7,2022-12-29 03:16:19,1,, CL
D-e3902c9b3ded,IOS,,2023-08-30 17:01:21-04:00,1,,CL
D-232c6051f632,android,Android 14,2025-04-25 15:42:08,1,0, CL
D-a1c610395a92,ios,Android 13,2024-09-01 08:00:49,2,0,CL
D-8451aa537644,ANDROID,Android 9 (SDK 28),2023-12-25T08:38:17Z,1,0,CL
D-3e13340cbc17,android,Linux x86_64,2026-05-19T07:54:22Z,1,,chile 
D-bc7be4cb8939,Web,Mac OS X 10_15_7,2025-12-17 01:44:14,1,,cl
D-d01056924a00,ios,Windows NT 10.0,2024-10-05T18:14:59Z,2,,COLOMBIA
D-ad439d04652d,android,Mac OS X 10_15_7,2023-10-25 20:21:57-04:00,1,, CL
D-ae6fbd97e405,web,Windows NT 10.0,05/10/2021 21:28,1,,PE
D-fd476ddecfa4,WEB,Android 9 (SDK 28),25/06/2021 01:52,1,,CL
D-49bd8706ba76,android,Linux x86_64,2019-09-18 11:33:08,4,,CL
D-0fb854ae1102,Web,Android 14; SM-A546E Build/UP1A,2024-05-21 23:52:44-04:00,26,, CL
D-5f90d86cd43b,ANDROID,Android 14,2021-04-21T16:29:54Z,1,,Chile
D-8212e3e60801,web,Android 13,2025-08-27T21:33:43Z,1,0,CL
D-8ab7083b8379,ANDROID,iOS 17.5,2021-08-06 18:17:07,2,,CL
D-fc4bd2767581,android,Android 14,2024-07-15 20:53:12,6,,CL
D-29f8f709ef83,IOS,Windows NT 10.0,2023-11-02T00:55:47Z,2,0,CL
D-d33d08ac631b,android,iOS 16.7,2019-09-08 03:51:13,1,,CL
D-cd27ee49a545,ios,iOS 17.5,2021-09-18 14:16:48,1,,cl
D-0544cbc3cc1f,web,Android 14; SM-A546E Build/UP1A,2021-01-28 14:33:05,27,,CL
D-77a4349257b1,IOS,iOS 16.7,2021-09-02T01:41:24Z,1,,CL
D-e5a59fd70418,WEB,Android 9 (SDK 28),2023-07-30T02:31:10Z,1,,Brasil
D-8bca8c5de34c,web,,2024-12-12T22:57:50Z,1,0, CL
D-dbad272ffa89,web,iOS 16.7,2023-05-01 11:38:46-04:00,1,,US
D-ef79784216b3,android,,2020-04-19 00:32:55,4,0,CL
D-b28ad342b063,android,Android 13,2023-01-15T20:55:29Z,1,,CL
D-f327a47902ba,pos,Mac OS X 10_15_7,2022-04-20T11:45:20Z,3,,CL
D-c796cffacb45,android,Mac OS X 10_15_7,2023-08-28T19:42:39Z,1,,Brazil
D-bf70add130ad,ios,Windows NT 10.0,2026-05-25 00:48:29,1,,Chile
D-d317f92f2001,android,Linux x86_64,2021-06-04 19:22:06,2,0,CL
D-a97bb83e694f,pos,Mac OS X 10_15_7,06/05/2022 11:08,1,,CHILE
D-274639cb683e,ios,Android 13,2020-12-23 03:48:58,1,,CL
D-b3b15370d808,ios,Linux x86_64,2022-02-27 17:49:30-04:00,1,,Brazil
D-e5464a5cc412,web,,2025-09-18T01:09:23Z,1,,Chile
D-9c1c06f9f826,IOS,Android 9 (SDK 28),2024-04-26T21:59:04Z,1,,RU
D-c33e8052c388,android,,07/02/2019 19:29,1,0,CHILE
D-f5a3a7395e70,android,Linux x86_64,2019-05-23 05:21:44,1,,cl
D-522b9884b755,web,Android 14,2026-07-13 21:40:40-04:00,2,,CL
D-d7e0b249214b,android,Android 14; SM-A546E Build/UP1A,22/06/2023 07:44,1,,CL
D-5c56f0c66f61,android,Android 13,2023-08-28 21:39:05-04:00,1,,CL
D-5125116d25ce,Android,Mac OS X 10_15_7,2019-01-22 13:31:16,1,,CL
D-c975483b6dd7,Android,Android 14,2021-07-27 06:38:12,1,,CL
D-6d8ee9a3df3a,Android,Android 9 (SDK 28),2023-05-21T04:54:51Z,2,,US
D-89613eb365cc,ios,Android 14,2022-09-12 12:04:22,1,,CL
D-4a4b15eec4fa,Ios,Android 13,2022-04-05 12:03:55,2,,PE
D-0500baf1fa64,android,iOS 16.7,2020-02-01 10:20:40-04:00,2,,Chile
D-ab985bbb49bd,ANDROID,Android 14,2022-10-06 08:32:16-04:00,2,0,cl
D-7541657c3421,ios,Android 14; SM-A546E Build/UP1A,2025-04-18 10:24:13,3,,COLOMBIA
D-fe2034e9ad7d,android,Android 14,2020-11-05 00:30:15,1,,BR
D-cfb1f71b4e8e,android,Windows NT 10.0,2020-06-03 23:12:59,1,0,CL
D-b2690cfbda78,pos,Android 13,2020-08-02 15:39:16-04:00,1,0,cl
D-87420a51ae1a,ios,iOS 16.7,2022-10-24 22:28:39,1,,CL
D-f14e5d7a1e24,android,Windows NT 10.0,2024-10-25 09:10:16-04:00,6,0,CL
D-917fd9a9f0e4,android,,2024-03-27 06:50:22,1,,PE
D-baa5e1ad648d,ANDROID,Linux x86_64,2025-10-23T16:51:40Z,1,,PE
D-75711943039a,ios,Linux x86_64,2024-08-15 12:20:39,1,,CL
D-11c91f458f17,web,,2024-01-19 13:39:01,1,0,CL
D-04a02211758d,pos,Android 13,2020-09-03 07:28:15,1,,CL
D-e594b69c2c05,ios,Linux x86_64,2025-05-26T00:23:38Z,1,0,CL
D-cd168b81513b,android,Android 14; SM-A546E Build/UP1A,2020-01-24T14:22:35Z,5,,cl
D-9f0269946378,ios,Windows NT 10.0,2024-12-31T03:12:47Z,1,1,Chile
D-7528fd596d43,android,iOS 16.7,2020-09-09T00:48:52Z,2,,Chile
D-ae977922d8a2,ios,iOS 17.5,2020-01-23T09:26:53Z,1,0,RU
D-4a6af825bffb,Android,iOS 16.7,2022-04-20 11:59:55,1,,CL
D-13538f205b85,web,Android 9 (SDK 28),2021-02-13 02:30:59-04:00,1,1,CL
D-edcbb7f6a3a5,android,,13/03/2024 13:21,1,,CL
D-6924880d7cb6,ios,Android 13,2024-08-21 04:58:11,1,1,CL
D-59f790385314,ios,,2021-10-22 17:51:07,1,0,Chile
D-639cca257372,web,,2021-07-24 22:16:57,1,,BR
D-9de4bc73345f,android,iOS 17.5,2025-10-05 17:33:50,1,,CL
D-0c58735d067d,Pos,Mac OS X 10_15_7,2024-10-07T03:57:00Z,1,,CL
D-0acba8d9ce4f,ios,Linux x86_64,2019-11-01T18:08:21Z,1,0,EEUU
D-e95347d8ce25,android,Windows NT 10.0,04/06/2026 05:32,1,,CL
D-4466aca45010,android,iOS 17.5,2025-03-21 03:24:58-04:00,1,0,CL
D-075ef6af53d3,web,Android 14,18/01/2025 15:01,1,,CL
D-085c93c5d016,web,iOS 16.7,2019-05-28 01:45:22,5,,chile 
D-da5adf1743d3,web,Windows NT 10.0,2021-01-29T05:39:11Z,1,,CL
D-c2ad5ede6178,ios,,2024-03-12T17:08:55Z,6,,CL
D-e7e4e0a101a0,web,iOS 17.5,2023-05-20T06:07:47Z,2,,CL
D-87f769dbb5ca,ios,Mac OS X 10_15_7,17/02/2019 02:42,37,,CO
D-eb8153888f43,android,Linux x86_64,2026-01-01 13:47:59,1,,BR
D-c37da299cc63,web,,2019-11-05T12:09:05Z,1,,Chile
D-74e48ab26902,Android,Mac OS X 10_15_7,2022-09-25 17:14:13,3,,chile 
D-23add90f4a2f,Android,Windows NT 10.0,2024-06-24T18:07:24Z,22,,US
D-21f7903a2f6e,android,Android 9 (SDK 28),2020-06-13T09:35:38Z,1,,BRASIL
D-3fa676ad0fec,android,Windows NT 10.0,2022-11-16 08:37:41,1,,USA
D-7a9c11b51de7,ios,Linux x86_64,2025-11-11 08:55:20,1,0, CL
D-52323408db05,Android,Android 13,2022-03-13 17:56:12,2,,BR
D-a9b719ae37c0,ios,Windows NT 10.0,2025-10-19T20:07:13Z,1,0,CL
D-fadad8754315,ANDROID,Mac OS X 10_15_7,2019-08-29 07:08:45,1,,USA
D-a82f71083523,ANDROID,Android 9 (SDK 28),2024-03-26T19:45:33Z,24,1,CL
D-771fcb54a15d,Android,Android 13,2021-11-13 08:05:57,1,,chile 
D-4ca91d11ed7b,pos,iOS 16.7,2022-08-15 19:28:39,1,,CL
D-b9633c889783,android,Android 14; SM-A546E Build/UP1A,2022-06-18 22:51:02-04:00,1,0,CL
D-22d52f94b82a,ANDROID,Android 13,2023-11-06 22:05:19,3,,CL
D-2e4088566929,android,,2022-09-22 11:22:45,1,,CL
D-e5ecee0aa441,Ios,Linux x86_64,2024-09-12T00:08:21Z,1,0,CL
D-20905b0f3a22,android,,2024-11-21 18:07:42-04:00,1,,cl
D-36734d15a1b4,Pos,iOS 17.5,2020-02-23T23:35:00Z,18,,COLOMBIA
D-cb96bc59de0f,ios,Windows NT 10.0,2021-02-22T09:57:11Z,1,0,CHILE
D-35cb7317d720,ios,Android 13,2025-06-17 23:29:00,1,,CL
D-ef5252b5d96c,IOS,,2024-04-25 16:16:57,1,,CL
D-630247b85ed8,Web,Android 14; SM-A546E Build/UP1A,2024-04-26 21:06:24,1,,CL
D-68cc34140ffc,Web,iOS 17.5,2023-12-23 09:27:28,2,,CL
D-948694ba593b,ios,Linux x86_64,2026-07-15T20:04:30Z,1,,CL
D-6641c7d85586,ANDROID,Android 14,2025-01-30T20:10:39Z,4,,cl
D-e1bed02a9e42,ios,Linux x86_64,2025-08-17T02:18:55Z,1,,AR
D-0dbf4ce2bb40,ios,Android 14,2024-09-20T01:23:43Z,1,,ARGENTINA
D-9cfd8229bf1a,ios,iOS 16.7,2021-02-18 00:05:15-04:00,1,,CL
D-63a3f5d79887,web,iOS 17.5,2024-11-11 16:53:27,1,0,CL
D-794233925d8f,web,Android 14,2020-07-23 23:37:42,2,,CL
D-1bcd94ba17c2,android,,2026-03-17 10:25:20,1,,CL
D-1d15fbc47081,Web,,2019-09-12T08:51:01Z,1,,CL
D-198b38c6a4c1,android,Android 14; SM-A546E Build/UP1A,2021-08-01 16:10:51,1,0,CL
D-cc8e2edcd62a,Web,Windows NT 10.0,2026-02-24T20:18:26Z,1,0,cl
D-f1fa5a8b74d1,IOS,Android 14; SM-A546E Build/UP1A,2021-05-19T11:54:25Z,5,,CL
D-239560849ad1,ANDROID,iOS 16.7,2022-04-20 21:07:54,1,0,CL
D-ec197f64dcfa,ios,iOS 16.7,2020-12-27T03:54:37Z,1,,CL
D-d3d894b442b2,ios,Android 14; SM-A546E Build/UP1A,2021-12-30T05:32:17Z,1,0,AR
D-22e3b6eb241f,android,Android 14; SM-A546E Build/UP1A,2025-08-29 10:27:36,1,0,CL
D-7dc7704f7acb,Web,,2019-08-21 12:25:19,37,,CL
D-9c683c64fe92,android,Android 13,2022-04-15T10:05:47Z,1,,CL
D-582b2309b001,pos,Android 14,2023-04-17T22:26:58Z,1,,US
D-9b7a5236f5fd,ios,Android 14; SM-A546E Build/UP1A,2020-07-18T08:45:07Z,1,0,CL
D-c53ebf3356da,android,Android 9 (SDK 28),2023-04-10 03:34:27,1,,CL
D-4dc05000398e,ios,Android 13,2024-12-28T23:48:52Z,1,,CL
D-62a3dcdd3f6b,ios,,2020-04-04 22:57:45-04:00,5,0,cl
D-0964430d7d2d,ANDROID,iOS 16.7,2023-09-03T19:01:41Z,1,,CL
D-5e4562b88ff5,ios,Mac OS X 10_15_7,2019-08-26 00:14:47,1,, CL
D-15c2a04faad3,android,Android 13,2023-03-22 04:48:39,1,,CL
D-042b82949df4,Android,Android 9 (SDK 28),17/10/2021 10:27,1,,CHILE
D-a8f7284feea6,ANDROID,iOS 17.5,2024-01-15 22:23:47-04:00,3,0,CL
D-86a401ac375a,web,Android 9 (SDK 28),2022-08-28 00:37:52-04:00,2,,CL
D-4ea06bf495a3,android,Linux x86_64,23/04/2023 07:52,1,,CHILE
D-e4522f5fac91,android,Windows NT 10.0,13/07/2024 01:45,1,0,CL
D-60ca50641868,Android,Android 14,2021-10-29 17:40:34-04:00,5,,CL
D-672b3c349cab,android,,2022-12-13 01:41:04,2,0,Venezuela
D-3d31ebc1d3a0,ios,iOS 17.5,2023-10-20 00:30:25,1,,CHILE
D-71750396ccc3,android,Mac OS X 10_15_7,2019-08-20 09:38:34,1,,CL
D-3e734006db37,android,Linux x86_64,2026-03-05 15:52:09-04:00,1,, CL
D-c5f63f20c405,Ios,Windows NT 10.0,2026-04-12T12:38:23Z,2,,Peru
D-14a3a63f7422,ios,iOS 17.5,2022-10-08 04:01:52,1,,chile 
D-100c4fc72d4e,ios,Windows NT 10.0,2025-07-15T10:56:05Z,1,,CL
D-b2ceb87bfaab,Android,Android 14; SM-A546E Build/UP1A,2021-02-15 06:32:29,2,,PERU
D-20cbc33c25b0,android,Android 13,2021-10-20 06:51:25,1,0,CL
D-e490d1f81a6b,ios,Android 9 (SDK 28),2026-07-12 02:12:56,1,,CL
D-c7c5b8e2140b,web,Android 14,2020-07-02T16:25:59Z,1,,US
D-ecb017d7e622,ios,Mac OS X 10_15_7,2021-09-20 04:37:03,1,0,Estados Unidos
D-0bab2ea6a55a,web,Mac OS X 10_15_7,2022-12-14 16:08:04,1,0,CL
D-aa110e01910f,Web,,2022-06-11T16:11:45Z,5,0,CL
D-a0241ba8c26f,Android,Windows NT 10.0,2019-10-25 10:40:40-04:00,1,,CL
D-76feebff21cf,android,Android 13,2025-06-06T14:08:23Z,1,,CL
D-38d91694c94d,android,Windows NT 10.0,2023-12-10 09:19:06,1,,CL
D-dec9b0de0d1d,ios,Android 14; SM-A546E Build/UP1A,2023-11-16T19:39:50Z,2,,COLOMBIA
D-d7323c26a6b4,Web,Windows NT 10.0,2020-04-24T02:09:35Z,1,,CL
D-483434a821b9,android,Android 14,2024-10-03T17:58:08Z,1,,CL
D-9355c8a8bdcf,Android,Android 9 (SDK 28),2024-05-27 21:29:40,2,0,CL
D-b5f68d9b53e4,android,iOS 16.7,2021-11-16 21:44:40,2,0, CL
D-6949b161b000,android,Android 9 (SDK 28),2025-12-14 10:34:28,1,,VE
D-bb0d5167b18f,android,Mac OS X 10_15_7,2021-06-04 12:55:49,1,, CL
D-71d2d61a2a31,ios,Windows NT 10.0,2021-05-25 12:15:06,1,0,Chile
D-32ec848afd1f,ios,iOS 16.7,2021-06-13 17:48:58,2,,Rusia
D-a7bda1425ddd,android,Windows NT 10.0,2021-03-19 05:50:06-04:00,1,,CL
D-75401862e895,android,Android 14,2020-05-22 12:08:49,1,,ARGENTINA
D-e1b447cae983,ios,Android 14,2026-04-18T06:22:06Z,2,,CL
D-820db6eaa3ac,android,Mac OS X 10_15_7,25/12/2022 09:52,1,0,PE
D-b04a37ad26a6,ios,Windows NT 10.0,01/03/2022 11:44,2,, CL
D-9cd2451fe96f,android,Android 14; SM-A546E Build/UP1A,2020-03-03 12:03:09,2,,CL
D-195a89b0dd72,ios,Android 14,08/03/2021 07:11,1,,CL
D-61a9f7cf4b59,Web,Mac OS X 10_15_7,2024-10-09 09:41:59-04:00,5,,VE
D-2ceeb9cdf8c2,ios,,2024-08-27T09:33:41Z,1,,BR
D-63d0e9bee589,web,Android 14; SM-A546E Build/UP1A,2023-04-13T10:31:51Z,1,,cl
D-803230dac56c,web,iOS 16.7,2024-01-26 06:51:00-04:00,1,,VE
D-c46138eeaa6e,IOS,,2026-06-06 13:29:50,1,,CL
D-8f17565cb6c4,ios,Android 13,2023-07-11T09:22:12Z,1,,chile 
D-82fecf09fd3b,android,Android 14; SM-A546E Build/UP1A,2019-02-10T00:08:18Z,1,,BR
D-a81fce2a440e,web,Windows NT 10.0,2025-05-23 17:15:39,33,0,Colombia
D-ae11ebe97a9d,android,iOS 17.5,2021-06-21 05:28:41-04:00,1,,CHILE
D-b4baf92d95e2,ios,Android 9 (SDK 28),18/01/2022 19:26,1,0,CL
D-3cd49bfad088,WEB,Android 9 (SDK 28),2020-05-10 04:30:17,1,,CL
D-8875384dcce0,android,Android 14; SM-A546E Build/UP1A,2022-12-12 03:03:46-04:00,2,,CL
D-347f42c8b417,ios,iOS 16.7,2024-06-08T22:18:49Z,1,0,AR
D-1f533cbcb9c3,ios,,04/05/2024 06:23,1,,CL
D-ac2b17497021,ios,Mac OS X 10_15_7,16/08/2020 09:42,5,,chile 
D-9a132cf511ef,android,Linux x86_64,2026-06-27 14:30:29-04:00,2,0,CL
D-7f82fabc09cb,android,,2024-01-07 02:23:26,1,,CL
D-1c605c4b0879,web,iOS 16.7,2020-05-28 03:31:53-04:00,1,,CL
D-d79e08fc39f8,android,Windows NT 10.0,2020-08-26T00:21:34Z,1,,CL
D-cf8816a79a96,web,iOS 16.7,31/12/2025 06:34,1,,Brasil
D-4c3630044c5a,android,,2023-05-29 11:24:25,2,,CL
D-ed921e18f82c,Ios,Android 13,29/01/2024 23:46,1,,CL
D-a1c1e39b26c2,android,,2024-08-31 00:06:40,1,,BR
D-798e133d79a0,ANDROID,iOS 17.5,14/01/2025 21:21,1,,CL
D-56806e72d0d8,ios,,2021-04-21 08:11:43-04:00,1,,Estados Unidos
D-36624dc561d5,android,Android 14,2022-06-03T10:50:03Z,1,,BR
D-ce872e00321a,android,iOS 16.7,2021-07-01 22:54:46,1,0,RU
D-3ecbbaaee92f,web,Linux x86_64,2023-02-07 18:21:57,2,,cl
D-d2eea611106e,android,Mac OS X 10_15_7,08/07/2023 18:37,1,,Argentina
D-70d30f831138,android,iOS 17.5,2026-01-03 01:35:10,1,,cl
D-a712f44d3df3,android,Android 13,2023-11-06 17:46:12,1,,CL
D-aea48869ec74,ios,,04/07/2022 16:29,2,0,CL
D-12b4904071ba,android,Windows NT 10.0,2024-07-26T03:59:48Z,1,0,CL
D-1e4faf92c1a8,web,Linux x86_64,2025-05-20 23:02:43,2,,CL
D-a5cfc02f789f,ios,iOS 17.5,2021-06-24 21:38:44,1,,CL
D-d598b70e8f8e,android,,2023-11-10 05:00:57-04:00,1,,CL
D-766b849b4ff4,Web,iOS 16.7,2025-06-25T05:25:33Z,2,,CL
D-c338b8c836d9,android,Android 13,2021-06-11 08:12:06,1,0,CL
D-e31fab8238c8,android,Android 14; SM-A546E Build/UP1A,2023-10-03 16:31:44-04:00,1,,CHILE
D-50234ca31e61,web,Android 14,2024-12-06 00:26:03-04:00,1,,CO
D-bee3e72b7ab3,ios,Android 14; SM-A546E Build/UP1A,2022-06-11 11:45:24,1,,PE
D-20d42397fc70,android,iOS 17.5,2023-07-29 01:56:17-04:00,2,,CL
D-218530ad07de,web,Android 13,2025-10-14 09:33:59,1,0,CL
D-13266d69bfbb,Web,Android 14,2023-12-07 14:06:10,1,,cl
D-3464e9dca638,web,iOS 17.5,24/02/2019 16:28,1,,CL
D-720ca16bb504,pos,Android 9 (SDK 28),2026-05-09 14:50:27,1,,BR
D-163e2b9e7d4b,ios,iOS 16.7,2025-01-28T04:46:20Z,1,,CL
D-8e47f47933e9,android,iOS 16.7,2022-09-22T20:51:38Z,1,0,CL
D-17becae8c2dd,android,iOS 17.5,2022-11-11 22:38:27,1,0,Argentina
D-d8ea663557c2,android,Android 9 (SDK 28),2022-02-10 10:19:47,2,0,CL
D-0ebc8225b23f,Android,Android 13,2022-09-11 23:34:27,1,,Chile
D-7c308c4bec2c,Android,Android 14; SM-A546E Build/UP1A,2023-06-07 05:42:58,2,0,Chile
D-f789bc046031,android,iOS 17.5,2024-10-28 03:52:03,1,0,Colombia
D-93a228c01818,ANDROID,iOS 17.5,23/10/2023 16:09,1,0,CL
D-01cf2995dc13,ios,Android 9 (SDK 28),2024-03-26 03:36:57,1,,BR
D-7e77914df12e,ios,,2021-01-08 15:35:00,4,,PERU
D-ea47f9cf7d4b,android,Windows NT 10.0,28/10/2021 23:55,1,,CL
D-28ce252961d3,POS,,19/12/2020 00:24,1,0, CL
D-94472fb1650b,android,iOS 16.7,2021-05-22T06:44:32Z,1,, CL
D-e3878985620f,android,Mac OS X 10_15_7,2020-12-27 16:47:13,1,0,NG
D-d5d351ed4c34,web,Android 13,2021-02-18 20:53:37-04:00,1,, CL
D-35014abf74ac,web,Windows NT 10.0,27/12/2024 06:46,1,, CL
D-c6e787365f69,android,Android 9 (SDK 28),2022-01-13T19:43:42Z,1,,CL
D-090a74fb5f05,IOS,Linux x86_64,2020-10-19 19:08:07,1,,CL
D-0d9857b17e53,web,Android 14,08/01/2021 03:03,1,,CL
D-ac49a0cb05d3,ANDROID,Android 9 (SDK 28),2021-01-21T21:03:19Z,1,,CL
D-0568bdb442ba,web,Android 14,2026-04-24 03:24:27-04:00,1,0,CL
D-4a8601bfccc4,web,,2024-02-02 03:31:35,1,,CL
D-14fc7edbc003,web,iOS 16.7,30/10/2024 15:54,1,,CL
D-ad6e19fa1900,android,Mac OS X 10_15_7,2020-11-28 01:35:53,1,,CL
D-2ed074572524,ios,iOS 16.7,2023-06-07 23:45:27,1,0,CL
D-2796638dcbbd,android,Android 9 (SDK 28),2021-07-11 09:51:21,1,0,cl
D-9c6e2e57c803,ios,Android 13,2024-08-02 13:50:56,1,,CL
D-7a169c895ac7,ios,Android 9 (SDK 28),2025-09-01T20:05:13Z,1,0,CL
D-9882fab1a241,Android,,2023-04-27T14:40:11Z,6,,chile 
D-823a2ad3cf75,web,iOS 16.7,2020-02-06T06:36:19Z,1,,CL
D-97a720d1a348,android,Android 9 (SDK 28),2020-08-14T15:19:57Z,2,0,CL
D-f3b677079d54,pos,Mac OS X 10_15_7,2020-12-28 02:09:09,1,,cl
D-f8bf30405a40,ANDROID,iOS 17.5,2019-12-30 21:24:13,4,,chile 
D-55b4a5ed480d,ios,Android 14; SM-A546E Build/UP1A,2026-01-03 18:41:05,1,0,CL
D-aeb04f08b216,web,Android 9 (SDK 28),2024-05-25 05:18:10-04:00,1,0,RU
D-d3fc1347405b,android,Android 13,04/03/2022 08:45,1,,cl
D-04994de542a8,android,,2020-04-02 00:01:01-04:00,1,,US
D-2bc9436514b1,IOS,iOS 17.5,2019-01-31 05:26:19,1,,CL
D-96bde3359c7f,android,Android 13,15/06/2019 00:59,1,,PE
D-836e3de3f79e,android,Mac OS X 10_15_7,2020-04-26T18:01:53Z,1,, CL
D-93b52ad2d444,android,iOS 17.5,2026-04-05 19:54:07,1,,CL
D-7da6ca0967c3,android,Windows NT 10.0,2024-04-23 06:56:36,1,0,PERU
D-3133c001fd27,ios,Android 14; SM-A546E Build/UP1A,2019-10-04 02:13:55,1,,EEUU
D-3eaa20cccad9,ios,Android 13,2019-12-08T20:06:57Z,1,0,Chile
D-ed8418ca0207,web,Mac OS X 10_15_7,2022-08-16 09:18:15,1,0,chile 
D-089a67556add,android,Android 9 (SDK 28),2020-12-01 19:10:02-04:00,2,,US
D-99a4097dc14a,android,iOS 17.5,2024-05-10 09:35:46,1,0,CL
D-62edc9b9ffc3,android,Windows NT 10.0,2022-05-23T14:17:26Z,3,,CL
D-099f2249b865,android,Android 9 (SDK 28),2022-06-10 22:29:42,1,,CHILE
D-905bc70df32e,android,Android 14,2019-03-20T02:53:23Z,1,,VE
D-4334ea982d02,pos,Linux x86_64,2024-06-10 09:37:39,1,,CO
D-c29cd367303d,pos,Android 14,2019-01-31 04:23:34,1,0,CL
D-10cfe630b015,ios,Windows NT 10.0,2025-12-16T16:50:52Z,1,0,CL
D-4d0abe4e905d,ios,iOS 17.5,2019-10-31 19:36:21-04:00,1,,BR
D-93a968068800,web,Android 14; SM-A546E Build/UP1A,02/06/2020 09:39,1,,chile 
D-9aeb30924607,ANDROID,Android 9 (SDK 28),2019-04-24 03:48:20-04:00,1,1,CL
D-0d8075ac6f0b,android,Android 14; SM-A546E Build/UP1A,2024-06-29T12:42:23Z,2,0,CL
D-426c4b184f79,ios,Android 14,2026-07-22T03:35:01Z,6,,chile 
D-f86fe9e4ffc3,ios,Mac OS X 10_15_7,2025-04-19T14:18:25Z,1,0,Perú
D-7a9e5402dcff,web,Windows NT 10.0,2024-08-14 22:25:56,1,,PE
D-a035da5e9b5e,ios,Android 14,2023-02-09 09:29:58,2,0,chile 
D-a9cdbe23ecaa,ios,Android 9 (SDK 28),2020-09-19 16:09:01,2,,CL
D-428142c1f73c,web,Android 14,2024-08-05 15:17:41-04:00,1,,CL
D-599d7f1d3210,ANDROID,Windows NT 10.0,2025-03-29 20:49:45,1,,PE
D-b2f3739681e7,ios,Mac OS X 10_15_7,2024-02-29 04:27:14,1,1,CL
D-bb2cae8b63a1,ios,Linux x86_64,2021-09-10 11:17:17,1,,CL
D-99b693e8194a,android,Android 14; SM-A546E Build/UP1A,20/10/2023 10:30,2,,Brasil
D-0c7bd72641b0,POS,Android 13,2021-03-19T11:01:09Z,1,,CHILE
D-41dc720cc4ae,ios,Android 14,2026-04-14 00:48:45-04:00,1,,CL
D-cd570fe35b59,web,iOS 17.5,2024-12-14T13:10:20Z,1,,AR
D-7151ec78ad7f,android,Android 14; SM-A546E Build/UP1A,2022-11-27 22:48:43-04:00,1,,chile 
D-ec82d56a45ed,Ios,Linux x86_64,2025-11-03 13:29:43,1,0,chile 
D-814369e3dce6,android,Mac OS X 10_15_7,2026-01-22 14:51:02-04:00,1,,CHILE
D-01b108a0bd0e,pos,iOS 16.7,19/03/2020 08:29,6,,VE
D-d56451218f14,android,,2020-10-02 10:12:50,1,0,BR
D-82e9ff313d89,android,Android 14; SM-A546E Build/UP1A,2023-08-29T18:24:52Z,1,,CL
D-d45943f2f08a,pos,iOS 16.7,2022-01-17 06:48:33,1,,CL
D-358011c2048e,android,Mac OS X 10_15_7,2022-01-01 11:06:06-04:00,1,0,CL
D-70db9ac84db6,Android,Windows NT 10.0,2023-02-19T01:37:50Z,2,,CL
D-3f73e7a4b1e2,android,Android 9 (SDK 28),14/04/2023 12:23,1,, CL
D-4d63ae96d2c9,ios,Mac OS X 10_15_7,22/12/2019 04:40,1,0,CL
D-f9adfb3c0b49,android,Android 14,2021-08-01 22:23:15-04:00,1,,Chile
D-4093935be9eb,ios,,26/10/2020 06:56,1,,CL
D-d034150c18d6,android,Android 14; SM-A546E Build/UP1A,2023-07-19T10:16:33Z,1,0,CHILE
D-35bb81d76b0e,ios,Mac OS X 10_15_7,2019-12-23T23:13:46Z,1,0,chile 
D-cb4f4e589300,android,iOS 16.7,2022-03-23 13:33:55,1,, CL
D-cba028dd011b,Ios,Windows NT 10.0,2026-04-29 04:27:42,1,,Chile
D-80a203fa4e69,android,Android 14,2023-08-20 16:08:46-04:00,27,,CO
D-4ac53dc9f3a0,Ios,Linux x86_64,22/01/2024 09:22,1,,COLOMBIA
D-6eaba82c5d76,web,Android 14,2023-12-27T20:14:59Z,1,,BR
D-b5f7f6f2f649,android,Android 13,2026-03-12 23:39:59,1,1,BR
D-ff076561c6f9,Android,Linux x86_64,2024-03-12T20:06:19Z,1,,US
D-8242a59a2f3d,ios,Android 14,2024-06-15 17:01:47,1,,CL
D-d7fadc7f89b1,IOS,Android 14,2021-07-30 23:05:11-04:00,1,,PE
D-dd9cab2a6b8d,web,,2026-04-04 05:26:54,1,,CHILE
D-520a025be9f8,android,Windows NT 10.0,2023-05-27 19:15:27,1,,CL
D-dd32a30d1347,android,Linux x86_64,2024-06-09 09:16:56-04:00,2,,CL
D-7c88abe4d953,Ios,Android 9 (SDK 28),2022-07-15 17:04:46,1,,CL
D-e2db0f8e273a,WEB,Windows NT 10.0,09/01/2024 22:23,1,,chile 
D-e12e3d88b301,android,Linux x86_64,2025-08-24 03:35:40-04:00,1,,CL
D-69d763c59af1,web,Android 14; SM-A546E Build/UP1A,24/04/2020 01:05,1,,chile 
D-6dae12fd15db,ios,Android 14; SM-A546E Build/UP1A,2024-03-13 10:29:06-04:00,1,,AR
D-36e1b409116b,android,iOS 16.7,29/02/2024 21:09,2,,CL
D-58399882af12,pos,iOS 17.5,2022-05-12 02:40:23,2,,PE
D-7d2ca6955a7e,Android,iOS 17.5,12/07/2023 10:53,3,,US
D-d3c4ae622c77,android,Windows NT 10.0,2020-04-18T08:28:07Z,2,0,CL
D-0dcdb6694007,android,Android 13,2019-11-24 16:23:21,1,,CL
D-9614c9a765ad,android,,2021-01-12 17:09:09-04:00,1,,cl
D-aaec86c1bacd,android,Windows NT 10.0,2026-05-25 07:05:45,17,,CL
D-f4a5a638daba,android,Mac OS X 10_15_7,2021-07-20 16:58:13,1,0,CL
D-245d25326e8a,android,,2021-01-11 23:00:03,1,,AR
D-afa3622c6707,web,Android 13,2020-12-24 18:30:36,1,0,CL
D-4b65ff973a44,Web,Mac OS X 10_15_7,2019-07-08 09:01:33,1,,CL
D-749436b9f275,web,Windows NT 10.0,2020-02-04T08:13:26Z,1,,Chile
D-b974fa615958,android,Android 14; SM-A546E Build/UP1A,2019-11-26 08:31:23-04:00,1,,RU
D-036123714ba1,android,Windows NT 10.0,2023-05-17T11:10:50Z,1,,CL
D-91a716913fef,ios,Android 9 (SDK 28),2023-02-27 14:49:27,21,0,CL
D-8593536f2ad5,pos,Android 14,2021-10-05 11:35:08,1,,CL
D-13a55b272edd,web,,2019-06-19 21:42:35,1,,CL
D-0146dc7f5845,ANDROID,Linux x86_64,2019-12-12 08:20:55,1,,ARGENTINA
D-39088859a39c,android,Android 9 (SDK 28),12/08/2021 03:03,1,,PE
D-40a9217cb9fa,ANDROID,Android 13,2023-10-02T18:05:13Z,1,, CL
D-605af07c67ff,android,Linux x86_64,2025-11-08 20:16:42,2,,BR
D-09dda2ee9ee4,ANDROID,Linux x86_64,27/08/2021 07:10,1,,Perú
D-d1ee64f38a35,android,,2021-01-31 04:03:23,1,, CL
D-bb5a014de8d3,web,Mac OS X 10_15_7,2025-02-23 02:26:09-04:00,1,,CL
D-5677f342ac56,Ios,Android 14,2024-06-07T17:35:50Z,1,,CL
D-521dd47ab3e3,ios,Linux x86_64,2024-01-30 08:01:21-04:00,2,,CL
D-91e12bbbf9c0,IOS,Windows NT 10.0,2022-06-11 12:28:44,1,,CL
D-b006822316ea,android,,2020-11-13 21:41:55,1,,CL
D-8867c73e147b,Ios,Android 13,2025-04-28 13:35:33,1,,chile 
D-3a8c4954287e,web,Windows NT 10.0,2023-06-03 10:11:47,6,0,CL
D-430e22346a38,Android,Android 9 (SDK 28),2022-10-11 23:54:56-04:00,1,0,BR
D-588102df5ba5,web,,2025-03-03 09:42:53,1,,CL
D-71d7eba01b7b,ANDROID,Android 13,2021-01-05 12:56:43,1,,ARGENTINA
D-79fafb02a8c1,android,Android 14; SM-A546E Build/UP1A,2020-12-13T10:51:42Z,1,,CL
D-cc22cf2fc244,ios,Android 9 (SDK 28),2021-10-30 01:14:31-04:00,1,0,cl
D-b95d1437fff7,web,Linux x86_64,2022-03-07T20:04:32Z,1,0,CL
D-133641dc7d64,Ios,Android 9 (SDK 28),2019-10-22 22:16:12-04:00,2,,RU
D-6ea5e8506989,android,Android 14,2020-11-25T06:33:19Z,1,,CL
D-7e9fb442fcc5,ios,,2025-03-25 06:40:01,1,,CHILE
D-37793685c434,ios,Android 13,2019-09-01 06:07:41,1,,CO
D-96d42c2d87c8,android,Android 14,02/04/2019 10:33,1,,BRASIL
D-ab1ef90b842f,android,Android 9 (SDK 28),2024-05-31 01:33:36,6,0,CL
D-4ace01a109cb,ios,iOS 17.5,2021-10-28 01:47:38,1,,CL
D-2e43787b450f,android,Windows NT 10.0,2023-09-25 13:00:51,1,0,chile 
D-ecb0a2c51cb6,ios,,2023-08-07 12:09:58,1,0,PE
D-17954bcfea01,ios,iOS 16.7,2020-06-27 08:23:55,1,,CL
D-9bc26b9da666,android,Android 14,2023-09-20 20:45:33,1,,Argentina
D-46c70a34e732,IOS,Mac OS X 10_15_7,2025-06-12 21:44:35-04:00,1,1,CL
D-f563e70ce279,android,iOS 16.7,2026-05-21T03:46:38Z,1,,Chile
D-4d1bd3f75747,ANDROID,Mac OS X 10_15_7,2024-11-25 13:20:40,1,,CO
D-2276beb1d1b8,ios,Android 14; SM-A546E Build/UP1A,2020-08-22 18:21:01,6,,VE
D-4cb9ddafcc05,Ios,Android 13,2022-11-11T02:40:29Z,6,,US
D-79558da76e54,web,Android 9 (SDK 28),2020-01-25T06:30:26Z,1,,CL
D-95210fe1a1b6,ios,Windows NT 10.0,2024-01-09 07:24:49-04:00,1,,CL
D-e6b813fb239d,android,Android 14; SM-A546E Build/UP1A,2025-06-02 11:03:43,32,,CHILE
D-0305873e3c69,ANDROID,Linux x86_64,2025-09-07T11:28:51Z,1,,AR
D-acbcf6eca23d,web,,2019-12-19 16:07:07,1,,CO
D-37c39a67b3fa,ios,Mac OS X 10_15_7,2023-08-07T15:41:45Z,1,0,CL
D-128271c29853,Android,Android 14; SM-A546E Build/UP1A,2019-09-01T20:09:38Z,1,0,CL
D-3f92c9883ab2,android,Android 14; SM-A546E Build/UP1A,2021-01-07 23:55:27-04:00,1,,CL
D-dc0a8ddf7670,android,iOS 17.5,2026-06-27 09:05:22-04:00,2,,PE
D-42b59dbc419c,Ios,,2025-06-24T16:59:37Z,1,,CL
D-7d420f4f394b,android,Windows NT 10.0,2020-04-09 13:28:23,1,,CL
D-0b8f69ce9885,ios,iOS 17.5,2024-03-30 09:39:13,1,,CL
D-21520e4f607a,web,Android 14,2025-01-29 12:27:27-04:00,1,,CL
D-6f07dce25fb5,android,Linux x86_64,2024-11-27 15:02:51-04:00,1,,CL
D-f6ae9bae580c,Android,Windows NT 10.0,2021-10-13 01:29:04,6,,CL
D-cb038abaf37d,ios,Linux x86_64,2021-12-16 03:35:34,1,1,NG
D-882cae6bbab0,POS,iOS 16.7,2021-04-03 13:40:20,2,,CL
D-5681d89c4a33,web,iOS 17.5,2024-05-23T02:30:40Z,1,0,chile 
D-c8cf9a0fa745,Web,Android 9 (SDK 28),2022-04-20 06:05:09,2,,CL
D-678c5f4cf6b3,android,iOS 17.5,2025-11-07 09:29:05,1,, CL
D-5c04d632ef86,ios,Windows NT 10.0,2021-09-04T18:57:12Z,2,0,CL
D-a3be8703e9d4,web,Android 14; SM-A546E Build/UP1A,2023-12-08T11:25:29Z,1,,CL
D-1368f58c6b83,ios,,2021-07-18 17:12:13,1,0,CO
D-baf6115068b1,android,Android 9 (SDK 28),2026-05-10 16:36:58,1,,CL
D-6bed3487dfb7,android,Android 14; SM-A546E Build/UP1A,2024-10-17 09:08:47,1,,CL
D-25d48ade19d5,web,iOS 16.7,2019-03-02 11:09:33,1,,CL
D-5bd113939530,ios,Mac OS X 10_15_7,2020-08-15 02:58:31,1,,CL
D-7d89675f4ffc,Android,Mac OS X 10_15_7,2022-05-09 06:38:50,4,,RU
D-3224a8988e31,ios,Android 14,2020-12-18 01:12:11-04:00,1,0,CL
D-d8ac4c6e8b3b,android,Android 14,2023-01-19T07:41:18Z,1,,CL
D-319358fc4153,Ios,Windows NT 10.0,2026-02-24 14:53:14,5,,CL
D-c80a2b5ad997,Ios,Windows NT 10.0,22/02/2019 19:43,1,,CL
D-ee313e875976,web,Mac OS X 10_15_7,2021-07-18 19:47:25-04:00,1,,CL
D-d5ccae44e515,android,iOS 16.7,2024-07-14 00:47:15-04:00,6,0,Chile
D-f2970befdf36,ios,Linux x86_64,2019-05-24T19:40:57Z,1,,CL
D-275fc765985d,ios,,2020-12-29 22:43:00,2,0,BR
D-774dadec79db,android,Android 13,2019-03-30 21:52:14-04:00,1,,CL
D-aa318198a8a7,pos,Android 9 (SDK 28),2021-12-19T07:14:24Z,1,,AR
D-3ebb749f6487,android,Android 9 (SDK 28),2021-05-10 11:30:45-04:00,1,,Nigeria
D-52aed6de71eb,pos,Mac OS X 10_15_7,2025-03-24 14:42:41,1,,CL
D-bfd007e631a7,Web,,2023-02-08 00:19:40,1,0,CL
D-71790b29b3c0,WEB,Android 9 (SDK 28),2023-05-11 20:38:40-04:00,1,,Chile
D-28d7eb9e9023,ios,Android 14; SM-A546E Build/UP1A,2021-01-01 06:06:58-04:00,2,,AR
D-29ac88976af3,ios,Android 9 (SDK 28),2024-02-26T17:21:08Z,1,,RU
D-ca44b560a349,web,Mac OS X 10_15_7,2019-01-23 08:48:13,3,,cl
D-ddb9ec383363,android,Android 14; SM-A546E Build/UP1A,2024-12-25 09:36:30,1,0,CL
D-35dc5a499f5c,android,iOS 16.7,2023-06-13 17:55:49,1,0,VE
D-4b8bb77ebf7d,web,Mac OS X 10_15_7,30/08/2019 00:33,1,,NG
D-5f9d187e42ae,android,Android 14; SM-A546E Build/UP1A,2021-12-02 10:23:38-04:00,5,,CL
D-79dbefcece91,android,,2021-10-09 00:33:49,1,,CL
D-694e11ebe49e,web,Windows NT 10.0,2024-09-23 09:32:30,2,,cl
D-199be018ffb6,android,Android 14,2019-08-08T11:02:53Z,1,,Venezuela
D-a3f0d39e6f07,android,iOS 16.7,11/05/2023 00:26,4,,CL
D-a156fde70603,web,Android 9 (SDK 28),2025-03-19 01:45:15,2,0,CO
D-be5010ebc025,android,iOS 16.7,2022-07-25T20:31:50Z,2,,Colombia
D-267a25d7e486,android,Linux x86_64,2020-10-06 08:44:28,1,,US
D-29ec7db7acaf,ANDROID,Mac OS X 10_15_7,2021-02-01T14:45:52Z,1,,AR
D-77e09d6096f9,android,Windows NT 10.0,2026-04-13 08:28:32,1,,CL
D-5567d1768f98,android,Android 14; SM-A546E Build/UP1A,2020-01-11 15:28:20,1,,CL
D-aab3d3237210,Android,Android 14; SM-A546E Build/UP1A,2026-01-12 21:20:29,2,0,CL
D-a3c71f65a822,POS,Mac OS X 10_15_7,2023-01-21 01:02:11,9,,Brasil
D-a5b4a39b16c8,ios,Android 9 (SDK 28),2024-04-19 08:38:57,1,,CL
D-98bbae0c95d2,android,Windows NT 10.0,2022-07-06 20:38:41,2,,CL
D-7d0d87ea2805,ios,Android 9 (SDK 28),2019-11-13T22:41:43Z,1,0,CHILE
D-a2b491cc74fe,ios,Android 14; SM-A546E Build/UP1A,2021-01-05T06:30:12Z,1,,CL
D-d038b537adb0,Android,Android 9 (SDK 28),2022-09-13 21:46:42,1,,cl
D-833802a1386a,web,Android 13,2022-02-11 03:59:30,1,0,CL
D-7b9974524c79,android,Linux x86_64,2020-02-08T16:40:03Z,2,,Perú
D-1879e38d7aa3,android,iOS 17.5,2025-08-18T17:54:31Z,2,0,CL
D-0dee058ca485,android,Mac OS X 10_15_7,2020-09-13 15:29:16,1,0,CL
D-62b04829dca8,IOS,Windows NT 10.0,17/07/2022 13:21,1,,CL
D-34aad0759fdf,ios,Android 13,2021-03-01T23:56:14Z,1,0,COLOMBIA
D-8f8634d76735,android,Windows NT 10.0,2026-03-10T03:47:10Z,1,0,CL
D-fc8e7ca9b6fa,android,iOS 16.7,2025-05-18 12:33:06,1,,NG
D-e01055e60cb8,web,iOS 16.7,2026-05-07 15:49:59,2,,CL
D-d9d911cfd9ab,IOS,Android 14; SM-A546E Build/UP1A,2023-07-22 09:52:31-04:00,1,,CL
D-40d1c9f11603,android,Linux x86_64,2023-06-22T06:46:47Z,2,0,CL
D-cdeeb1ebe8ea,android,,2023-12-06T16:51:30Z,1,, CL
D-0731c20a8329,ANDROID,Android 14,2025-10-27T08:12:10Z,1,0,CL
D-7cc9e52959a0,web,Android 13,2024-07-06 07:54:04,1,,chile 
D-3dbc178a2a7d,ios,Android 14,2023-08-14T12:07:42Z,1,,cl
D-5f50bc1dbf9c,ios,Windows NT 10.0,2020-07-03 10:01:21-04:00,1,0,CL
D-122a1200d6e7,web,Linux x86_64,2024-02-20T07:54:20Z,1,,CL
D-fc8a50e9d60f,Ios,Mac OS X 10_15_7,2024-11-19 09:24:33-04:00,1,,CL
D-590ba30f34f2,ios,Windows NT 10.0,2021-12-13 00:52:54-04:00,1,,CL
D-b716785cc6af,ios,Mac OS X 10_15_7,2022-02-27T14:41:41Z,1,,ARGENTINA
D-239a1c6b511b,android,iOS 17.5,2022-08-30T16:35:19Z,2,1, CL
D-0ef00a384d01,web,Android 14,2026-03-08T15:20:31Z,1,,CL
D-f8d11368b026,android,Linux x86_64,2019-02-03 05:48:15-04:00,1,,cl
D-9461116c8d99,web,Mac OS X 10_15_7,2026-03-08 20:27:31,1,0,BR
D-ec24c666871b,WEB,Android 9 (SDK 28),2021-03-22T22:48:47Z,1,0,chile 
D-9adc6b3230aa,ios,Linux x86_64,2020-07-02T11:52:46Z,1,,CL
D-55cb183c6fc2,web,iOS 17.5,21/09/2020 05:52,5,,CL
D-e425b34b7f99,android,Android 9 (SDK 28),2023-12-24T22:22:21Z,1,0,CL
D-397f93042a55,pos,Windows NT 10.0,2019-05-04 19:11:23-04:00,1,,CL
D-23a929329f88,POS,Android 9 (SDK 28),2019-12-14 05:54:38,1,0,CL
D-b00a8a05b751,android,Linux x86_64,2020-05-02 20:49:30-04:00,1,1,CL
D-63f118720cf1,android,Linux x86_64,2021-09-10 10:28:22,6,,AR
D-34e80a2992bf,android,iOS 16.7,2026-07-14 14:11:02,1,,Perú
D-0dee29b7901e,web,Android 13,2025-03-26 17:50:04,1,0,ARGENTINA
D-e0909ce48f2b,ios,Android 14,2025-04-29T22:37:47Z,1,1,CL
D-57df0f81febc,web,,2024-12-21T02:34:40Z,1,,CHILE
D-4bec15d3a856,Android,Android 14,2024-02-21 13:21:05-04:00,1,,CL
D-26b953267846,android,Mac OS X 10_15_7,2023-01-29 06:41:17,1,,CL
D-bd7ae2467d5c,android,Android 9 (SDK 28),2026-01-31T15:22:32Z,2,0,CL
D-80fb24f9bfb2,web,iOS 16.7,2024-05-17T23:05:51Z,2,0, CL
D-4d6d27519c55,POS,Android 14,2024-12-24T23:33:34Z,1,,US
D-46a7485fb809,web,Android 14; SM-A546E Build/UP1A,2019-03-19 16:45:33,1,,CL
D-e50932768448,android,iOS 17.5,2026-03-07T01:06:16Z,1,,CL
D-d6c331bb2088,ios,Android 14,07/12/2020 09:58,1,,PE
D-306e757fc163,Web,Windows NT 10.0,05/03/2025 19:06,1,,AR
D-efe3276b9f5c,Ios,iOS 16.7,2020-04-26 15:33:11,1,1, CL
D-ea83056aaaac,Web,Android 14; SM-A546E Build/UP1A,2024-12-12T09:51:28Z,1,,ARGENTINA
D-47b4e46b4a75,POS,Android 9 (SDK 28),2024-08-21T04:33:24Z,1,,US
D-30ae327a28ed,android,Android 9 (SDK 28),2021-03-23 10:12:38,1,,CL
D-406b67f651f0,android,Android 14; SM-A546E Build/UP1A,2023-01-20T18:58:55Z,2,,CL
D-fff337a30e7c,Android,Android 13,2022-12-03 14:51:49,1,,CL
D-8da89b15759b,ios,,2020-03-01 12:24:47-04:00,2,,cl
D-b1f249a17cde,android,Android 14,07/06/2020 19:11,1,,CL
D-dcc2cfad2ee9,ios,Android 14,2026-04-21T11:03:54Z,1,0,CL
D-00686f375919,android,Linux x86_64,2023-12-12 12:19:16,1,,CL
D-ae1c9c6bfd26,Web,Android 14; SM-A546E Build/UP1A,2019-08-15 16:43:01,1,0,CL
D-de98eddd7c4b,android,Mac OS X 10_15_7,2022-06-17 16:34:45,1,,BR
D-1055d659edbf,android,Mac OS X 10_15_7,2019-07-20T07:50:36Z,2,,CL
D-99c906f1810a,web,iOS 17.5,2022-12-25 07:57:08-04:00,4,,CL
D-2889ce7ddf57,web,Android 14; SM-A546E Build/UP1A,2019-12-11 10:37:18,1,,chile 
D-d5cfcb3937c8,web,Linux x86_64,2020-07-06T10:05:45Z,1,0,CL
D-4d1ee33e7a88,web,Android 14; SM-A546E Build/UP1A,2022-01-28 16:39:25-04:00,1,,CL
D-842f46d50a69,ANDROID,iOS 16.7,2019-08-05 19:15:54-04:00,1,,CL
D-52336073fb32,ios,iOS 16.7,2022-07-18 01:40:25-04:00,1,,CL
D-c42c6b918f1a,Android,Android 14,26/09/2021 08:47,1,,CL
D-d2d96fa18c7e,android,Android 13,2023-06-22 13:49:31,1,,CL
D-da04a4b5f345,Android,Android 14,2020-07-23 19:22:50,38,,CL
D-78f268581a42,ios,Android 14; SM-A546E Build/UP1A,2023-09-16T22:49:15Z,2,,CL
D-772e51fae850,ios,Android 14; SM-A546E Build/UP1A,2022-06-27 15:41:58-04:00,1,,AR
D-488f4c12b520,ios,Android 14,2021-04-08T09:06:07Z,1,,CL
D-e5ef4aeb2a1c,ANDROID,Linux x86_64,2021-11-08 22:59:22-04:00,1,1,CL
D-649e0756d93e,ANDROID,Linux x86_64,2025-07-02 10:55:15-04:00,1,,CL
D-ef3dd559bc56,ios,Windows NT 10.0,2024-05-31T15:49:43Z,4,,CL
D-83a9efec3d24,web,Mac OS X 10_15_7,2019-01-26 11:26:41,1,0,CL
D-d017fed618bf,web,iOS 16.7,2023-11-04 05:33:22,1,,CL
D-97397a370d4c,web,Android 9 (SDK 28),16/10/2024 09:27,1,,VE
D-7f75c94c28e6,web,iOS 17.5,11/03/2026 10:23,1,, CL
D-9b7fd1e0c03c,ios,iOS 16.7,19/04/2023 06:23,1,,CL
D-69285b9edeab,android,,2019-12-22T18:42:01Z,1,,CL
D-36ce51992d41,android,Android 14,2024-02-28T18:51:35Z,1,0,US
D-5432562631d8,android,Linux x86_64,2023-05-17 09:22:56,2,0,CL
D-248bdac8a94d,android,Windows NT 10.0,2022-04-26T14:30:09Z,1,,PE
D-af2dd144e4ec,ios,Android 13,2023-12-29 08:08:34,1,0,CL
D-c0167822e8c0,web,Linux x86_64,2021-01-30 20:58:53,2,0,CL
D-5d6a5fa768a2,android,iOS 16.7,2025-01-14 01:51:05,1,0,CL
D-f662e86d26b5,ANDROID,Windows NT 10.0,2022-02-15 10:28:39,1,0, CL
D-0ab8e754a423,android,iOS 16.7,2023-04-03 05:30:55-04:00,2,0,CL
D-37a22fa15ad6,WEB,Android 13,2024-01-09T06:21:49Z,1,1,CL
D-1eb2a5409f5e,pos,,19/06/2020 08:38,1,,CL
D-b9d221ad8205,web,Linux x86_64,2019-01-02 11:59:45,1,0,CO
D-da2de8683d77,ios,Android 13,2023-10-12 19:09:09,2,,chile 
D-e52b7013bbb5,android,iOS 17.5,2021-09-08 20:05:21-04:00,1,,CL
D-83277c35aaec,android,Windows NT 10.0,2024-04-21 23:36:50,4,,CL
D-526c32c8e362,android,Android 14; SM-A546E Build/UP1A,2022-05-02 14:21:31,1,,CO
D-e871eda92414,android,Android 13,2020-09-12T00:56:44Z,1,,CL
D-8d5278177d5d,ios,Linux x86_64,2020-12-27 23:36:52,1,,CHILE
D-546f1f8c0b88,android,iOS 17.5,2024-12-26T02:04:43Z,4,,CL
D-109a176ef812,android,Android 14,2024-01-14 05:16:56,1,,CL
D-45e47a50c233,ios,iOS 16.7,2026-01-04T23:04:18Z,1,,CL
D-71e41c6f3fe6,web,,2026-01-20 02:57:00,1,0,COLOMBIA
D-8bce23cca59f,android,Linux x86_64,2023-02-23 22:18:50-04:00,1,0,CL
D-7010a29035e3,android,Android 14,24/03/2020 16:09,1,,CL
D-12a114381866,web,iOS 17.5,2019-05-27 17:43:22,3,,CHILE
D-415780ef8ea0,Pos,Mac OS X 10_15_7,2021-10-27 15:24:32,1,,CL
D-9bfb1a873589,Pos,,2024-09-23T11:18:57Z,1,0,Chile
D-a738ff56d0c0,android,Mac OS X 10_15_7,2025-05-22T00:46:52Z,2,,CL
D-5dbd153b6e28,POS,Mac OS X 10_15_7,2024-03-30T02:22:16Z,1,,CL
D-80f8d85454f3,IOS,iOS 16.7,2026-04-28 17:16:42,1,0,CL
D-a23fea6b93d9,Android,iOS 17.5,2026-01-22 10:49:43-04:00,1,,CHILE
D-0b26e97b9113,pos,Android 13,2022-05-16 23:12:50,3,,Chile
D-ee857ba5c7b8,web,iOS 17.5,2024-05-13 19:43:58-04:00,1,0,Chile
D-21e887aa1940,Android,,2021-05-09 21:11:54,1,0,CL
D-72c0e2c1be35,ios,,2026-05-25 21:40:14,1,0,CL
D-03fdbd5bb718,ANDROID,Mac OS X 10_15_7,2020-06-15 08:08:55-04:00,1,,CL
D-6ad800ad2ed7,ios,Mac OS X 10_15_7,2024-05-17T10:53:41Z,2,,CL
D-4a905fe9c3fa,Android,iOS 16.7,2022-11-24T08:48:06Z,1,0,CL
D-8c78ac624c0a,web,Android 14; SM-A546E Build/UP1A,2025-09-28 08:35:39,1,,CL
D-0a8dd9ab2914,android,,2019-06-29 20:56:44,17,,VE
D-91cbf5a52513,android,Android 14; SM-A546E Build/UP1A,2024-09-13T17:47:31Z,1,,CHILE
D-0bdea4b87b32,IOS,,2020-06-14T23:00:30Z,1,,CL
D-c8ccf58a588c,android,iOS 17.5,2022-05-06 12:15:48,1,0,Brazil
D-4baf5f00ef45,android,Android 9 (SDK 28),2025-05-26T20:33:21Z,1,,CL
D-fbce00f83fd4,android,Android 14,2020-04-16 02:49:18,1,,CL
D-52e249f641b5,web,Android 14; SM-A546E Build/UP1A,2022-06-06 06:29:06,1,,CL
D-aa203f155f47,ios,iOS 17.5,2023-07-11 01:45:06,1,,CO
D-0ba0a8f39cd4,Web,Windows NT 10.0,2023-06-10T09:29:18Z,1,,CL
D-bc4043830731,web,Windows NT 10.0,2023-11-17T23:38:38Z,1,0, CL
D-dba31c215531,android,Android 14,12/10/2022 08:16,2,,EEUU
D-1c4f40f61747,Android,iOS 17.5,2025-01-25 20:26:36-04:00,2,,CHILE
D-320687628495,ANDROID,Android 9 (SDK 28),2019-07-28 19:40:03-04:00,1,,CL
D-68fff80fa626,ios,iOS 16.7,2024-06-18 20:59:40-04:00,5,0,US
D-976c74001861,android,Android 9 (SDK 28),2021-10-04 20:16:41-04:00,2,,CL
D-dad5b70f66bf,ios,Android 13,2026-07-06 15:22:56,2,0,CL
D-45b729587dee,Android,iOS 17.5,28/05/2024 00:38,1,,US
D-286795c74698,Android,,2023-05-12 20:23:20,2,0,CHILE
D-3ef0798e7db6,ios,Android 14,2019-02-27 09:26:13-04:00,9,0,CL
D-78afc4bda021,android,Linux x86_64,2023-02-21T21:28:36Z,1,,CL
D-737b2c794e83,Ios,Windows NT 10.0,2022-11-07T20:15:12Z,16,,CL
D-f8213a4923a1,Web,Android 9 (SDK 28),2024-12-20T06:49:36Z,24,,CO
D-f8faf03f1408,android,Android 13,20/02/2021 00:17,1,,CL
D-7ebfea1620a9,pos,,08/07/2019 02:29,1,,CL
D-d0047ba39206,android,Android 9 (SDK 28),2020-06-30 11:54:18,6,,chile 
D-0c601541567d,Web,Android 14; SM-A546E Build/UP1A,2024-10-06 08:58:23,3,, CL
D-5a6a7ee32527,android,Android 14,2024-11-20 11:19:59,1,,CHILE
D-1a071431dc21,Android,Android 14; SM-A546E Build/UP1A,2026-02-22T20:24:20Z,2,,CL
D-c9ba8ce35eb2,ios,Linux x86_64,2019-04-24T16:19:21Z,1,,AR
D-77f534446163,android,Android 14; SM-A546E Build/UP1A,2021-01-17T07:57:29Z,1,,Colombia
D-2c6ccfd33fe4,web,Android 13,2021-05-11T12:14:03Z,1,,CL
D-05d8f5fe6773,android,Android 9 (SDK 28),2025-01-22 05:11:17,1,,cl
D-e3d22e2d8231,ios,Android 9 (SDK 28),2025-12-10 03:16:43,2,,PE
D-26dd9be5d0b5,Ios,,2022-08-27T00:56:08Z,1,0,CL
D-78a2475a55a7,android,Windows NT 10.0,2024-03-20T22:06:52Z,1,,CHILE
D-0f0de7564ed0,ios,,24/11/2019 21:43,1,0,PE
D-dfe7bc7214bb,ios,Android 14,2019-10-19 12:50:23,4,,CO
D-3e7ee82b812e,IOS,,08/03/2023 03:11,1,,CL
D-735fe4e85837,android,Android 14; SM-A546E Build/UP1A,2021-09-15 02:59:44,1,0,Colombia
D-df8136fab0c2,android,Linux x86_64,2021-10-08T23:40:33Z,1,1,CL
D-f08075475a5c,android,Android 14; SM-A546E Build/UP1A,2026-01-29T08:00:14Z,1,,BRASIL
D-16dbce50b18c,android,Mac OS X 10_15_7,2020-07-30 15:54:01,6,,CL
D-2af8c602c283,android,Windows NT 10.0,2024-11-01T21:28:40Z,1,,CL
D-0b20f69285b5,ANDROID,iOS 16.7,2020-01-10 14:29:28,1,,AR
D-6f15d5e0e7ec,ios,Mac OS X 10_15_7,2022-01-19 21:03:59-04:00,1,,CL
D-f0cf30c49fec,web,Linux x86_64,2023-09-13 14:45:12,1,,BR
D-cebc5a64f18b,android,Android 9 (SDK 28),12/08/2021 04:35,1,,cl
D-f36ab4e00fcd,android,Android 14; SM-A546E Build/UP1A,2021-06-03T08:09:18Z,1,,CHILE
D-2db5467f3b86,android,iOS 17.5,2025-11-27 02:56:12,1,0, CL
D-072a41f49e1e,ANDROID,Linux x86_64,2019-09-21 13:55:17,1,,CHILE
D-8e42a1dabe36,android,,2023-07-07 05:55:31-04:00,1,1,CL
D-a8b41d5d6f4b,web,Windows NT 10.0,2019-10-07 13:28:42-04:00,1,0,BR
D-764cc4a37bcf,web,Android 13,2020-03-13T05:33:27Z,1,,CL
D-9e6cb8b94e50,android,Android 13,2025-04-12T16:27:27Z,2,,CHILE
D-9537f703408d,android,Android 14,2025-11-26 01:27:25,1,,Colombia
D-fb066d0ca550,android,,2024-05-26T02:45:20Z,1,,CL
D-c44285137f85,web,Linux x86_64,04/08/2023 09:47,2,,CL
D-4b5989f54d64,web,Android 9 (SDK 28),2023-11-09T00:22:39Z,1,1,CL
D-4bdfac05c246,android,iOS 16.7,2019-10-21T21:26:03Z,1,0,US
D-d2b78cf229e0,android,Android 14; SM-A546E Build/UP1A,2024-04-28 07:06:54-04:00,1,,CL
D-2c8a0b959fae,web,Android 13,2022-06-21T05:51:17Z,1,,CL
D-8f67281979dc,IOS,Linux x86_64,2024-07-21T19:53:21Z,1,,CL
D-a2562f526a89,android,Linux x86_64,2024-11-02 04:41:15-04:00,1,,CHILE
D-656108a755d5,android,Android 14,2023-02-02T01:08:03Z,1,,PE
D-d064bdbdc987,ANDROID,Mac OS X 10_15_7,2019-05-06 20:56:24,2,0,CL
D-4ed29b2cfa2e,Ios,Mac OS X 10_15_7,2025-07-03 12:32:21,1,,NG
D-7b4a163f15fd,IOS,Android 9 (SDK 28),2022-04-29 06:38:38-04:00,3,,CL
D-bdca634c5650,web,Android 14,2019-06-14 15:12:23-04:00,1,,CL
D-ff34d0aaaba1,ios,Android 14; SM-A546E Build/UP1A,2026-06-10 19:08:06,1,0,CL
D-0fcda3311e2e,Android,Windows NT 10.0,2019-04-10 02:08:43,1,,CL
D-87186bf3017c,android,Android 9 (SDK 28),2022-04-10 16:18:29,1,,CL
D-6d46677b8950,android,Android 14,2020-05-08T02:44:07Z,1,,CL
D-f4cdba37a0fb,web,,12/09/2021 17:01,2,0,CL
D-69b85c4e738f,android,Mac OS X 10_15_7,2021-01-04 11:55:57,1,1,CL
D-42b6ed41f532,web,Linux x86_64,2026-06-15 17:12:16-04:00,1,,PE
D-0ee3b37d63dc,web,Android 14,2022-05-06T21:50:57Z,1,,CL
D-8bb5754b8e99,web,Linux x86_64,14/01/2025 03:08,1,0,CL
D-80e78f15c4f2,pos,Mac OS X 10_15_7,2019-02-03T03:30:19Z,3,,chile 
D-09d60677407e,Android,Android 14,2021-12-17 06:08:06-04:00,1,0,CL
D-83934b96c401,android,Linux x86_64,2026-01-30 15:32:56,1,,CL
D-6e14fb16b28b,ios,Android 14; SM-A546E Build/UP1A,2019-12-14 03:22:50,5,0,CL
D-fd76f3121064,pos,iOS 17.5,2025-09-18 20:19:12,1,,CL
D-2f03f001744b,pos,Mac OS X 10_15_7,2023-09-12T08:10:10Z,20,,CL
D-04543ff94e00,web,Windows NT 10.0,2025-07-12 19:24:45,1,1,CL
D-6a6faa304135,POS,Mac OS X 10_15_7,2024-09-17T12:57:58Z,1,,CL
D-65a552432166,android,iOS 16.7,2026-04-29 12:52:05,1,,CL
D-3a1500b1a3d6,IOS,Windows NT 10.0,2022-06-06T22:56:54Z,1,1,CL
D-c163931d4522,ios,iOS 16.7,2024-03-04T11:10:35Z,1,,CL
D-fe303d23713d,ios,Android 14,2021-06-13T10:34:40Z,1,,CL
D-ed821b04f4c4,ios,Android 9 (SDK 28),2020-01-15T17:57:09Z,1,0,CL
D-0219243c9f82,android,iOS 16.7,2019-11-01 16:11:40-04:00,1,1,Chile
D-d09d71584fa7,web,Mac OS X 10_15_7,2025-03-04T17:33:41Z,1,,CL
D-53f34a343276,WEB,iOS 17.5,2026-06-19T17:22:41Z,1,,CHILE
D-79e77c57ed40,android,iOS 17.5,2023-12-25T11:21:06Z,1,,CL
D-08d93c1187de,android,Android 14; SM-A546E Build/UP1A,2023-10-09T01:02:39Z,1,,CL
D-d41a371d9970,android,,25/05/2019 09:11,1,,CL
D-1d3a42f8af3f,android,Linux x86_64,2023-01-06 13:50:09-04:00,1,0,AR
D-e679420791d3,IOS,Android 14; SM-A546E Build/UP1A,2022-08-16 07:36:31-04:00,1,,CL
D-0384840dee64,IOS,iOS 17.5,2021-09-08 10:16:28,1,,CL
D-1ffcf7a7df09,android,Android 14,2020-03-14T19:27:01Z,35,0,AR
D-198039333792,web,Android 14; SM-A546E Build/UP1A,2021-03-13 05:18:49,4,,COLOMBIA
D-00c408c957dd,ios,Android 14; SM-A546E Build/UP1A,2026-01-01 00:43:24-04:00,1,0, CL
D-ec5915c7ba95,android,Windows NT 10.0,2022-07-25 11:17:29,1,,CL
D-a8465b31b157,android,Android 14,2025-05-05T18:11:00Z,2,,CL
D-1876802ad768,android,Windows NT 10.0,2019-11-16 20:10:53,1,0,CL
D-fc0072230678,android,Windows NT 10.0,2019-09-25 02:01:33,1,,CL
D-a4d176f3d500,Android,iOS 16.7,2019-03-19 12:13:29,4,,CL
D-c7bc15dd9c6e,android,Windows NT 10.0,2023-11-15T15:00:08Z,1,,CL
D-46cf0db14a46,Ios,Mac OS X 10_15_7,07/02/2021 16:38,1,0, CL
D-1ee5caf43485,Ios,Windows NT 10.0,2022-09-15T19:21:52Z,1,,BR
D-b08dd25aff5e,web,,2023-05-08 18:46:58,2,,CL
D-eacbd35c26c7,android,Windows NT 10.0,2025-07-18 20:43:05,1,,Nigeria
D-11e6e83dc454,web,Android 9 (SDK 28),12/05/2020 17:01,4,,CL
D-746300487b7d,android,Android 14,01/04/2022 10:58,1,,CL
D-13d6b6cfb847,android,Linux x86_64,2021-06-18T22:32:03Z,2,0,PE
D-c706dcdc8657,WEB,Android 13,2022-03-26 13:59:43,1,0,CO
D-8b28aa3b3b10,web,Mac OS X 10_15_7,2023-08-07 18:15:13,1,,Rusia
D-3320b53c8ee7,ios,Mac OS X 10_15_7,2020-12-17 13:30:42,2,,CL
D-915f61f5ece0,web,iOS 16.7,2019-10-20 14:35:31,1,,CL
D-a2eb8f1792bb,android,Android 13,2024-06-12 14:28:31,1,0,CL
D-d45e56386833,ios,Mac OS X 10_15_7,2021-11-25 18:52:50,1,0,cl
D-1997c5697079,ANDROID,,2024-01-31 17:34:18-04:00,1,,CL
D-01cb72435c19,web,Android 13,2025-10-10T09:29:38Z,1,,Chile
D-c9e538e2e8db,android,iOS 16.7,2022-07-28T22:06:51Z,2,, CL
D-2fa00aaafda6,android,Android 9 (SDK 28),2019-03-07 16:22:17,1,,cl
D-889ab5d38d52,web,Android 9 (SDK 28),2023-01-15 14:45:08,5,0,CL
D-57067a836088,ios,Android 14; SM-A546E Build/UP1A,2024-05-17 21:07:54,1,,CL
D-7a8f91e53f48,android,Android 14,2020-02-10T06:51:31Z,1,,CL
D-6e96598f0d9f,android,Android 14,2022-02-13T14:27:50Z,1,0,CL
D-48696b240854,ios,Windows NT 10.0,2025-10-27T20:27:27Z,29,,BR
D-696ff15f4b8a,ios,Mac OS X 10_15_7,2026-02-17T18:18:31Z,1,,CL
D-c3890855312d,Android,Windows NT 10.0,2020-09-22 04:58:55,1,,CL
D-428b918fa76b,android,Linux x86_64,2024-01-23T03:41:54Z,1,,CL
D-f40e46315a6f,ios,Android 14; SM-A546E Build/UP1A,04/03/2021 00:06,1,,PERU
D-0babc4e29b6c,ios,iOS 17.5,2020-10-11 03:41:49,1,,CL
D-f7b9500a1806,android,Android 14; SM-A546E Build/UP1A,2021-01-10 17:45:17,1,0,CL
D-88d5c3a9d8e9,WEB,Android 14,2024-06-10 18:07:29,1,0,CL
D-b5009f935745,android,Android 9 (SDK 28),2026-06-02 10:11:33-04:00,1,0,Perú
D-2ca57c6353ab,ios,,2024-04-26 01:19:43-04:00,2,,PE
D-db9f3eb69de6,ios,,22/11/2023 15:08,1,0,CHILE
D-56adfc5444a7,IOS,Android 14,2023-11-04 11:14:37,1,,AR
D-d39e16e73d62,ios,Android 14; SM-A546E Build/UP1A,04/03/2022 22:11,1,,CL
D-f03003959f06,Ios,,2022-04-30 10:24:59-04:00,3,,CL
D-b523d01b2d35,android,Android 13,2020-03-17 02:32:42,1,,PE
D-8393c64bc0dd,ios,Linux x86_64,2023-11-06 18:30:18,1,,PE
D-a29c16130e93,web,Android 14; SM-A546E Build/UP1A,28/03/2019 05:26,1,,CL
D-7fe131350536,Ios,Android 14,23/10/2020 12:37,1,,CL
D-b5a36dfa2878,ios,Android 14,03/12/2024 12:59,1,,CL
D-527264cd8b0d,Ios,iOS 16.7,2023-02-08 16:20:39-04:00,1,, CL
D-4b860347e75c,ios,Android 14,2022-08-17 05:40:17,1,0,RU
D-18db17b75484,ios,,2019-07-30 04:57:49,1,,RU
D-d793fbeb2f6a,ios,iOS 16.7,2025-10-06T19:49:39Z,1,,Brazil
D-4a333b8171e4,ios,Android 14,2024-02-10 20:59:13-04:00,1,0,CO
D-2f7f0bc41aba,pos,,2022-01-11 14:25:53,1,,CL
D-f885d0d5d896,pos,Android 14,2025-10-02T15:19:41Z,1,,CL
D-7f5c11c4bf2a,web,Mac OS X 10_15_7,2021-10-25T06:16:16Z,1,,CL
D-e9041058f6a6,android,Android 14,01/10/2021 00:43,2,0,PE
D-9d8c59ebed4a,android,Android 13,2021-04-23 03:23:01,1,0,cl
D-10f439e74334,android,Windows NT 10.0,05/09/2024 18:33,1,0,CL
D-e0e73275d0a8,android,iOS 16.7,27/07/2020 10:21,4,,CL
D-152c4f05213c,android,Android 9 (SDK 28),2023-05-06 08:53:25,2,,CL
D-7f8b4e0902de,pos,Android 9 (SDK 28),2019-01-31 07:17:34-04:00,2,0,CL
D-ea602b4fbc50,web,Windows NT 10.0,2019-04-06 18:17:23-04:00,1,,PE
D-12b057ec2c56,ios,Linux x86_64,2019-08-03 06:19:02,2,,USA
D-55505c99aafe,android,Android 14,2020-02-27T15:22:47Z,1,, CL
D-711348f8a491,ios,iOS 17.5,2021-07-18 03:36:36-04:00,1,,US
D-fa3c0947851b,web,iOS 17.5,2019-01-20T14:53:46Z,1,0, CL
D-0183e6091c70,WEB,iOS 17.5,18/08/2023 00:41,1,,CL
D-42ddc5411f68,web,,08/01/2025 05:15,2,1,CO
D-94305bc73b0d,android,iOS 17.5,2021-01-29 02:09:21,1,,CL
D-5434609fa587,android,iOS 16.7,2021-04-10T00:29:36Z,1,,CL
D-f712223a387f,ANDROID,iOS 17.5,2019-04-22 12:19:54-04:00,1,,CHILE
D-70eeecbfbfc5,web,iOS 16.7,2023-11-18 23:09:53,1,,CL
D-5af6e6701c79,android,iOS 17.5,2022-06-11T03:15:50Z,1,1,cl
D-9647d0c630ef,web,Linux x86_64,13/08/2021 02:29,1,,CL
D-ce0f91c60050,IOS,Linux x86_64,2024-07-09 03:50:32,1,0,CL
D-630361630783,android,Android 14,24/11/2024 13:35,1,,CL
D-b313e036e08f,android,Android 14; SM-A546E Build/UP1A,27/09/2021 05:58,1,1,CL
D-e940b61cfcec,ios,Windows NT 10.0,2026-02-13 17:11:33-04:00,29,0,CL
D-86d415c92b58,ios,Android 14,22/06/2022 17:45,1,,CL
D-ac1e794dcf6f,Web,iOS 16.7,01/06/2020 20:42,1,0,PE
D-ae7becbd52e9,android,Android 14; SM-A546E Build/UP1A,2026-04-15 10:53:28-04:00,1,1,CL
D-7c902b87ead4,Web,Linux x86_64,2021-09-28 18:20:19,1,,CL
D-b9ffece017f2,ios,Android 9 (SDK 28),2023-11-30 02:01:23,1,,CL
D-1ca46162c995,ios,Mac OS X 10_15_7,23/10/2023 11:01,1,,CL
D-5d45b6cb80cd,WEB,iOS 17.5,07/02/2022 19:16,5,,CL
D-157d021c485e,android,,05/09/2022 07:16,1,0,PE
D-43a202951d9a,android,Mac OS X 10_15_7,2023-09-18T23:10:47Z,1,,CL
D-a89d65db22fd,android,Android 14,2024-10-11 10:54:44,1,,CL
D-df359e93488b,ios,Android 13,2022-11-11 09:24:27,1,,CL
D-0e811642a49f,android,Android 13,2021-12-18T12:27:03Z,1,,Brazil
D-ad229a76ab8f,web,Android 14,2021-01-20T08:46:12Z,1,,CL
D-9873e921d775,android,Android 9 (SDK 28),2022-02-09 07:17:53,1,,CL
D-201fd9418870,Android,Windows NT 10.0,2022-04-21T13:36:16Z,1,0,CHILE
D-5d46ea641aeb,android,Linux x86_64,2025-06-26 07:58:46,1,,CL
D-fcee2328b521,Ios,Windows NT 10.0,2020-05-04 08:37:13-04:00,1,,CL
D-3202a4975e60,ios,,2023-11-03 15:42:47-04:00,2,,RU
D-a045193e14c5,web,Mac OS X 10_15_7,2022-11-25 04:25:56,2,,VE
D-a884d622c5b7,Ios,,2023-10-31 22:31:24,1,,CL
D-454591347fd5,web,iOS 16.7,2020-11-03 01:25:13,1,,Russia
D-356ee5b43c1f,ios,Linux x86_64,2025-01-22T22:26:05Z,2,,CL
D-8d035ec0a3c5,ios,Mac OS X 10_15_7,2021-01-23 13:22:37,1,0,Nigeria
D-61215eebdb73,IOS,,2026-04-16 08:30:00-04:00,2,,CL
D-bf42784d9045,ios,Android 9 (SDK 28),2022-05-08T01:21:05Z,1,0,CL
D-79cdd9ae8932,android,Windows NT 10.0,2023-07-15 16:57:06,1,,CL
D-dbb481e266aa,ios,,2023-06-15 17:12:59,1,,CO
D-11f7026b9da8,Android,Mac OS X 10_15_7,11/11/2019 07:45,2,,CL
D-9d00c7e1a488,Web,Linux x86_64,16/07/2025 16:44,1,0,CL
D-e9c11bb0936d,ios,iOS 17.5,2024-08-21 22:00:59,2,,CL
D-a95656784ef6,Ios,Android 9 (SDK 28),22/01/2020 18:51,1,,CL
D-764e57aa037d,ios,iOS 16.7,2019-03-30 14:48:41-04:00,2,0,CL
D-05217e64d474,IOS,Windows NT 10.0,2023-01-30T13:57:05Z,15,, CL
D-d3dc9d79e7d7,web,Android 13,2022-03-15 21:56:52-04:00,2,,PE
D-442b49599898,android,Mac OS X 10_15_7,2024-05-01 10:40:38,1,0,CL
D-7aecfaf05ecf,Web,,2023-06-09T05:09:26Z,1,,CL
D-6c8b58dfff72,ios,iOS 16.7,2022-01-19T14:15:17Z,2,0,CL
D-48f96d10e13c,android,,2024-06-02T01:47:16Z,1,,CL
D-206d572561f6,Android,Android 14,2026-06-01 19:30:01-04:00,4,, CL
D-23b105b2bc0a,ios,Android 14; SM-A546E Build/UP1A,2024-03-15T10:20:16Z,1,0,BR
D-1114f164db76,android,Windows NT 10.0,2019-01-17 12:00:47,1,,CO
D-e7f70fbadb1c,Ios,iOS 16.7,2021-04-12 01:21:44,1,0, CL
D-ae009a629a51,ANDROID,Linux x86_64,23/10/2020 06:11,1,,chile 
D-e3f35f4d519a,web,Android 9 (SDK 28),2023-05-29T17:41:17Z,1,,CO
D-d947b07ad06e,android,Android 13,2021-03-17T22:24:56Z,1,,PE
D-a0d3ddc9e9bb,android,,2025-03-20T21:10:29Z,2,,CHILE
D-7f7a3b25a869,Ios,iOS 16.7,2019-05-28 19:45:51-04:00,1,,CL
D-15895d0b1184,web,Android 14; SM-A546E Build/UP1A,2019-11-23 09:40:32,1,,cl
D-44a424d33f68,pos,iOS 17.5,2025-06-16 12:03:36,2,,chile 
D-e22bde102475,android,Windows NT 10.0,2020-01-12 13:01:46,4,0,CL
D-e675fbb5eaca,ANDROID,Mac OS X 10_15_7,2022-08-13T00:33:07Z,2,,CL
D-5a9a68646964,Ios,Linux x86_64,2022-04-03 18:09:43,1,0,CL
D-bd0becb8ac12,web,iOS 16.7,2020-10-24T06:58:56Z,1,,CL
D-11e5d25876cc,android,Android 13,2023-05-15 18:44:31-04:00,1,,CL
D-e6bbed49440e,Ios,iOS 17.5,2023-11-13 03:18:47,1,,CHILE
D-613d388d49e5,ios,Android 9 (SDK 28),2020-09-18 06:40:18,1,,CL
D-22d8c8ad86e2,web,Android 9 (SDK 28),2024-10-04 12:45:25,1,,CL
D-4f23ff541f88,web,Android 9 (SDK 28),2019-01-03 23:43:13,1,,CL
D-9b6dacd0322d,ios,Windows NT 10.0,2026-05-04T18:08:34Z,1,,CL
D-8b5b20d01aaa,ios,Mac OS X 10_15_7,2021-09-02T03:15:51Z,1,,CL
D-d0a35d9c4769,android,Android 14; SM-A546E Build/UP1A,14/08/2024 21:34,1,,CL
D-1b1110b94859,ios,Android 13,07/12/2021 03:25,2,1,CL
D-760825c8ecce,ios,iOS 16.7,2024-07-02T06:10:24Z,1,,AR
D-09e825e8ee15,android,iOS 17.5,2021-01-16 20:25:47,3,0,CL
D-6ae9721fe5ac,android,Windows NT 10.0,20/03/2021 23:01,1,,BR
D-91477b3a9517,ios,Android 13,2023-03-13 19:36:23-04:00,1,,CHILE
D-2977f5f841ba,android,iOS 16.7,2022-08-02 13:12:46,1,,CL
D-618899d40626,ANDROID,Android 13,2020-10-11 03:24:22,3,0,AR
D-5c10e2eaad1d,android,Android 14,2025-11-06 17:40:34,2,,CL
D-d299af8d5549,ios,,25/01/2023 22:46,1,0,CL
D-bfdab117a0ef,android,,2025-11-19 04:49:53,1,,AR
D-2d948a2bdbf8,ANDROID,Linux x86_64,2024-05-17 01:22:38,1,,chile 
D-d7551e278c7f,ios,Android 14; SM-A546E Build/UP1A,2025-11-29 14:19:17,1,,AR
D-511259b54a37,ANDROID,Android 14; SM-A546E Build/UP1A,2020-02-11T06:27:56Z,1,0,chile 
D-4231980698bf,Ios,Android 9 (SDK 28),2022-08-20 04:53:51-04:00,1,,CL
D-204d9a33f26e,android,Android 14,2024-02-10 12:55:01,1,,CL
D-b3bb851a1553,ios,Android 14; SM-A546E Build/UP1A,2026-06-03T04:15:29Z,1,0,CHILE
D-fae40dde10c4,android,Windows NT 10.0,2022-11-24T00:44:30Z,1,0,CL
D-0ad5c6aef0cc,android,Android 13,2023-06-18T12:44:05Z,1,1,BR
D-4627fbeca8b3,android,Android 14,2025-11-18 01:28:15,1,,BR
D-d058df81c76c,ANDROID,iOS 16.7,2023-01-25 11:48:12,1,,CL
D-d7c23fbb0208,ios,Android 14,2023-02-16 16:53:42,8,, CL
D-8265619df1bb,ios,Android 13,2022-01-25 10:02:47-04:00,2,,Chile
D-14ab2d66cd3f,web,,2019-09-27 03:16:16,6,0,CL
D-202fdb2d264c,pos,iOS 16.7,2022-07-04T20:15:38Z,3,0,CL
D-256c02915d0e,web,Android 9 (SDK 28),2020-10-24 04:35:54-04:00,1,,AR
D-f3485908dce0,android,Android 9 (SDK 28),2020-06-29T07:38:25Z,1,0,EEUU
D-18ba17b019d6,ios,iOS 16.7,2022-11-27T11:25:33Z,1,,Chile
D-f0af53ea2245,android,,2022-11-02 08:07:54,1,,CHILE
D-70341fe3976f,web,Android 14; SM-A546E Build/UP1A,2021-04-10 02:25:16-04:00,1,1,Rusia
D-8ce934961438,IOS,Android 14,2025-01-19 19:15:20,2,,CL
D-2ed08fa0052d,ios,iOS 17.5,27/02/2021 00:22,1,,chile 
D-9d326a3e4719,android,,2023-04-22 22:49:23-04:00,1,, CL
D-85a6aeb56d99,ANDROID,Windows NT 10.0,2024-09-01T05:13:41Z,1,,cl
D-eb5d014263b4,web,Linux x86_64,2022-06-19 07:43:24,2,,CL
D-3cfa0eecdc1a,ios,Android 14,2019-03-13 17:27:16,6,,CL
D-7e3141da12d0,ios,Windows NT 10.0,2022-05-28T09:19:07Z,2,,Argentina
D-bfbeaf231196,ios,Android 9 (SDK 28),2023-07-01 23:52:16-04:00,1,,US
D-b8fd54b3433d,web,Mac OS X 10_15_7,2020-11-10 01:31:14,1,0,CL
D-a0cb41dba0ee,ios,iOS 17.5,10/02/2023 04:25,1,,CL
D-dd196356fb93,Ios,iOS 16.7,15/06/2019 09:54,1,,CL
D-25256dfcd945,ios,Windows NT 10.0,2024-03-12 00:46:50-04:00,1,,Chile
D-4e92251af0e1,ios,Android 14; SM-A546E Build/UP1A,2019-03-08T19:04:18Z,5,,Chile
D-17e4d29b95de,ANDROID,Android 13,2025-05-16 01:46:34,1,,chile 
D-253ce1858ff8,android,Android 14,2020-06-25 21:47:15,1,,CO
D-284db070dcaa,ios,,2019-05-22 14:13:34,1,0,CL
D-5f703c0bd881,web,Android 14,2023-07-12 20:25:11,1,,Venezuela
D-812558c42e4c,web,Windows NT 10.0,2024-08-01 08:29:23,1,,CL
D-e4a90c1c18c0,ios,Windows NT 10.0,2020-01-31 02:04:56-04:00,2,0,chile 
D-4faa6055a0bb,android,iOS 16.7,2022-04-30 00:41:58,1,,PE
D-43e8887e9832,ios,iOS 16.7,2021-01-13 17:51:34,1,,CL
D-72c45bdeedb9,pos,Android 9 (SDK 28),16/02/2021 03:13,1,0,cl
D-cd817cecc71d,web,Mac OS X 10_15_7,2024-06-16 21:47:46,1,0,CL
D-6c207c2f72e8,ios,iOS 17.5,2020-03-21 22:18:15,2,,CL
D-a6fea5433e4e,android,Mac OS X 10_15_7,2025-03-23 06:16:58,1,,CL
D-0ef774acc44c,ios,iOS 16.7,2022-09-24T10:55:28Z,1,0,CL
D-3f1ebc56723c,web,Linux x86_64,2020-01-14T15:51:12Z,1,,CL
D-64985f350bb0,Android,Android 9 (SDK 28),2023-10-13 23:04:22,1,,cl
D-cae5767dfaca,web,Android 14; SM-A546E Build/UP1A,2025-02-02 00:04:26-04:00,1,0,CL
D-a75fc23beb09,android,Mac OS X 10_15_7,2021-07-16T08:37:21Z,1,,Argentina
D-3b1f1cf3a5b8,web,iOS 17.5,2023-03-23 22:10:02,1,,CL
D-c6f8e42b0d5d,android,Linux x86_64,2019-11-21 20:16:34,2,,chile 
D-96ff3720a804,android,Android 14; SM-A546E Build/UP1A,2024-01-16 12:24:43,1,0,CL
D-40f3d5906ccc,android,iOS 16.7,2025-03-15 23:03:47,1,,BR
D-4758d23830bd,ios,Android 14,18/06/2022 14:00,1,,CL
D-6f0c3f8e4ed7,android,Android 14; SM-A546E Build/UP1A,2023-10-08 18:27:46-04:00,1,,AR
D-9a8ab4d427db,pos,iOS 17.5,2025-09-11 07:32:15,1,,BRASIL
D-116af5fb266b,android,Mac OS X 10_15_7,2025-06-30 13:40:26,1,0,CL
D-2d2a60408ecf,ANDROID,,12/09/2019 12:53,2,,CL
D-9766b2ffe2ca,android,iOS 16.7,2025-08-28 17:12:42-04:00,24,,CL
D-a7949688e5bc,ios,Android 9 (SDK 28),2024-03-11 01:34:39,1,,CL
D-ba3bf401e2e3,Android,Windows NT 10.0,2019-05-09T10:48:46Z,1,0,CHILE
D-29640ff9cba1,ios,Windows NT 10.0,2026-06-10 15:15:15-04:00,1,,CL
D-cd601a0690d8,Web,Android 9 (SDK 28),09/07/2023 16:44,1,,CL
D-f5a4ab5360dd,ios,Android 14,03/08/2024 14:00,1,,CL
D-dc4f4b1adbc7,web,Android 13,2021-02-01T16:30:39Z,1,1,ARGENTINA
D-6637f911173d,Android,iOS 17.5,2020-11-01T17:29:12Z,1,,CL
D-32a5b6f511cd,web,iOS 17.5,2020-09-24 01:47:12,1,1,VE
D-d2a8abadbb08,ios,Android 14; SM-A546E Build/UP1A,2023-07-01 16:21:33,1,,AR
D-a627b076fdd1,web,iOS 16.7,2024-02-02 12:15:08,1,0,CL
D-afdf631110a4,web,iOS 16.7,2021-08-05T11:24:16Z,1,0,chile 
D-efe0a4678310,Ios,Linux x86_64,2026-01-03 13:19:11,2,,AR
D-4e64f64c7e96,android,Linux x86_64,2019-02-15T12:48:34Z,2,,CL
D-43df4de35eab,android,Android 14,2021-01-09 00:19:27,1,,CL
D-afd4f4b4bfe0,android,iOS 16.7,2021-12-04 15:31:37,1,0,CL
D-fc514d9a32eb,ios,Android 14; SM-A546E Build/UP1A,2025-09-03T16:46:05Z,3,,CL
D-ed0e65c0a6d7,Android,,2024-07-08 20:31:29,1,,CL
D-5a09325fbe61,android,,2021-03-10T16:48:37Z,1,0,chile 
D-df9398b66bc2,android,iOS 17.5,2024-04-04 12:07:28-04:00,5,,CL
D-5b75ff5973dd,pos,Android 14,2024-07-31 06:48:42-04:00,1,0,CL
D-e6ca391e34ab,pos,Android 13,2024-01-19 01:18:12,1,,CL
D-3e1537ee788d,android,Android 14,10/12/2022 19:03,1,1,CL
D-f40645b20263,android,iOS 16.7,2020-11-27T06:38:02Z,1,,BR
D-037855364aef,web,Android 14,25/11/2024 02:12,1,,CL
D-768515362783,pos,Android 14; SM-A546E Build/UP1A,2020-07-02 20:07:18,4,,US
D-c71d11fbbe67,IOS,Linux x86_64,04/11/2025 13:57,1,,CL
D-d51997b60836,ios,Android 14,2019-05-24 09:43:48,1,,chile 
D-17e902e6e7cb,ios,,2020-07-01 07:50:45,1,,VE
D-ce56497f885e,web,iOS 16.7,2023-03-13 23:25:03,1,,CO
D-be40f4ac0c91,android,,2020-07-02T19:34:17Z,1,,CL
D-9fb2c975896c,Web,,2019-03-03T13:47:38Z,1,,CL
D-8bea4fe1cdb1,ANDROID,Windows NT 10.0,2024-04-09 21:48:56,1,,CL
D-968fcf551b6b,android,Android 9 (SDK 28),04/01/2020 00:02,2,0,CL
D-f5fbdcf412d6,ios,Windows NT 10.0,2024-07-11T19:55:22Z,1,0,CL
D-491a8f7898c9,Ios,Android 13,2022-03-20 20:41:00,5,,RU
D-d9069d62d84b,Android,Android 9 (SDK 28),2021-01-18 06:22:17,2,,CHILE
D-47df78c80476,android,Linux x86_64,2019-08-30 00:55:05,4,,CL
D-dac0b4d710f3,android,Windows NT 10.0,2019-01-13 08:24:33,1,0,chile 
D-c7507a0d5472,Ios,Android 14; SM-A546E Build/UP1A,2020-07-30T17:28:47Z,1,0,CL
D-70faf39ad44d,android,Mac OS X 10_15_7,2022-12-30T19:31:16Z,1,0,AR
D-05965b4508f1,ios,Linux x86_64,2024-01-19 19:04:58,2,,Chile
D-38292968cfb2,Android,Linux x86_64,2025-01-31 02:38:00,1,,CL
D-2b5e90c0cae3,android,iOS 17.5,2026-03-17T11:01:03Z,2,1,cl
D-4e4d8022cf64,android,Android 9 (SDK 28),2021-04-30 03:05:43,1,,US
D-1deca4bb5830,android,Linux x86_64,2022-10-15 00:25:42-04:00,1,,CL
D-bea0d71f5bf3,android,,2023-03-22T08:15:46Z,1,,CL
D-88424490b780,ios,,2019-02-13 22:56:37,1,,CL
D-80f98d3f87e3,WEB,Mac OS X 10_15_7,2024-08-14 01:07:47,1,1,cl
D-a30017d95649,web,Android 14,2019-02-09T22:56:14Z,1,0,CL
D-5f0ad185cd4e,web,Windows NT 10.0,2022-08-03 07:11:32,1,0,Argentina
D-f543b9350c71,android,Android 14; SM-A546E Build/UP1A,2020-09-25 08:54:14,1,1,CL
D-d2960d773c33,web,Mac OS X 10_15_7,2021-10-21T08:41:32Z,1,,cl
D-c604216c0d28,ios,Android 13,2023-06-16T18:16:25Z,1,,CL
D-a21f9cd46466,ios,Windows NT 10.0,2026-01-12 02:45:41,1,,CL
D-5f957c82cf24,android,Android 14,2022-09-18 21:21:05,1,,CL
D-66700c0d7aa7,Pos,Android 14; SM-A546E Build/UP1A,21/06/2021 04:56,2,,CL
D-f013831375f8,android,Windows NT 10.0,2022-07-24 15:08:03-04:00,1,,CL
D-b0f7c7283721,android,Android 14,2019-09-05 03:50:35,1,0,CL
D-40bfd46db8c9,WEB,Mac OS X 10_15_7,2021-05-10T10:18:01Z,1,,VE
D-a8b4ff06175f,ios,,2020-06-27T02:29:56Z,1,,ARGENTINA
D-bc537969b3ff,android,iOS 17.5,2020-11-25T15:47:33Z,1,0,PE
D-07c42dc3d1d6,ios,Android 14; SM-A546E Build/UP1A,2021-06-19 09:00:29-04:00,1,,CL
D-81222b766944,android,Android 9 (SDK 28),2022-02-28 01:10:53,1,,CL
D-3267171a0754,android,Mac OS X 10_15_7,2024-11-27 11:45:38,2,0,CL
D-2594c4d3157c,ios,Windows NT 10.0,2020-09-29T12:33:14Z,1,,CL
D-9f20362308c6,android,Android 13,2023-04-07 06:29:41,1,,cl
D-087a898c1fc5,Ios,Android 13,2023-03-22 07:29:40,1,,NG
D-60464e93065f,android,Android 9 (SDK 28),2020-08-02 16:48:40,1,,cl
D-44ad57a8a5f0,android,iOS 16.7,05/03/2021 19:13,1,0,CL
D-953abb224cd9,Ios,Linux x86_64,2019-07-25 21:33:41-04:00,1,,NG
D-11d238a9919e,Android,Android 13,2025-06-24T22:38:56Z,1,,CL
D-f84a89b6c47b,android,iOS 16.7,2024-05-01 16:45:13,2,,Argentina
D-4f70d179cc86,ANDROID,Android 14; SM-A546E Build/UP1A,2021-11-28 22:19:09,1,0, CL
D-e2094a203e98,ANDROID,iOS 17.5,17/12/2020 18:46,1,,CL
D-95ee6505ad64,android,Mac OS X 10_15_7,2021-10-04 02:44:59,2,0,Chile
D-2a6c154ef6ca,android,iOS 16.7,2023-12-09T01:52:23Z,1,,CL
D-bd9e17f58f6b,android,Linux x86_64,2020-11-09T04:55:09Z,1,,CL
D-179e9d985151,web,Android 14,2025-02-07 00:39:03,1,0,CL
D-ab794f28f026,android,,2020-12-01 03:52:19,1,0,US
D-9a49136df9f9,pos,Linux x86_64,2025-05-27 22:10:13,1,,cl
D-f4b6461c9e45,android,Linux x86_64,2020-01-29T09:30:38Z,1,0,CL
D-511444b33bb1,android,Mac OS X 10_15_7,2024-07-31 05:33:21,1,0,CL
D-1846e65edd51,Android,Android 14; SM-A546E Build/UP1A,09/07/2025 04:07,1,,CL
D-2bab90e12a35,android,Android 13,2022-09-19 01:59:38-04:00,2,,CL
D-b5c0f6b1d5b0,Ios,Android 14; SM-A546E Build/UP1A,2024-12-19 18:56:37-04:00,1,1,CL
D-f83e740fe2be,web,,2025-03-13 09:12:10,1,0,CHILE
D-30377480ade9,Android,iOS 16.7,2024-08-17 08:42:15,1,,CL
D-8efd0227ea54,ios,Android 9 (SDK 28),2021-03-21 08:23:59,1,0,CL
D-32f936eb50c6,ios,Android 14,21/12/2023 06:43,2,,PE
D-5ce87e5e611b,android,,2021-12-07 07:16:50,17,,CL
D-f9bf68395327,Android,Android 14,2020-11-12T13:20:40Z,2,,BR
D-8824e9ffa9e9,ios,Android 13,2022-07-08 07:49:08-04:00,1,,CL
D-8b59db74af42,web,Android 14; SM-A546E Build/UP1A,2024-08-17T07:04:02Z,1,,CL
D-8addeac81beb,WEB,Mac OS X 10_15_7,2023-05-25 06:36:05,35,0, CL
D-24269bec349a,ios,Android 9 (SDK 28),2026-04-26 02:41:15,1,0,AR
D-214a47efe264,web,Linux x86_64,2025-03-24T08:49:48Z,1,,BR
D-228705782d62,web,Android 14; SM-A546E Build/UP1A,2020-03-06 00:55:19-04:00,1,,CL
D-4eb27047a052,android,,2021-07-06 19:47:27,1,0, CL
D-5901771ebb79,android,Windows NT 10.0,2024-06-07T13:26:19Z,1,,CO
D-6b269e87638f,pos,,2023-11-11 20:41:30-04:00,1,,ARGENTINA
D-2ce6a1e42b0a,android,iOS 16.7,2019-12-20 03:20:42,1,,Argentina
D-88df29fce934,IOS,iOS 16.7,2020-09-14T14:54:47Z,2,,CHILE
D-6f2a5efeab65,WEB,Linux x86_64,02/02/2022 09:12,2,,BR
D-169b2d7393d8,web,iOS 16.7,2022-02-03 08:03:25-04:00,6,,Estados Unidos
D-bff4debca7f9,web,iOS 16.7,2022-10-24 21:58:16,3,,CL
D-74623c616311,web,Android 14,2022-05-29 10:02:59,6,0,CL
D-1747509f9d53,android,Android 14; SM-A546E Build/UP1A,2022-11-18 17:04:53,2,1,Russia
D-544793a4b335,WEB,Windows NT 10.0,2019-08-29 07:59:55,1,,Argentina
D-cc9e72549244,android,Linux x86_64,2023-01-29T22:27:25Z,4,,CO
D-8f37d7963fd0,ios,Android 14; SM-A546E Build/UP1A,2020-03-10T20:12:27Z,2,,CL
D-d35b19bda07c,android,,2019-01-25 05:06:38,1,0,CL
D-2cea9de17cd7,IOS,Windows NT 10.0,2023-10-06T09:22:56Z,2,,CL
D-9ad9c37d142c,Android,Mac OS X 10_15_7,2021-01-19 08:28:29,1,1,BR
D-e0f54ebad457,ios,Linux x86_64,2019-02-20 17:13:47,1,,CL
D-5010154d5435,WEB,,2022-12-17 00:36:58,1,,CL
D-38e168ade90f,web,iOS 16.7,2022-03-02T11:14:46Z,1,1,Chile
D-93815dce8500,android,Windows NT 10.0,2022-07-30 19:28:50-04:00,11,0,CL
D-18e6c30dfe85,ios,iOS 17.5,2025-02-18 05:55:37,1,0,CL
D-5d4593ccc2cc,android,,2025-11-18 00:46:56-04:00,1,,CL
D-2f5c63136be9,web,Windows NT 10.0,2023-11-03 23:58:05,2,,PE
D-a10b2c89a7d9,ios,Android 14; SM-A546E Build/UP1A,2023-06-15 15:44:34-04:00,1,,VE
D-a35077c44565,ios,,2022-08-08T03:57:37Z,1,,CL
D-cd7bab121327,android,Linux x86_64,2023-08-22 00:23:33-04:00,1,0,CL
D-b23e1346e22d,ios,Android 14,2022-07-10T12:24:41Z,1,0,AR
D-9746db805768,Ios,,2022-02-16 23:01:21,2,,CHILE
D-177568b31ad4,android,Android 14; SM-A546E Build/UP1A,03/01/2022 04:44,3,0,CL
D-eb883df2a9b7,android,iOS 16.7,2023-05-20 19:18:37,1,,CL
D-38ee2d6d1d83,ios,iOS 17.5,2024-04-25 08:11:21,2,0,CL
D-20ae3af01dd4,web,Mac OS X 10_15_7,2019-02-25 04:51:09,1,,CHILE
D-8945da922019,android,Mac OS X 10_15_7,2025-12-26 12:18:47,1,,PE
D-1e757905a072,android,iOS 16.7,2026-01-10 09:49:51,1,,VE
D-4eb378d56603,web,Linux x86_64,2019-02-21T01:40:09Z,1,,BRASIL
D-c280282ee089,android,Android 13,2023-03-25T14:10:45Z,1,0,CL
D-19a3f0c5c311,web,Linux x86_64,2025-05-05 01:49:43,1,0,PE
D-973299666529,ios,Linux x86_64,2023-03-21 17:26:38,1,,CL
D-45e2a071b5d6,web,iOS 17.5,2020-08-14 08:13:18-04:00,1,,CL
D-3d92de76182f,android,Windows NT 10.0,2020-12-11T23:10:18Z,1,,CL
D-93a97b7add6e,android,Android 14,02/06/2022 03:31,1,0,CL
D-1b42140441e7,android,Android 13,2023-01-14 23:08:29,1,0,CL
D-4e36f688a40e,Android,Linux x86_64,2020-12-27T07:35:51Z,1,,CL
D-14910d141ef9,android,iOS 16.7,2026-05-03 02:35:51,2,,Chile
D-32e8449a0c62,ios,Windows NT 10.0,2026-04-06 20:06:29-04:00,1,,CL
D-8d9e5db81b31,ANDROID,Mac OS X 10_15_7,2025-08-28 12:49:27,1,,CL
D-0101a60a1bd0,ios,iOS 17.5,2024-11-05 16:06:50-04:00,40,,CL
D-49faeed0e206,android,Linux x86_64,2026-06-06 16:11:00,2,,CO
D-b222a8836c5c,ios,Android 13,2019-08-22T04:46:50Z,1,,CL
D-a5d9388f6289,web,Linux x86_64,2026-07-22 20:36:35,1,0, CL
D-c4347cb915c6,ios,,2024-02-15T22:22:15Z,5,,CL
D-ccfa2d7fe099,Android,iOS 17.5,2026-04-29 12:17:44-04:00,6,,BR
D-5639f0ed542c,ios,Android 14; SM-A546E Build/UP1A,2025-03-17T20:58:43Z,1,,CL
D-8859bf6eea70,ios,Linux x86_64,2019-06-17T09:43:59Z,5,0,CL
D-b982cabb31bb,WEB,Android 14; SM-A546E Build/UP1A,2019-07-19T00:42:05Z,2,,CL
D-855873acf720,android,,16/03/2020 02:18,1,1,cl
D-75f5691d96de,ios,Android 13,2023-08-17 10:25:20-04:00,1,,ARGENTINA
D-a33697ad4a15,android,Android 13,2026-02-25 05:03:58,1,,CL
D-ddd24b81f5d0,web,Android 9 (SDK 28),2024-01-01T18:51:48Z,3,,cl
D-1cf5fa32e218,WEB,Windows NT 10.0,26/08/2024 17:58,1,,CL
D-e72f3415765e,IOS,iOS 16.7,2023-04-21T16:29:30Z,2,,CL
D-3e6fde63b3d6,Web,Android 13,2022-03-22T05:10:11Z,1,,CL
D-ed0df585d166,ios,iOS 17.5,2024-02-19 01:00:51,1,,AR
D-b8a71cd08a52,Ios,Mac OS X 10_15_7,2022-05-01 10:45:09,1,,PE
D-df6527b8ec97,ios,Linux x86_64,2020-11-15T10:30:32Z,1,0,CL
D-979083ebf378,ios,Mac OS X 10_15_7,2024-08-06 11:35:22,1,0,CL
D-f49ec3c05eb7,android,Android 14,2019-05-26 21:28:41-04:00,1,,CL
D-9ea31985046f,android,Android 13,2022-08-21 10:06:18-04:00,1,,Chile
D-72b277c99e23,android,,18/03/2021 06:57,1,0, CL
D-18f4a7a903ec,pos,Mac OS X 10_15_7,03/07/2026 21:39,1,0,chile 
D-41729c3acbfd,POS,Android 13,2021-10-13 11:05:33-04:00,1,,CHILE
D-addfb560921d,android,iOS 16.7,2023-02-15 21:28:09-04:00,3,0,Estados Unidos
D-5c9f4f0021ed,android,,07/10/2025 02:34,1,0,VE
D-ab0270a3b9e9,ANDROID,Android 14,2019-11-18 20:58:21,1,,CL
D-704a3dc0733e,android,Android 14; SM-A546E Build/UP1A,2024-05-05 02:20:31,2,0,CL
D-280e32285e66,pos,Android 9 (SDK 28),2022-05-29T21:11:47Z,1,0,CO
D-ca9d58effd22,android,Android 9 (SDK 28),2026-05-18 00:10:04,3,,PE
D-1ecad5990ec5,ios,,2022-04-20 16:24:29,1,1,chile 
D-60b7b18c2f27,Android,Android 14,2025-02-26T14:42:47Z,2,,cl
D-13e23548858f,ios,Android 13,2022-05-17 19:10:58,1,,CHILE
D-3708c104f04b,ios,iOS 17.5,2024-07-08T15:30:04Z,1,,BRASIL
D-06c93582219c,web,iOS 16.7,2019-01-28 16:32:05,5,,CL
D-e134b4f034bb,pos,iOS 17.5,2022-09-03 11:31:25-04:00,2,,CL
D-726973211d45,Web,Android 14,2025-12-13T08:17:11Z,26,0,CL
D-bdb18d21b8d9,android,Android 14,2022-02-01T13:31:59Z,1,,CL
D-7edc2a2543ac,Ios,Android 14; SM-A546E Build/UP1A,2023-01-10T00:03:23Z,2,,CL
D-908643a65fc8,ios,Mac OS X 10_15_7,16/12/2024 23:39,1,,CL
D-5defb0ae51cd,ios,Android 14; SM-A546E Build/UP1A,28/01/2021 08:07,2,,CL
D-39883f041ddd,ios,iOS 17.5,2025-04-24 10:29:25,3,,CL
D-fe2161c362f9,web,iOS 16.7,2019-06-13 21:16:33,1,, CL
D-2a6d7f3946b0,ANDROID,Windows NT 10.0,2022-05-23 23:48:09-04:00,2,,CL
D-6e2388e6c473,ios,,2025-11-17 19:25:22,1,0,CL
D-cc6d199914cd,android,Mac OS X 10_15_7,2019-01-22T17:33:46Z,1,0,BR
D-00dccf67985a,android,iOS 17.5,2019-04-26T01:08:51Z,1,0,AR
D-b72a310e85eb,WEB,Mac OS X 10_15_7,2023-12-26 01:48:23,1,,Venezuela
D-10af4cfe00bb,WEB,Android 14,2023-06-07 22:07:31-04:00,1,1, CL
D-b00673bf4385,android,Windows NT 10.0,2019-06-10T06:11:45Z,6,0,CL
D-2987442d9efe,Android,Android 9 (SDK 28),2020-08-21 05:48:01-04:00,1,0,CL
D-5300148b414d,WEB,Android 13,2025-05-22 20:35:18,1,,CHILE
D-3c9e457a8254,ios,Android 14,2025-10-31T13:07:04Z,1,0,CL
D-a0babc11a05a,android,Android 13,2024-05-01T03:28:02Z,1,0,CL
D-bdb2a680dd02,Android,,2024-07-22 09:32:44,1,,CL
D-c0d95a6321e4,android,Android 14; SM-A546E Build/UP1A,11/03/2022 10:04,2,,CL
D-d1f606eccc33,ANDROID,,2026-02-22 02:25:11,1,,CL
D-a9b8cc356bbd,ios,,2020-11-10T17:30:12Z,5,,Chile
D-a5066edc0f0d,web,iOS 16.7,2023-12-07 01:48:43,1,,CL
D-b2865f51e717,ANDROID,Windows NT 10.0,2023-12-10 23:25:12,1,,CL
D-572e235a498c,web,Android 14; SM-A546E Build/UP1A,23/06/2024 10:34,1,, CL
D-19348b4dfeb6,web,iOS 17.5,2025-11-13T13:57:41Z,2,0,CL
D-a43653054cb5,pos,Mac OS X 10_15_7,2021-07-22 14:28:11-04:00,1,0,CL
D-2aaf60521f65,Web,Android 14; SM-A546E Build/UP1A,2023-01-18 14:20:03,5,,CL
D-51e59fb3d56e,android,Windows NT 10.0,26/08/2023 06:24,1,1,ARGENTINA
D-f3d7129004f9,android,Windows NT 10.0,2024-06-22 20:33:14,2,,AR
D-f31e5f3cde82,web,Android 9 (SDK 28),09/11/2021 18:48,1,,CL
D-11e08f61661c,web,Mac OS X 10_15_7,04/11/2023 19:23,1,, CL
D-4b394622fa77,android,iOS 16.7,2020-10-21 21:34:56-04:00,5,,CL
D-98b0be766887,Android,Android 14,2023-12-11 11:03:53,3,0,Argentina
D-0b4d42a6adf4,android,Android 9 (SDK 28),2022-08-22T03:08:19Z,1,,CL
D-877510b1d946,ANDROID,iOS 16.7,2023-10-19 11:34:07,1,0,CL
D-e5ef5c5cc9ca,android,Android 13,28/08/2020 05:13,3,,CL
D-dcdc5e83d543,web,Windows NT 10.0,2022-02-16 12:10:21,2,,CL
D-44fd7f1286ea,ANDROID,Mac OS X 10_15_7,2020-01-16T04:55:44Z,1,,CL
D-f020b5e861cf,web,Android 14,2026-05-29 13:39:28,1,,CL
D-b2217f67d6d2,android,Windows NT 10.0,17/05/2022 00:03,1,,VE
D-4ea4f74aeed1,android,iOS 16.7,2024-06-27T19:20:14Z,2,,CHILE
D-995966d75138,android,Mac OS X 10_15_7,2020-10-04T08:32:06Z,1,0,CL
D-d0e8b17dfee2,web,Linux x86_64,2023-11-26 01:31:54,1,0,Colombia
D-abe959d12462,web,iOS 17.5,2019-05-28 10:08:29,1,0,CO
D-86d624d46ae9,WEB,Android 14; SM-A546E Build/UP1A,17/06/2023 21:54,1,, CL
D-12edf1fb71a4,ios,Mac OS X 10_15_7,2022-04-19T17:03:10Z,1,0,CL
D-36c4d11430f5,web,Android 13,2021-12-19 11:14:02,2,,cl
D-0d215010ce81,android,Linux x86_64,2025-08-31 10:01:59-04:00,1,1,chile 
D-7f32a6b87162,ios,iOS 16.7,07/03/2023 02:16,5,,VE
D-16e0011481b3,android,Mac OS X 10_15_7,2023-11-05 21:13:34-04:00,1,,CL
D-f429803b4bb2,Android,Android 9 (SDK 28),2021-05-23 10:41:38,1,,BR
D-63a591e295e8,ios,Linux x86_64,2020-07-25 13:49:45,1,0,cl
D-32ae805bee09,ios,Android 9 (SDK 28),16/08/2021 06:14,1,,VE
D-67f9558d096a,android,iOS 17.5,2024-06-15 21:26:15-04:00,1,,CL
D-ef62d645e1fc,ios,iOS 16.7,2026-07-16T22:14:25Z,1,1,CL
D-d2e8db59f6c7,ios,Android 14; SM-A546E Build/UP1A,2023-06-22T13:17:40Z,1,,CL
D-fbd3f2f57b8a,android,Linux x86_64,2022-01-05 12:01:12,1,,EEUU
D-751a1467fb5d,web,iOS 16.7,2022-01-11 23:57:09,1,,CL
D-062e8d045261,ios,,22/04/2026 15:43,1,,CL
D-87f9dbde56dd,android,Android 14; SM-A546E Build/UP1A,2024-01-03 02:50:12,1,,CL
D-defbcb7e9023,ios,iOS 16.7,2020-06-26 07:01:46,3,,CL
D-d7b286907efb,web,Android 14; SM-A546E Build/UP1A,2024-04-24 06:42:40-04:00,1,,Chile
D-f179afc17e40,web,Windows NT 10.0,2020-08-20 15:41:21,1,,cl
D-55440dee082c,android,,2021-11-09T17:34:06Z,1,1,RU
D-9cbc06bc045e,web,,2024-05-07 12:44:03,1,,CL
D-ac8aba263d05,pos,iOS 16.7,2023-05-07T09:20:55Z,1,,CL
D-8c1ed81d1273,android,Windows NT 10.0,26/06/2026 03:24,3,, CL
D-15b5dfe595f7,android,Linux x86_64,2025-03-15T07:18:11Z,1,0,CL
D-43b721a63221,ios,Windows NT 10.0,2022-07-06 11:04:40-04:00,1,,CL
D-dcafae51c814,web,Android 9 (SDK 28),2024-01-02 14:15:46-04:00,1,,Chile
D-e09a86fd5a99,ios,,2021-03-24 23:39:07,2,0,AR
D-2819373eb4a7,ANDROID,Android 14,2023-12-10T01:12:44Z,1,,CHILE
D-f00159b6eeda,android,Mac OS X 10_15_7,2021-04-02 07:27:35,1,,CHILE
D-1e13a9c0130e,ios,Mac OS X 10_15_7,28/02/2019 07:10,1,,CHILE
D-1681c5891344,pos,Android 14; SM-A546E Build/UP1A,2023-10-31 07:24:29-04:00,1,0,US
D-10c56ea31db9,Android,Android 13,2022-01-17 20:34:21,1,,US
D-7bc0b293fd64,android,iOS 16.7,2021-08-17 10:03:34,1,,CL
D-980570d3285a,android,,2022-06-29 03:27:47,1,,AR
D-d147d91fc074,Pos,Android 14; SM-A546E Build/UP1A,2021-01-09 11:48:17,1,0,CL
D-f152eb2f3ad8,Ios,Android 14; SM-A546E Build/UP1A,2021-09-22T03:51:35Z,1,,PERU
D-6a3a8d2a7586,pos,,2023-11-22 20:28:27,1,,BR
D-6a73bf478936,pos,Mac OS X 10_15_7,2026-04-29 21:43:00,1,,CL
D-07236ff58540,ios,Android 14; SM-A546E Build/UP1A,2024-04-21T09:04:07Z,1,,Chile
D-0eaab7b5d2de,android,Android 14,2021-05-23 11:13:25-04:00,40,,CL
D-8e5d3746a2d2,android,Android 9 (SDK 28),2024-07-30T04:10:59Z,2,,CL
D-1c0da04210c1,ios,Mac OS X 10_15_7,2019-04-22 06:17:44-04:00,1,,CL
D-06c5e660dffe,ios,Mac OS X 10_15_7,2022-09-24 03:29:37-04:00,1,,NG
D-ec3c8fa97ec6,Android,,2019-05-02 02:24:52,1,1,CL
D-ffdcb31033ad,android,iOS 16.7,2026-04-08 06:30:07,25,,CL
D-aa349a40ff67,android,iOS 17.5,2019-08-11T15:03:18Z,1,,CL
D-de608578b9f9,Ios,Android 14,08/09/2019 07:03,1,,AR
D-fb1caaa1e6d0,android,Android 14; SM-A546E Build/UP1A,23/04/2025 13:13,1,,Chile
D-605be67a9fb7,web,iOS 16.7,2024-08-12 06:06:47-04:00,1,0,CL
D-3b2d2611dfb0,android,Android 14; SM-A546E Build/UP1A,2019-09-21 15:24:05,1,,PE
D-f63ca16d6f02,web,Linux x86_64,2022-10-30 15:37:29,1,,AR
D-3f955dd5d055,android,Windows NT 10.0,2023-05-02 19:18:00-04:00,1,0,CL
D-76f41fb2b550,android,,2024-10-19T18:32:08Z,2,,CL
D-7ff68e79da95,android,Android 14,2021-05-26 18:21:00,1,0,NG
D-9251b3db8dc1,android,iOS 17.5,2022-02-08T12:29:08Z,1,0,Chile
D-81733042dde8,pos,,2024-08-29T23:13:29Z,1,,PE
D-4c2f5a790254,android,Android 14; SM-A546E Build/UP1A,2021-02-27 05:43:46-04:00,1,,CL
D-ce23cbb4fa59,pos,Android 14,2020-02-21 10:02:51,1,0,CL
D-d6470335e17f,web,iOS 17.5,2022-09-28T00:19:08Z,1,,CHILE
D-011ae17ca7db,Web,,2021-10-27 23:50:57,1,,CL
D-bc18653564f2,web,iOS 17.5,2020-01-05T23:50:56Z,2,1,CHILE
D-196c14582213,WEB,,2022-04-26 10:57:58,1,,CL
D-3edfa29f5cc7,android,Android 9 (SDK 28),2024-08-09T06:50:58Z,1,0,CL
D-3a8ce0ea54c2,android,iOS 17.5,2026-04-01T19:54:48Z,2,,cl
D-22c5dbddc41a,android,Android 14,2022-09-16T22:21:29Z,1,,CL
D-d04aa2d16cab,android,Android 13,28/05/2019 11:13,1,,BRASIL
D-e00d8e8b0217,IOS,Android 14; SM-A546E Build/UP1A,2020-11-26T16:09:29Z,2,,cl
D-bdbdd41fb1e8,Android,iOS 16.7,2021-03-05 03:01:08,1,0,PE
D-dce4cc430307,Web,Mac OS X 10_15_7,2025-04-13 23:04:32-04:00,1,,Colombia
D-784330966f02,android,,24/06/2021 11:42,1,,CL
D-17bf0b356e06,android,iOS 17.5,2019-08-22T17:57:50Z,1,0,cl
D-ffa4605e36bb,android,Windows NT 10.0,2023-08-15 15:59:59,1,,CL
D-0d3bcc61d728,web,Windows NT 10.0,2019-07-01 05:38:51-04:00,1,,VE
D-2155a074de39,android,Mac OS X 10_15_7,2026-02-03 11:49:07,1,0,chile 
D-53474e7ae788,android,Mac OS X 10_15_7,2022-10-28 16:52:10,1,,CL
D-db104038b889,ios,Android 14; SM-A546E Build/UP1A,2021-07-18 12:06:21,1,0,CL
D-6e2f3dad9a53,ios,Mac OS X 10_15_7,2023-02-01 17:01:44,1,0,CL
D-70659cb0e3de,POS,Android 9 (SDK 28),2023-10-31T02:02:15Z,1,,BR
D-c5091f642b73,android,Mac OS X 10_15_7,21/08/2020 21:57,1,,cl
D-e42f0d07bb08,android,Android 14,2024-09-16 18:27:14,1,,Chile
D-01db4ad9ce11,web,Android 14,2020-01-23 09:55:29,1,,CL
D-f153cab3646c,WEB,Mac OS X 10_15_7,2019-06-11 20:59:56,1,0,PE
D-351f4482e311,android,,2022-12-08T07:46:24Z,1,,PE
D-f612f791d9b7,ios,Linux x86_64,08/08/2019 15:16,1,0,PE
D-f3d1af7fc32b,web,Windows NT 10.0,2024-06-11T05:59:50Z,1,, CL
D-32884f4a0414,web,Linux x86_64,2022-06-14 12:57:50,2,0,CL
D-4fdf3df98fad,WEB,Android 14; SM-A546E Build/UP1A,2022-06-19 07:13:25,1,,CL
D-1e2d357b6e5f,ios,Android 14; SM-A546E Build/UP1A,2023-04-19 19:29:30,1,,CL
D-74fd111e20fd,ios,iOS 16.7,2025-11-18 09:39:16,1,,RU
D-7de0590d5ee6,android,iOS 16.7,2025-05-01 01:03:42-04:00,1,,CL
D-d24bb3942238,android,Windows NT 10.0,2022-08-01T12:15:47Z,2,0,CHILE
D-8b8c9e6d0dd4,Web,iOS 16.7,03/07/2026 08:15,1,,chile 
D-76779af22667,Web,Android 14; SM-A546E Build/UP1A,2019-01-20 20:46:33,1,0,CL
D-63dde5c74ff2,android,Mac OS X 10_15_7,2020-12-15 23:18:59,1,0,CL
D-24592a31dcb0,pos,Mac OS X 10_15_7,2025-12-06 16:03:35,1,,CL
D-35f6a0c02598,WEB,Windows NT 10.0,2019-05-14 13:01:47,1,,PE
D-fb4c1421d0cb,ios,Windows NT 10.0,2025-08-01T22:28:54Z,1,,chile 
D-9ca8793497c2,android,iOS 17.5,2025-12-09 23:29:39,1,,CL
D-1640850c57c1,web,Android 14; SM-A546E Build/UP1A,2026-05-28T03:50:56Z,1,,CL
D-8d849254336a,android,iOS 17.5,22/07/2026 17:25,1,,CHILE
D-f2c68ff9dd32,web,,2024-01-07 23:19:26-04:00,1,,BR
D-3be4109da43a,android,Windows NT 10.0,2024-09-25 08:15:15,1,0,PE
D-1d5b5efc5657,android,iOS 16.7,2025-05-03 11:51:51,1,, CL
D-55d0c25bb643,ios,Mac OS X 10_15_7,2025-02-11 22:42:24,2,0,Brazil
D-b07f2032c6a8,web,Linux x86_64,2020-11-04T08:33:35Z,1,0,CHILE
D-99f7ea1b0289,ios,Linux x86_64,2019-11-08 23:34:36,1,,CL
D-ccf7a0b73ae8,android,iOS 17.5,2022-06-28T21:34:02Z,6,0,Colombia
D-02d509e0432d,android,Android 13,2025-08-02 04:11:21,1,,CL
D-5d1fb26f36e5,ANDROID,Windows NT 10.0,2019-01-17 18:15:52,1,, CL
D-9a51029f6fee,web,iOS 17.5,2020-04-21 04:43:53-04:00,1,0,Peru
D-2236a834036f,android,Android 9 (SDK 28),2020-01-27 06:43:27,1,0,CL
D-7305e72bd180,web,iOS 16.7,2022-08-02 06:07:50,1,,CL
D-137715ae7c07,web,Mac OS X 10_15_7,2023-01-13 20:55:24-04:00,1,0,CL
D-c94b9d43d435,android,iOS 16.7,2022-12-01T21:53:44Z,1,0,CL
D-08b241cbd389,android,Linux x86_64,2026-07-22T21:21:00Z,1,,CL
D-6b91d9d5ff16,android,Windows NT 10.0,25/02/2025 08:00,1,,CL
D-2e9d5c24f37a,android,Mac OS X 10_15_7,2019-08-08 18:40:26-04:00,36,,CL
D-53293294cc6e,ios,Android 13,2019-02-08T09:07:27Z,1,,CL
D-78d7f713d3a4,ios,,2023-04-10 03:22:15,4,,CL
D-a8de59d644eb,ANDROID,Android 13,2023-04-30 04:19:02-04:00,1,0,CL
D-ed1bb61c54fc,android,Linux x86_64,2021-01-21T23:11:07Z,6,,US
D-c3f31443b852,ios,Mac OS X 10_15_7,2023-10-02 23:01:59,11,0,US
D-6a95fda315f4,web,Windows NT 10.0,07/09/2024 14:15,1,,CL
D-4f84fb11d475,ios,Android 9 (SDK 28),2019-03-26 09:28:52,5,0,US
D-c06a769db366,Android,Mac OS X 10_15_7,2026-03-23 07:13:38-04:00,1,,CL
D-172e9cdf5af6,Android,iOS 16.7,11/05/2025 09:15,4,,Chile
D-7b7a051421f2,ios,Windows NT 10.0,2022-10-27 18:23:46,11,,CL
D-ec6fb9aa525f,ios,Windows NT 10.0,2019-04-21T16:20:16Z,1,,CL
D-6c8c2cadb276,web,Android 14; SM-A546E Build/UP1A,2024-07-17 15:52:12,1,0,CL
D-6a2400d02bb7,ios,Android 13,2025-07-20 11:13:03,1,0,BR
D-27f5602f12dc,android,Linux x86_64,2024-08-18 13:07:26-04:00,2,,CL
D-c1cd71e9a338,android,,01/03/2024 11:06,2,,CO
D-39e794d2016c,android,iOS 17.5,2023-08-12T22:50:18Z,1,0,CL
D-45b35241c097,ios,Android 9 (SDK 28),2023-08-10T02:11:48Z,1,,CL
D-3e6051e37c79,ios,Android 9 (SDK 28),2020-09-05 21:13:34,1,,CL
D-f21ee3bbfab7,ios,Mac OS X 10_15_7,2025-12-24 03:00:33,1,,CL
D-323e2f6732fb,android,Linux x86_64,2020-10-25T19:39:54Z,1,,CL
D-661d7380ae77,Android,Mac OS X 10_15_7,2025-09-09 00:35:59-04:00,1,,RU
D-41b2e1ffca17,WEB,Android 14; SM-A546E Build/UP1A,2025-07-09 13:32:34,3,,CL
D-caaad5b7c40f,ANDROID,Mac OS X 10_15_7,2024-03-18 03:30:19-04:00,36,0,CL
D-a466d364f40a,web,Android 14,2019-01-21 12:44:31-04:00,5,,Venezuela
D-74089e793774,web,iOS 17.5,2019-05-03 07:50:44,1,0,CO
D-fd480085d17b,web,iOS 16.7,2019-11-03 13:50:58,1,,CL
D-e910d71d061c,WEB,Linux x86_64,2023-12-10 19:11:37,2,,CL
D-dd62e374fe3b,android,Android 14,2021-11-07 13:44:55,21,,CL
D-c1c8cd783e49,android,,2021-03-03 13:56:50,2,0, CL
D-4f2a2327f46f,ios,Windows NT 10.0,2019-02-19 08:08:28-04:00,1,0,chile 
D-622a6573b655,android,Android 9 (SDK 28),2025-02-19 10:15:02,1,,CHILE
D-0f6ed01c7d72,ios,,2019-03-31 16:24:50,1,,CL
D-733217b59b0b,android,iOS 16.7,2020-01-05 02:05:54,2,, CL
D-bef1bde80430,android,Windows NT 10.0,06/12/2023 13:46,1,0,Brazil
D-cab3cf2ab7fa,ios,Windows NT 10.0,2020-10-07 05:35:52,1,,CL
D-eaef2353a1aa,android,Android 13,2022-08-31 13:20:46,1,,CL
D-451038051fbb,android,iOS 16.7,2025-10-08 21:50:35,1,,CL
D-8c0ff9ff109c,ios,Android 14,2019-09-26 23:44:25-04:00,2,,CL
D-af4e3dd6d816,web,,03/05/2023 02:58,1,,CL
D-530847b11b6d,web,Mac OS X 10_15_7,2019-03-06 12:18:38,20,,CHILE
D-8c9336d17360,web,iOS 17.5,2021-10-31 20:37:26-04:00,1,,CL
D-8a42fa64147f,android,Android 13,2024-04-23T12:38:44Z,1,,BR
D-025b48ff0dc4,ios,Android 9 (SDK 28),2020-12-31T09:57:19Z,1,0,EEUU
D-4ef9b3d7d208,ios,Mac OS X 10_15_7,13/08/2025 23:56,1,,CL
D-b6a80e4269ae,ios,Android 9 (SDK 28),2021-04-29 07:23:58-04:00,1,,RU
D-7f8374fa754d,Android,Android 14; SM-A546E Build/UP1A,2025-08-29 23:59:52,2,,CL
D-a0277f52d333,Web,Android 14; SM-A546E Build/UP1A,2022-12-04 11:47:14,1,,CO
D-21c9035d6771,android,iOS 16.7,2019-02-22 17:46:49,32,0,cl
D-8ed4b8afa217,android,iOS 16.7,2019-10-28T08:30:41Z,1,0,CL
D-28cfe24634aa,ANDROID,Mac OS X 10_15_7,2023-05-12 06:37:25,1,,CL
D-2b89d431f0e1,android,iOS 17.5,2023-01-30 00:33:50-04:00,1,,CL
D-e2ea61459121,web,Linux x86_64,2020-12-31 13:42:02-04:00,2,,CL
D-11c3efb93f3e,android,iOS 17.5,2019-12-19 09:01:22,3,,CL
D-e32a696dc54f,ios,Android 9 (SDK 28),2019-01-15T15:01:16Z,1,0,CL
D-ab0c22c14af5,ios,Windows NT 10.0,03/06/2026 05:17,2,,CL
D-3c892af22d2e,ANDROID,Windows NT 10.0,2024-05-29 21:56:45,4,,Colombia
D-8b2bdd1ce85e,android,,2020-11-21 00:32:54,2,0,CL
D-6bf79e7090c8,android,iOS 16.7,2022-03-13 21:38:15-04:00,1,0,Chile
D-488dc43b8c71,Android,iOS 17.5,2021-01-12 20:40:48-04:00,1,, CL
D-3b397a963716,Pos,Mac OS X 10_15_7,2021-09-16 03:10:01-04:00,1,,CL
D-08a0d2fae9e3,android,iOS 17.5,2020-10-02 05:12:30,2,0,cl
D-7570fc953572,android,Android 14,2023-03-24 12:53:52,1,0,RU
D-29b3bda20c8a,web,Android 14,2021-10-27T17:49:14Z,1,0,CL
D-414d0677c4e1,Ios,iOS 17.5,2019-12-12T03:30:39Z,1,,CL
D-4373bfe0102b,web,iOS 17.5,2024-02-23 10:53:18,1,,CL
D-0b3ec26605c6,web,,2020-07-03 05:57:48,1,,CL
D-c49944a63a79,pos,,30/04/2026 13:33,1,1,cl
D-c9d3d2f4cb33,ios,Android 14,2026-06-02 13:15:21-04:00,1,, CL
D-6ca1b05932d0,ios,Android 13,2022-12-22 01:52:24,1,,CL
D-eab69b025e48,web,Linux x86_64,2022-02-16 14:32:21,1,,CL
D-47506d8b2088,web,Mac OS X 10_15_7,2022-02-19 16:31:58-04:00,1,0,Chile
D-909f4742cc0a,pos,,2019-01-15 07:59:08-04:00,1,,CL
D-619dfd0464d8,pos,Android 14,2021-03-17 13:02:50,2,,ARGENTINA
D-7192a3961dd2,ANDROID,Android 14,2019-09-19 03:00:35,1,,CL
D-4f4b8e86de11,IOS,Windows NT 10.0,2019-04-03T13:29:34Z,1,,CL
D-78a0a4665d63,android,Windows NT 10.0,2019-02-09 06:36:37,1,,Peru
D-5a1ba23dfcd9,android,Android 14,2024-10-29 07:44:12,1,,CL
D-1caefee1e3c8,android,Android 14; SM-A546E Build/UP1A,2026-02-01T02:41:42Z,1,,cl
D-b6553f499932,Web,Linux x86_64,2021-01-18T00:13:23Z,1,,CL
D-8595337f9ffc,IOS,Windows NT 10.0,2025-07-22 01:27:43,1,1,VE
D-fab19164d2ab,ios,,2021-04-30 23:12:30,1,0,CL
D-884d5632ac5e,web,Android 14; SM-A546E Build/UP1A,2021-08-14 11:45:34,1,0,cl
D-f2b343f308af,android,Mac OS X 10_15_7,2019-06-17 18:08:50,1,,CL
D-32189c822236,pos,iOS 16.7,2020-11-23T00:00:12Z,1,,CL
D-0f4a80b23bfe,ios,Android 14; SM-A546E Build/UP1A,2020-11-19 01:04:46,2,,CL
D-2181cea447a4,pos,Windows NT 10.0,2021-09-13 22:00:04,1,,CL
D-dbeb88e1cf40,ios,Linux x86_64,2020-11-18 00:36:39,3,,CL
D-55efab66754b,web,Android 9 (SDK 28),2021-10-21T20:52:36Z,2,,AR
D-fc8aa432e616,ios,,2024-09-29 10:17:00-04:00,3,0,CL
D-913c67dc0156,android,iOS 17.5,2025-12-30 01:05:29-04:00,1,0,CL
D-1373ab420e0a,android,iOS 16.7,2025-09-12T23:52:49Z,1,,CL
D-bc9136d75905,ANDROID,iOS 16.7,2019-02-07 04:20:33,1,,US
D-ffba7cd58d83,ios,iOS 17.5,2025-06-17 03:33:26-04:00,1,,CL
D-de9fb1b0b391,android,Windows NT 10.0,2020-06-08 06:32:27,4,,CL
D-22b9d357ec79,ios,iOS 17.5,2023-03-23T16:32:06Z,1,,CL
D-3e696dd1daf8,ios,Android 13,2019-12-24T16:35:57Z,1,, CL
D-6aa6c90f9159,IOS,iOS 16.7,2021-08-16T19:50:09Z,1,,CL
D-8bd742b11bbc,web,Mac OS X 10_15_7,2025-03-24T17:07:54Z,1,,CL
D-24ec42a45917,Android,Windows NT 10.0,2025-02-03 04:57:06-04:00,1,,CL
D-4c7810faf348,ios,Windows NT 10.0,2023-06-04 19:17:36,1,0,CL
D-47d730ef95ab,ios,Linux x86_64,2020-07-23 00:20:56-04:00,27,0,AR
D-9122b36e2991,web,Android 14,2021-03-15 18:24:26,2,,Chile
D-090ab54cfe05,android,Mac OS X 10_15_7,2025-08-07T01:47:20Z,1,,chile 
D-3ba38791abce,pos,Windows NT 10.0,2019-08-22 05:28:21,6,0,CL
D-894d70be97a4,ios,Android 9 (SDK 28),2025-10-10 09:21:49,1,,CHILE
D-5f202ce9dc38,IOS,Mac OS X 10_15_7,2022-10-09 00:51:26,1,0,CL
D-5eeb39a869a8,android,Android 13,2023-07-29 22:04:39,1,,CL
D-a853df6fed99,web,iOS 17.5,2025-02-06 12:12:23,1,,chile 
D-f6449707799a,web,Mac OS X 10_15_7,2024-01-26 17:01:16-04:00,1,,CL
D-7c89826353c8,Pos,,2021-11-22T19:51:30Z,1,,CL
D-b312e19819e7,Android,Android 14,2022-12-11 21:10:07-04:00,1,0,CL
D-1d05cd529863,android,Android 13,09/04/2024 11:39,1,,Perú
D-0d20136c23da,android,Linux x86_64,2019-03-04 11:09:34-04:00,1,,Chile
D-7a9393788605,web,Windows NT 10.0,2022-06-26 01:24:45,1,0,CL
D-f5680780c07d,android,iOS 17.5,2024-10-08 06:27:26,1,0,CHILE
D-cfde1c59a2fd,Android,Linux x86_64,2024-04-28 07:46:57-04:00,1,,CL
D-bb927db9a232,ANDROID,iOS 17.5,2019-02-04T13:36:32Z,1,0,CL
D-3abf7115383c,Android,,04/11/2025 06:09,1,0,CL
D-baa400ae4c44,pos,Windows NT 10.0,2024-06-11T03:30:29Z,1,,CL
D-00a8d2a4f571,WEB,Android 14,02/10/2021 06:43,2,0,RU
D-fa2ab269b09d,web,Android 14,2024-11-16 22:05:55,1,,cl
D-6cc0fe2b4e65,android,Linux x86_64,02/02/2019 04:17,4,,CL
D-0d29834a520a,android,Android 14; SM-A546E Build/UP1A,2022-11-25 14:15:39,1,0,cl
D-adc9009b7cce,pos,Mac OS X 10_15_7,2020-12-15 05:30:51-04:00,1,,PE
D-927de5edfab1,ios,iOS 17.5,2022-12-26T03:05:58Z,1,0,AR
D-7c10f219306e,android,Android 14,25/08/2020 14:56,1,,CHILE
D-baf4e8544202,WEB,Android 13,2024-09-27 13:15:50-04:00,1,,CL
D-f6195d40e35b,web,Windows NT 10.0,2022-02-09 11:47:00,1,, CL
D-b6288042ebbb,Web,Android 9 (SDK 28),2019-03-03 00:30:53-04:00,1,0,CL
D-9b7e8963929e,ios,Android 14,2023-05-24 10:56:45,1,0,CL
D-e41684d35876,IOS,Android 9 (SDK 28),2020-03-09 15:42:08-04:00,1,0,CL
D-e3b347822b4b,android,Android 14,06/04/2020 14:19,1,,chile 
D-2ed9d537d880,android,iOS 16.7,2025-03-10 19:20:59,1,,CL
D-a8de42c3fe5a,android,Android 14; SM-A546E Build/UP1A,2019-01-25 15:20:22,1,,cl
D-ebc096028f33,android,Android 14,2020-08-24T01:09:53Z,2,0,CL
D-0c3ecfbe7555,android,iOS 16.7,2021-06-18T19:54:34Z,2,,cl
D-c7beae24d03d,web,,2019-12-14 03:33:14,1,,CL
D-87afb8e40124,android,Android 9 (SDK 28),2021-07-19 09:50:55,1,, CL
D-19fa58b5cb3c,android,iOS 16.7,16/08/2022 00:10,1,,CL
D-96fbd98f0d32,android,iOS 16.7,2025-12-30T17:01:22Z,1,0,CL
D-ae525663c087,ANDROID,Android 14,2021-09-14 20:31:01,1,,cl
D-009697f3aec7,ios,iOS 17.5,2019-10-22 20:16:18,39,,ARGENTINA
D-8da2c3783934,Web,iOS 16.7,2020-01-22 16:41:42,1,,AR
D-04c7ec39e86b,ios,Android 14,2020-08-13 18:12:22,1,,CL
D-81b25d34e72d,web,Android 14,2025-11-02 07:02:22,3,0,CL
D-9511dd85f5fb,ios,Android 13,2019-01-09 10:32:44,2,,AR
D-177a0ac6ad4e,android,Android 9 (SDK 28),2022-04-19T12:05:12Z,1,,CL
D-288508d9499a,ios,,2022-05-21 09:58:09,6,0,Argentina
D-9a81630d40c8,pos,Mac OS X 10_15_7,2021-11-11T23:25:54Z,1,,CL
D-a3ca4763f9ca,Android,iOS 17.5,2025-12-07 18:00:58,1,,chile 
D-0b08734a92c4,android,Android 9 (SDK 28),2020-04-20 16:32:39,1,,CHILE
D-0236526154a6,android,Android 14; SM-A546E Build/UP1A,2020-08-15T01:51:53Z,1,1,CL
D-dc120ee04afe,Web,Windows NT 10.0,2019-10-10 13:04:17,2,0,CL
D-d6b3df54bf4e,IOS,Android 13,2024-12-03 22:46:23,1,0,CL
D-d7f45bb3bf13,web,Android 14,2026-02-10 14:30:28,2,,Chile
D-e3c2be5ae491,WEB,iOS 17.5,2024-04-20 15:31:11,1,,VE
D-1fe3acd9c054,web,Mac OS X 10_15_7,2024-01-04 15:27:06,1,, CL
D-f5b4de82c9ad,ANDROID,Android 14; SM-A546E Build/UP1A,2022-08-18T05:46:08Z,6,0,CL
D-e6a1a76b83f5,android,Android 13,2025-07-11 01:40:55,4,0,US
D-35d185dc64a9,android,Android 14,2026-01-29 02:37:44,5,,CHILE
D-3b066507abc8,android,Android 14,2025-03-15 18:09:17,1,,CL
D-a8d997603704,POS,Linux x86_64,2024-01-31T17:19:42Z,2,,CHILE
D-43fe4adb01fb,ios,,2019-05-15 23:54:38,1,0,Chile
D-ec41a7ab3e45,ios,iOS 16.7,2023-06-25 00:07:09,4,,cl
D-7ea38550f5aa,pos,Linux x86_64,2022-10-19 05:15:59,1,,CL
D-302f673b7808,POS,Android 14; SM-A546E Build/UP1A,2024-06-22 04:01:26,1,0,CL
D-c011ec671efd,android,iOS 17.5,2024-10-31 22:50:39,1,,AR
D-a151be1e3398,pos,Windows NT 10.0,2025-12-03T05:29:38Z,1,,CHILE
D-56ed947cdb82,Web,Android 14; SM-A546E Build/UP1A,2023-07-27T15:04:36Z,1,,CL
D-8e08f78cb3aa,WEB,iOS 17.5,2023-11-24 17:31:28-04:00,1,0,CL
D-07e23250c1d0,android,Android 14; SM-A546E Build/UP1A,2022-07-27 15:01:00-04:00,1,0,CL
D-7a248d6e8c69,android,Mac OS X 10_15_7,2024-05-15 03:35:02,1,,chile 
D-aaf91c9dd80d,Web,Android 14; SM-A546E Build/UP1A,2023-04-18 09:03:41,1,0,chile 
D-61b735cb445a,android,iOS 17.5,19/01/2025 12:14,6,,CO
D-9e78cff09fe2,android,Android 14; SM-A546E Build/UP1A,2022-05-15 03:10:35,1,0,AR
D-525a038f4961,web,,2020-11-03 05:58:11-04:00,1,,Estados Unidos
D-bca297dcb0fc,ANDROID,Windows NT 10.0,2020-10-08 01:46:49,1,0,Argentina
D-d2467b395b28,Android,iOS 17.5,2026-01-13T01:51:29Z,1,0,CL
D-b5d0e8774d60,android,iOS 17.5,16/06/2024 03:10,2,,CL
D-1080f579d418,Android,Android 13,2020-11-30 04:57:24,1,,CO
D-4a05c58c504c,pos,Windows NT 10.0,30/01/2024 23:38,1,,CL
D-77116d789fd0,android,Android 13,2025-04-30T14:53:56Z,1,,CL
D-c8fb95a648cf,Ios,iOS 17.5,2025-10-11 08:05:00,1,1,CO
D-95a314050f04,web,Android 14,2025-08-11 19:39:06-04:00,1,,BR
D-a36cdd7c4933,android,,2025-11-10 15:39:38-04:00,1,0,CL
D-79c640f4d6cc,IOS,Mac OS X 10_15_7,2025-04-13T08:07:39Z,1,0,CL
D-004eb528a3f7,IOS,iOS 17.5,2023-05-27 04:14:09-04:00,1,,AR
D-793a5c96a3bd,android,Android 13,2022-04-21 13:39:40-04:00,1,,chile 
D-904bcd408fdf,android,Mac OS X 10_15_7,2024-11-26 07:53:22-04:00,1,,Brazil
D-766a17016ce1,Ios,iOS 17.5,2024-11-01 21:12:03,1,,CL
D-fb93daee957f,Android,iOS 17.5,22/05/2019 11:26,8,1, CL
D-439ca54a3e74,ios,Android 14,2025-10-17 16:35:35-04:00,1,0,CL
D-40bf9b212383,android,Android 14; SM-A546E Build/UP1A,10/12/2023 06:36,1,,Peru
D-5143d1a53078,android,,2023-07-02 19:59:35,1,0,CL
D-318397ddc303,ios,iOS 16.7,2019-08-24 07:43:21-04:00,1,,CL
D-945562a50813,android,iOS 16.7,2019-06-08 11:08:42,3,,CL
D-730b82253e88,ios,Android 9 (SDK 28),2021-05-18 01:32:56,1,0,BR
D-fa0315044bf1,android,Android 14; SM-A546E Build/UP1A,2020-06-28 18:38:44,1,,CL
D-4634bf8bc73b,IOS,Mac OS X 10_15_7,2021-12-28 03:39:27,1,0,CL
D-753e113f152b,WEB,Android 13,2020-11-06 01:31:13,1,,CL
D-02e69b73014a,android,Android 14; SM-A546E Build/UP1A,2025-12-14 13:32:52,2,,Chile
D-0125a574dfad,android,Android 14,2025-03-31 03:19:08,1,,CL
D-2c99e2789f12,Ios,iOS 17.5,2023-05-04 16:44:11,4,,US
D-45fc20300af0,ios,Android 14,2022-11-05 06:14:20,1,,CL
D-62aeeb1d6ad2,ios,,2023-11-27 11:17:37,1,,VE
D-45ce8f528fa1,android,Android 14; SM-A546E Build/UP1A,2025-06-26 16:52:16-04:00,1,,CL
D-ae239d2c9f5b,android,Android 9 (SDK 28),2020-09-13T18:23:12Z,1,0,CHILE
D-069e5d7af0b1,ios,Mac OS X 10_15_7,2023-08-14 03:47:18,1,,VE
D-2658e7f7e15a,ANDROID,Android 14,2020-02-22T09:29:06Z,1,,CL
D-4152ef4832b1,android,Android 14,2020-07-01T12:10:15Z,1,0,Perú
D-1cedc98e55ab,ios,Windows NT 10.0,2022-06-30 23:43:01,3,0,CL
D-3746a3c64ef9,WEB,Linux x86_64,2022-12-09T06:59:00Z,1,,AR
D-de72bb42975d,Ios,Android 14,2020-12-20 05:59:19-04:00,1,0,US
D-327836ceaeb8,ios,,2024-04-22T09:31:23Z,1,,CL
D-46c14ec15538,Android,Android 13,2021-09-09 10:30:40,1,,CL
D-7e83d760c2c2,android,,2019-04-09T03:06:06Z,1,, CL
D-ec3c6076c9a1,ios,Android 14,2024-11-25 19:05:38-04:00,1,,CL
D-1118cffb563c,web,Android 14; SM-A546E Build/UP1A,2024-01-09 01:38:42,39,,CL
D-92b9d7771951,android,iOS 16.7,2021-09-11 10:56:53-04:00,1,,CL
D-6c23a69bdc38,Web,Android 14,2021-07-12 16:11:20-04:00,1,,CL
D-9a8094fe2695,IOS,Mac OS X 10_15_7,16/02/2023 05:09,1,,CL
D-ed410070b22b,pos,iOS 16.7,2022-04-22 12:05:07,2,,Chile
D-d799c57cc786,pos,iOS 17.5,2020-09-29 09:14:34,2,0,CHILE
D-09460409ffd4,android,Mac OS X 10_15_7,06/02/2022 16:27,1,,CL
D-14a453823ce2,web,Android 14,2019-07-08 16:16:58-04:00,2,,CL
D-135191357725,Ios,,29/09/2022 08:49,2,,BR
D-ebad6f6b1695,android,iOS 17.5,2023-10-22 14:34:20-04:00,1,0,CL
D-34e4524d7a60,pos,Android 14,2019-10-06 17:00:51,1,,CHILE
D-7aa1cb74f841,web,iOS 17.5,2019-12-30T21:52:44Z,4,,CL
D-6324fb49961d,ANDROID,,2021-12-13 19:44:39,1,0,CL
D-b31da94e25f2,android,Android 14; SM-A546E Build/UP1A,04/11/2020 04:56,1,0,Chile
D-13468c25d8ff,android,Android 14; SM-A546E Build/UP1A,2019-07-14T23:37:45Z,1,, CL
D-94cb99676f8f,Android,iOS 17.5,2026-01-27 16:12:44-04:00,1,,VE
D-eb43dab91466,ANDROID,Android 14; SM-A546E Build/UP1A,2025-01-05 23:07:00,1,0,CL
D-0a671ba0118b,Android,Android 14,2024-01-07T22:17:20Z,1,, CL
D-245f3e3191c6,ios,iOS 17.5,18/03/2025 20:41,1,0, CL
D-bfe2c6422b72,POS,Android 13,2023-07-18T10:23:28Z,1,0,AR
D-b2eb36a179be,ios,Android 9 (SDK 28),2024-10-23 16:26:31,1,,CL
D-6dcb27cb06ee,ANDROID,Android 9 (SDK 28),2023-12-08T14:47:04Z,1,,VE
D-1274b79ec152,IOS,,2024-09-01T11:41:33Z,1,,cl
D-934df65e5bc3,android,iOS 16.7,2020-09-22T13:46:01Z,1,,AR
D-ad5650347651,android,Mac OS X 10_15_7,2025-10-23 06:12:19,1,,cl
D-793c81c1400e,Ios,Mac OS X 10_15_7,2022-02-20 15:40:20-04:00,1,,CL
D-610be3edc898,android,iOS 16.7,04/07/2026 08:36,1,,CL
D-1e942a2a0b20,android,Android 13,04/08/2020 07:31,1,,CO
D-1f9ef41bef1d,web,Mac OS X 10_15_7,13/05/2021 11:03,1,0,CL
D-6a2341b6de46,web,Android 14; SM-A546E Build/UP1A,21/02/2022 04:29,1,,PE
D-dfe2b3c94c7e,ios,Android 9 (SDK 28),2021-04-11 19:45:40,1,0,AR
D-6a8b168bd4ad,android,iOS 16.7,2020-10-30T02:54:31Z,1,,AR
D-72306d06bbc0,android,Android 13,2022-02-01T11:53:26Z,1,,BR
D-7e3277aa6df5,ios,Linux x86_64,2022-05-19 03:30:37,1,0,AR
D-de75bceee91f,android,Windows NT 10.0,2020-06-21 02:50:56,1,,ARGENTINA
D-7c5c3ad2a2f2,web,iOS 16.7,2024-07-07 18:38:58-04:00,1,,CO
D-0c9521ee7baa,web,iOS 16.7,2024-02-24 12:36:13-04:00,2,, CL
D-4085b6b4b1ee,android,Mac OS X 10_15_7,05/12/2022 16:36,1,,CL
D-f009e2d61e29,ios,Android 13,2023-10-20T20:28:59Z,5,,CL
D-55c904ad0046,ios,,2021-11-23T00:40:53Z,1,,Chile
D-8ec465c96511,android,iOS 16.7,2022-06-07 11:18:20,1,,CL
D-bfd4b9df81b6,ANDROID,Windows NT 10.0,2026-02-05 12:10:11,27,0,CL
D-1705353a3ca0,web,Android 9 (SDK 28),2023-07-13 09:38:14-04:00,1,,CL
D-fbf7a2c09489,android,Android 13,2024-10-23T15:50:28Z,1,,cl
D-86fb3305d279,web,Mac OS X 10_15_7,2024-08-13T14:43:29Z,1,0,CL
D-34b001a50816,android,Android 9 (SDK 28),2021-03-22T16:25:20Z,2,0,CHILE
D-427a3193c27f,android,Android 13,12/11/2024 13:56,1,,CL
D-63d6c93b6e73,Ios,iOS 17.5,2019-08-12 06:57:16-04:00,1,,CL
D-8412f9dd22eb,ios,Android 13,2020-01-27T19:00:16Z,1,,CL
D-0b8f4cd59eec,android,Android 13,2023-10-18 23:38:19,1,0,CL
D-c8b9e952936d,android,Android 14; SM-A546E Build/UP1A,2025-09-07 16:14:30,1,,CL
D-967a35e1a83b,android,Android 9 (SDK 28),2021-06-12 11:34:01-04:00,1,,CO
D-85d85e0c0075,web,Android 13,2026-02-25 18:19:52-04:00,1,,CL
D-594ac99be3e3,web,iOS 17.5,2023-04-15 08:35:14,1,0,Chile
D-ec304d16d67d,ios,Linux x86_64,2026-06-10 18:06:28-04:00,17,,BR
D-8ccbcde66c9c,pos,iOS 17.5,2022-02-23 11:59:12-04:00,1,,chile 
D-b5de8b8bf486,ios,Windows NT 10.0,2025-11-30T23:34:13Z,1,,CHILE
D-3acc3b4104d4,android,Windows NT 10.0,2022-11-17T02:58:52Z,2,0,CL
D-f45f03bcf1e7,android,Linux x86_64,2024-03-23T04:35:42Z,1,, CL
D-65e8cb6fb635,web,,03/03/2023 00:03,1,,PERU
D-146e48be7fd8,android,,2024-01-07 01:59:17,1,,CHILE
D-2b24d8b270e8,ios,Windows NT 10.0,2019-08-04 14:54:28-04:00,5,,PE
D-9d2e262a0f0e,web,Android 9 (SDK 28),25/09/2019 10:32,1,,CL
D-414c28a5f88f,Ios,Android 14; SM-A546E Build/UP1A,2023-10-02 16:05:47,2,0,PE
D-dd556434583d,android,Android 13,2026-07-19 15:55:31-04:00,3,,CL
D-bdf3c5f65524,android,Windows NT 10.0,2023-02-01 02:02:16,1,0,VE
D-69e898e1ee7e,android,Android 14; SM-A546E Build/UP1A,25/11/2020 20:00,1,,CL
D-6e22001ae93a,Android,Android 14,2020-02-21 17:04:09,1,0,CHILE
D-9019c6c87909,ios,Android 14; SM-A546E Build/UP1A,02/04/2021 04:15,39,,CL
D-fca5de2668b7,android,Linux x86_64,2021-02-10 09:08:26,1,0,BR
D-1e4d23609ebf,android,Android 9 (SDK 28),2022-06-24 13:45:17-04:00,1,,CL
D-b84362fd8ffb,web,iOS 16.7,2019-11-10T11:53:27Z,1,,CL
D-22966a66def6,android,Linux x86_64,2024-08-12 21:42:22-04:00,1,,chile 
D-6559ae9b183b,ios,Windows NT 10.0,2021-03-16T08:47:37Z,6,,cl
D-ad656bfb0b9f,Ios,Mac OS X 10_15_7,2019-07-28 23:50:10-04:00,1,,CL
D-b364f35c7b96,web,Mac OS X 10_15_7,2020-01-25 11:10:20,1,0,CL
D-349a5712f0da,android,Android 13,2025-12-01T18:38:25Z,1,,CL
D-b44de703bad1,android,iOS 17.5,2021-05-30T15:32:18Z,3,,cl
D-e37ebacbac71,ANDROID,Android 13,2019-10-18T14:24:11Z,1,,Chile
D-998132aa08b6,ios,Linux x86_64,2020-03-22 06:20:16-04:00,2,,CL
D-970567676e14,pos,Linux x86_64,2025-01-18T20:23:21Z,1,, CL
D-3ab50fa3b94d,android,Android 13,2020-08-18 19:56:19,1,,Colombia
D-d4c53183265b,ios,Android 14,2023-08-04 08:08:34,1,,CL
D-f058a85a355b,web,,2024-11-26T21:22:43Z,1,,Chile
D-b1d64dc94bda,web,Mac OS X 10_15_7,12/09/2020 14:42,1,,CL
D-878ecb50334b,android,,2025-09-01 02:34:27-04:00,5,,CL
D-6c2d94062dd0,ios,Mac OS X 10_15_7,2026-01-29T16:18:46Z,1,,USA
D-e7a347712112,android,Android 9 (SDK 28),2021-04-06 09:23:02-04:00,2,, CL
D-5634b14e3570,Android,,2019-09-12 05:34:02,1,,CL
D-9ab826ed6e95,pos,Android 9 (SDK 28),27/07/2023 13:38,1,0,Estados Unidos
D-8a85266af20c,android,,2025-11-13T19:37:26Z,1,,PE
D-b0cb3bf7208f,web,Linux x86_64,27/05/2019 21:59,2,0,Venezuela
D-28f9be7812ab,android,Android 14,2023-10-21T01:28:07Z,2,,CL
D-786ef50643e3,Android,Windows NT 10.0,2021-01-02 22:04:06,1,,CL
D-ccadc2f98bd7,web,iOS 17.5,2024-08-01T02:42:43Z,1,,EEUU
D-bc38e289dbc5,ios,Android 13,20/05/2019 05:58,1,1,AR
D-005115e12e7c,web,Mac OS X 10_15_7,2022-03-06 11:01:39,1,,CL
D-ea9308278461,IOS,Windows NT 10.0,2020-12-19 04:41:50,2,,Chile
D-bdc5367c922b,ios,Windows NT 10.0,2019-01-07 02:56:34,39,,PE
D-87a7741500ea,web,iOS 16.7,2020-12-11 08:35:31,1,,US
D-3090ba09b38c,pos,Android 14; SM-A546E Build/UP1A,20/04/2025 08:57,1,,CL
D-d177b1521674,android,Android 13,07/09/2024 19:17,1,,US
D-60690a6b9928,pos,iOS 16.7,2025-04-27T15:28:22Z,1,,CL
D-c6671b0dc986,ios,,2022-11-18 02:46:14,2,,CO
D-9c15c4b13834,android,iOS 17.5,2022-01-30T16:01:31Z,1,,COLOMBIA
D-9cba9e2d29fa,Android,iOS 16.7,25/10/2024 02:16,4,,CL
D-b0c27b751233,web,Android 9 (SDK 28),2024-06-25 20:08:00-04:00,1,,CL
D-91ec73e25332,ios,Windows NT 10.0,2021-04-23 08:26:45,1,,CL
D-e10916b6a73c,Pos,Linux x86_64,2019-04-25 01:49:33-04:00,1,0,CHILE
D-cb978fe06afa,ios,Linux x86_64,2022-11-20 20:53:58,3,0,CL
D-df847ccaf0ef,web,iOS 16.7,2021-07-24 04:48:18,1,,chile 
D-822eb32dfe88,android,Android 14,2021-01-05 20:57:42,1,,CL
D-878f8177aadd,android,Android 9 (SDK 28),2022-11-11 01:54:43,6,0,CL
D-41854c50dae5,android,Android 14,2023-10-29 23:31:05-04:00,1,,NG
D-2c74a5ef1cd9,android,Android 14; SM-A546E Build/UP1A,2021-11-21T11:37:30Z,2,,CHILE
D-077793a374c3,android,Android 9 (SDK 28),2021-10-31 14:46:50,1,1,CL
D-e7c848d8cdda,web,iOS 16.7,2025-10-01 12:42:54-04:00,1,,CL
D-9d53762e7843,android,,2025-02-16 10:59:09-04:00,1,,CL
D-2632a7b37196,ios,Android 14,2020-07-11 13:13:44-04:00,2,,CL
D-14263c6aba09,android,Windows NT 10.0,2022-02-09 16:23:24,1,,CL
D-4647df026a2d,Web,Windows NT 10.0,2022-08-20T02:13:44Z,4,,Perú
D-9664975da45f,IOS,iOS 16.7,2020-08-09 04:44:18,1,0,CO
D-5f457caf50a1,ANDROID,Windows NT 10.0,2022-06-03 02:56:25,6,,CL
D-774b401e180c,android,Android 14,2026-05-25T16:02:22Z,1,,US
D-af6d385002a7,android,Linux x86_64,2020-02-03 19:42:01,1,,Chile
D-eae493ef4e57,android,,27/10/2024 11:17,1,0,CL
D-89c99a117a16,pos,,2019-01-06T17:28:54Z,1,,chile 
D-4ccd939d27e3,android,Android 13,2021-04-03 03:49:21,4,,CL
D-c6bf509baa87,ios,Android 13,2019-08-21 06:27:15-04:00,3,,cl
D-0c4d70b8c520,ios,Android 14,20/04/2024 15:13,1,0,CL
D-6407deb6f562,Ios,Windows NT 10.0,2024-05-05 21:56:55,1,,CL
D-3aea8da76f96,android,,15/08/2019 21:45,1,,chile 
D-72f0fe1e1daf,ios,Android 14; SM-A546E Build/UP1A,2021-01-18 12:08:36-04:00,2,0,CL
D-d497ce0cf6ba,android,Mac OS X 10_15_7,2026-01-26 09:33:34,1,,CL
D-460a7181c825,ios,iOS 17.5,2021-11-11 08:19:10,1,, CL
D-9393b48ed78c,android,iOS 16.7,2021-05-14T12:24:44Z,1,,PERU
D-a48e468f62b3,android,Windows NT 10.0,2025-04-02T11:50:29Z,1,,AR
D-495f589aa18e,Android,Android 14,2023-01-13 00:13:39,27,,CL
D-0c7d91169fc0,android,iOS 17.5,2024-06-25 19:11:22,1,,CHILE
D-bfa789a47dd8,web,Android 9 (SDK 28),2019-02-04T05:56:38Z,1,,CL
D-727a4cc80714,ios,Android 13,2026-03-07 00:08:30,1,,CL
D-8df8b028150b,IOS,iOS 16.7,2025-07-13 18:13:48,1,,CHILE
D-5b9ef191284a,ANDROID,Android 14,2021-10-16T23:12:44Z,1,,CL
D-083c3f280167,Web,,01/10/2023 19:58,1,,CL
D-ec327458a9d1,Web,Android 14,2025-03-05 20:03:07,1,,CL
D-39a96cdca41e,Ios,Mac OS X 10_15_7,2025-07-08 14:37:17,1,0,VE
D-c61410dade1b,ios,Android 14,2020-02-22 05:17:18,5,,cl
D-8e249c8ce28a,Android,iOS 17.5,22/01/2021 10:59,1,,CL
D-3469c1a895e1,ios,Linux x86_64,2021-02-21 20:08:35,4,0, CL
D-ddb50178e710,android,,2024-11-21 16:36:16,2,,CL
D-7a0dbba41106,android,Mac OS X 10_15_7,2025-03-22T18:27:22Z,1,,US
D-eb2f10401012,ANDROID,Android 9 (SDK 28),03/01/2025 17:22,1,,US
D-b905de77de73,ANDROID,Android 9 (SDK 28),2023-01-11 09:38:00-04:00,1,1,CHILE
D-f5a6f6974c6e,android,Mac OS X 10_15_7,2023-05-05 22:24:59,1,,CL
D-352782601c7a,ANDROID,Android 9 (SDK 28),2025-01-29 07:50:23,1,0,CL
D-ee0e452fabf7,ANDROID,iOS 16.7,2022-12-21 10:12:35,1,0,CL
D-c6b8d136277c,android,Android 9 (SDK 28),2023-01-17 19:56:23,1,0,CL
D-c6abe0bba870,web,iOS 16.7,28/12/2020 02:13,1,,Russia
D-4293ac70be3b,ios,Android 14,2025-02-09T14:07:09Z,2,0,CL
D-dfec19d9e942,pos,Mac OS X 10_15_7,2025-09-05 02:31:37-04:00,2,0,CL
D-88b60f2eab71,ANDROID,Android 9 (SDK 28),2022-03-27 05:34:00,1,,CL
D-940cbaf510c4,IOS,Android 14; SM-A546E Build/UP1A,2023-03-16 06:50:45-04:00,1,0,COLOMBIA
D-9d4f642f36a1,android,Mac OS X 10_15_7,2025-07-30 14:21:32-04:00,1,,cl
D-197f5f21f090,android,Android 14; SM-A546E Build/UP1A,2021-06-13 11:36:14,3,,CL
D-7c43ebe6640e,pos,Android 14,2019-05-06T19:04:49Z,6,,CL
D-75bf8d4b9f20,android,Android 13,2022-07-02 23:12:58,1,,CL
D-6a9fa901c166,web,iOS 16.7,2024-04-12 00:00:53,1,0,CL
D-6ca199ac13ed,web,Android 14,2022-05-19T21:41:46Z,2,,cl
D-fb7a39a7e455,android,Android 9 (SDK 28),2024-09-23 19:34:27-04:00,1,0,CL
D-06d9f634ca14,android,,2022-11-16T05:39:51Z,1,,CL
D-436b0f8f4485,web,Android 9 (SDK 28),2019-08-28 16:49:05,1,,Chile
D-ae97f6cb7120,ios,Windows NT 10.0,2023-02-02 18:21:52,1,,cl
D-761a064da92b,pos,Android 13,2020-11-08 13:07:53,1,0,PERU
D-4ec73029d36b,Web,iOS 17.5,2021-02-10 02:44:19,1,,CL
D-283675c8c60f,android,iOS 16.7,2024-03-18 14:02:32,1,0,CL
D-e955619e5523,ios,iOS 16.7,2019-04-01 23:10:33,1,,cl
D-51fadead4d82,ios,Android 14,2025-02-01 07:55:52,2,,CL
D-abbb217baad1,ios,iOS 16.7,2021-05-23T03:11:25Z,1,0,CL
D-c63dc2882c20,android,Mac OS X 10_15_7,2020-02-07 06:27:34,1,0,CL
D-9e1f64a5a0d6,Web,Android 13,2023-07-23 12:17:54,1,0,PE
D-3338ab3b52bd,Ios,Android 14; SM-A546E Build/UP1A,08/09/2023 10:06,1,, CL
D-e46a435b51cc,android,,2023-03-06T08:17:02Z,1,0,CL
D-3393eb92e8e9,ios,Android 9 (SDK 28),2019-09-25 15:22:24,2,0,CL
D-67179c6ec085,ios,,2022-05-29 05:41:21,1,,cl
D-d7f4bb224dbe,ios,Android 9 (SDK 28),2021-04-10 18:38:12,1,,CL
D-e5fc988d50b4,web,Android 9 (SDK 28),2021-09-05 12:03:14-04:00,1,,CL
D-d2bcfedd44b8,Android,iOS 17.5,2022-11-01 19:41:03-04:00,1,,BR
D-218b7f5f5e39,android,Android 13,2023-05-12T20:09:05Z,1,0,CHILE
D-e7b0741b792a,web,Android 13,2025-08-12T19:49:09Z,2,,CL
D-43951ee1b94d,android,Android 9 (SDK 28),2020-04-29 17:18:43,2,0,CL
D-4d98e384babd,ios,iOS 16.7,2021-04-14T15:44:50Z,1,,CL
D-dead12ee45ea,android,iOS 16.7,22/09/2020 13:50,1,,CL
D-f779b888cba6,web,Mac OS X 10_15_7,2026-04-28T06:34:06Z,1,,CL
D-4dd30fed4c79,Web,Windows NT 10.0,2024-10-23T01:15:41Z,1,0,CL
D-2bee7832e721,ios,Android 9 (SDK 28),2025-06-03T15:37:53Z,1,, CL
D-cfc5a82f090d,ios,Linux x86_64,2025-03-09 23:15:14,1,,ARGENTINA
D-9a68402e7008,ios,Android 14,2023-04-11 22:10:05,1,,CL
D-71b0a6b37c09,android,Linux x86_64,2024-05-24 18:54:31-04:00,4,,CL
D-689c64ddee20,android,iOS 17.5,2021-06-02 10:41:04,2,0,CL
D-85b90889687c,Web,iOS 16.7,2026-02-15T18:32:28Z,1,,PE
D-fc3181bf7434,android,,2022-02-07 01:16:27-04:00,1,, CL
D-a532d86a34ad,web,Android 13,2025-10-27 13:42:11,1,,CL
D-782a278730e6,android,Android 13,2021-11-09T16:35:22Z,1,,CHILE
D-c328aa0cea05,WEB,Mac OS X 10_15_7,2020-05-20T20:52:15Z,1,,CL
D-5d0249fadb8a,ios,Android 13,2021-12-30 15:53:11-04:00,1,,BR
D-59cd4167e1aa,ANDROID,,20/01/2019 22:05,1,,CL
D-236f5b53345d,android,Android 13,2025-08-28 21:16:28,3,0,CL
D-c7f515788ce4,Android,Android 9 (SDK 28),2021-12-22 17:04:53,1,0,CL
D-2d6c159792bd,ios,iOS 17.5,2023-09-14 01:24:05,2,0,CHILE
D-31db98d692eb,android,Mac OS X 10_15_7,2020-06-03 02:38:09,2,0,CL
D-de375a21f44a,web,Android 14; SM-A546E Build/UP1A,2026-07-07 22:14:32,1,, CL
D-5c579de3734d,android,Windows NT 10.0,2019-04-07 03:13:22,1,0,CL
D-66611cfb6e95,android,Mac OS X 10_15_7,2023-11-08T16:17:16Z,1,,CL
D-acc12245ae8f,android,Windows NT 10.0,2019-07-11 15:38:44-04:00,1,0,US
D-5e64120918db,web,Android 14; SM-A546E Build/UP1A,2024-08-13 20:12:55,1,,Colombia
D-380a8edd6a2e,ANDROID,Android 9 (SDK 28),2020-01-09 07:43:10,1,0,CL
D-3e84a5e82559,android,Linux x86_64,2020-12-05 08:16:09,1,0,VE
D-3802ef6edfe2,android,Linux x86_64,2019-05-13 15:07:25,1,,cl
D-571baeb9b4d4,android,Android 13,2019-10-14 10:11:22-04:00,1,0,PE
D-96662b35e9c7,android,Android 14; SM-A546E Build/UP1A,2023-01-08 16:06:15,1,0,COLOMBIA
D-4b9089bdf419,Web,Android 14; SM-A546E Build/UP1A,2024-01-11T11:03:17Z,1,,US
D-2b1435538c59,web,Linux x86_64,2020-05-11 07:19:30-04:00,1,0,BR
D-5f3550897846,ios,Android 9 (SDK 28),2024-09-12 03:58:23-04:00,1,,CHILE
D-33b81ea8e1fd,android,Android 14; SM-A546E Build/UP1A,2025-04-15T02:30:52Z,1,0,CL
D-34a7687778b5,ios,iOS 17.5,2026-04-10T06:12:28Z,1,,CL
D-a15606a146b6,Android,Android 9 (SDK 28),2025-04-21 10:53:10-04:00,1,,AR
D-cac09fbfbe9c,Android,Linux x86_64,2019-11-04T06:01:48Z,1,,PE
D-4d93b9692c40,web,Windows NT 10.0,2019-04-19 00:35:05,1,, CL
D-6e81ddb3b9a5,web,iOS 16.7,2021-10-12 19:34:34,2,,AR
D-9420183ff3af,ios,Android 9 (SDK 28),2020-04-18 09:17:48,1,,CL
D-a76232e3cbb2,ios,iOS 17.5,2020-08-10 15:14:44-04:00,1,,CL
D-040a64ae1ba1,android,iOS 17.5,2021-01-18T21:00:46Z,1,,CL
D-1fe2d32c9f93,IOS,Android 13,2022-09-17 05:41:32,1,1,CL
D-b84ac00a7ef7,web,Linux x86_64,2023-03-25T20:17:14Z,2,,AR
D-347ef04a8fe3,ios,Windows NT 10.0,08/09/2022 15:07,1,,PE
D-cbc79ecca717,android,,2021-03-14T04:36:03Z,5,,VE
D-857363e850d2,android,Android 13,2019-09-11T04:56:14Z,1,,CL
D-3349d95303ef,ANDROID,Linux x86_64,22/03/2024 12:46,2,0,CL
D-27033bd25c01,ios,Android 14; SM-A546E Build/UP1A,2026-03-29 00:01:08,1,1,CL
D-f15c489dd65d,pos,Android 14,2025-05-30 01:09:14,1,,CL
D-29d8abd8bae8,web,iOS 17.5,2021-01-08T18:53:53Z,4,,BRASIL
D-7cd823ba6d78,ios,iOS 17.5,2021-11-28 11:18:32,1,0,CL
D-a9526cfa1d4b,android,Android 14; SM-A546E Build/UP1A,2022-05-31T11:46:31Z,1,,CL
D-ae6fc19053a8,android,Mac OS X 10_15_7,2019-08-11T17:49:26Z,2,,VE
D-a16574e66d74,web,Windows NT 10.0,2025-10-24 16:51:42,2,0,cl
D-7c71c4eff1a9,android,,2019-11-12 04:01:56,1,,CL
D-0356cdc89985,android,iOS 16.7,2024-09-20T10:08:24Z,1,,CL
D-306a7b4b3847,ios,Android 9 (SDK 28),2026-03-06T22:44:20Z,1,,CL
D-45bb3e5b2ee1,web,,2022-05-14 12:52:53,1,,chile 
D-08bf9dea4245,android,Android 13,2021-11-22 04:07:45,6,,CHILE
D-4555ee9376c3,android,Android 13,2022-08-17 11:27:05-04:00,1,0,CL
D-4cb071ecac38,web,iOS 17.5,2022-08-23 01:19:40,2,,CL
D-802f1c4862d1,ANDROID,Windows NT 10.0,2020-05-16 12:33:22-04:00,1,0,CL
D-44da778a640b,android,Android 13,2023-03-06 02:06:14,1,0,CL
D-9c3c46f85a89,ios,Mac OS X 10_15_7,2023-09-14 22:28:43,1,0,CHILE
D-e50fd96e0599,web,Android 9 (SDK 28),2022-10-08 10:27:12,1,,CL
D-34712633e19d,android,Linux x86_64,2026-04-30 15:23:06,1,,CL
D-ec298d7c5c81,ANDROID,Linux x86_64,2025-12-21 12:10:10-04:00,1,,BR
D-35c1bae291e0,web,Android 14,2024-02-06 11:03:27-04:00,1,0,cl
D-dbc24f4dbe46,ios,Android 9 (SDK 28),2024-11-03 23:32:26,1,0,CL
D-e1d11b631257,android,iOS 17.5,23/07/2024 23:51,1,,CL
D-1ea5976fd6fa,android,Mac OS X 10_15_7,2020-10-27T17:52:40Z,1,,CL
D-99dea893f2fb,android,Linux x86_64,22/03/2022 22:25,1,,CL
D-74a2ed183875,Web,Mac OS X 10_15_7,2023-05-12 02:00:52,5,,CL
D-8c434f88c21a,ios,Android 9 (SDK 28),2020-01-01T00:15:42Z,1,,BR
D-2f4884521697,android,Android 14,2021-02-12 02:10:23,1,,CL
D-59268661b57c,ios,Android 14,2022-08-04 14:28:29-04:00,1,,CL
D-60d7f2cdfdc2,android,iOS 16.7,2026-04-25T12:32:05Z,2,,CL
D-281067983c7e,IOS,Android 13,2025-07-30T11:37:18Z,1,0,CL
D-5dc541a7f582,web,iOS 16.7,2020-10-26 07:20:11,1,,CL
D-a586379aa2ac,ios,Windows NT 10.0,2020-08-09 11:44:42,1,,CL
D-67ad1557db60,web,Android 14; SM-A546E Build/UP1A,2022-11-12 06:40:50-04:00,3,0,chile 
D-5c4fd0422178,ios,Android 14,2019-03-31 17:07:17-04:00,1,0,chile 
D-439176c8f35d,ios,Windows NT 10.0,2022-12-12 15:39:44-04:00,1,,COLOMBIA
D-a62c2ba60c63,android,iOS 16.7,2023-05-16 04:06:14-04:00,1,,CL
D-902d7f6c696f,web,Android 14; SM-A546E Build/UP1A,2024-08-17 18:42:09,1,0,AR
D-75c62cb87a0f,ios,Android 14,2023-05-29 11:09:56-04:00,1,0,CL
D-22f52cdb90cf,web,iOS 17.5,2020-07-03 07:06:06,1,,CL
D-b398bbbba777,ANDROID,Android 14; SM-A546E Build/UP1A,2023-06-25T02:22:52Z,1,,CHILE
D-42b9062058f8,ios,iOS 17.5,2025-06-29T10:39:00Z,1,0,CL
D-e33fba456f56,ios,Android 13,2025-12-18 13:03:26,1,,CL
D-904aa28f8aab,android,Mac OS X 10_15_7,2019-10-14 07:27:32-04:00,2,,CL
D-787aed2f7ccc,ios,Android 14; SM-A546E Build/UP1A,2021-05-11T10:59:24Z,6,,US
D-cc763a6b0ba6,ios,Android 9 (SDK 28),2021-05-18 01:10:35,1,,US
D-7da41b610f28,WEB,Android 9 (SDK 28),2022-09-23 09:30:58,1,,CL
D-8f50f74eaa1e,ANDROID,Mac OS X 10_15_7,11/02/2022 09:30,1,,cl
D-207373a5d59f,android,Android 13,2025-01-05 17:10:05,2,,Peru
D-4107dc73abdb,ios,Linux x86_64,25/10/2025 03:26,3,0,CHILE
D-6e988fef9c5f,ios,iOS 17.5,2019-07-16 04:53:54,1,0,CL
D-e1d70b794650,ios,,2024-05-08 01:41:25,1,,PE
D-19a68a100b1f,Android,Linux x86_64,2024-12-12 16:08:48-04:00,1,,CL
D-696391e688b2,web,iOS 17.5,2021-04-13 06:19:37,1,0,CHILE
D-f3551f1d0a6b,android,Android 9 (SDK 28),2023-04-10T16:51:05Z,1,,CL
D-1760c879b6c2,android,Android 14; SM-A546E Build/UP1A,2019-12-16T19:58:19Z,1,,PERU
D-9b2a36137744,web,Mac OS X 10_15_7,2024-10-29 12:24:41-04:00,1,,CL
D-3a31a0e3153b,web,Android 9 (SDK 28),2020-05-01 13:22:56,1,,RU
D-b70214a72e79,ios,iOS 16.7,2021-07-08 01:03:52-04:00,1,,CL
D-4c3f87f2521b,ios,iOS 16.7,2025-08-04T00:30:13Z,2,0,CL
D-03abaab9454d,ios,iOS 17.5,2024-06-20 11:23:55,1,,CL
D-a784fe966290,android,Android 9 (SDK 28),2024-05-23 15:32:08-04:00,1,,CL
D-2c0bb6ec4ec6,android,Android 14; SM-A546E Build/UP1A,2020-09-07 12:12:11,6,,CL
D-a20ec4d42822,ios,iOS 17.5,2026-06-11 16:49:50,1,,CL
D-665c837f35b0,ios,iOS 17.5,2021-09-07 16:36:56,1,,CL
D-78b7ccc4144b,android,Android 13,2023-05-01 01:32:44,1,0,CL
D-9aa95ca82df2,android,iOS 17.5,15/03/2020 08:15,1,0,CL
D-fe121ceced8c,ios,Android 13,2025-12-01T23:55:04Z,28,,CL
D-99e036339fd8,android,Mac OS X 10_15_7,07/01/2025 22:11,1,0,CL
D-e446f898fd19,android,Mac OS X 10_15_7,2020-08-23 03:59:24,2,,CL
D-46e255c7e8e2,android,iOS 16.7,2023-07-12T15:28:49Z,1,,CL
D-d6fc4717c1e0,ANDROID,,2026-05-10 09:11:35,1,0,CL
D-a667ebbf87a3,web,iOS 17.5,2020-11-19 22:21:34,2,0,chile 
D-192a116e4caa,ANDROID,Android 13,2025-01-19T17:13:16Z,1,0,CL
D-9b0aa7b1bf16,android,Android 9 (SDK 28),2025-01-18T20:04:49Z,4,,CHILE
D-da477cab4c96,Android,Mac OS X 10_15_7,2024-07-19T20:43:31Z,2,0,CL
D-84e25a649bd7,web,Android 14,2022-06-27 22:24:30-04:00,2,,CL
D-949dda0741b3,android,Android 13,2021-11-21 08:28:13,2,,VE
D-8aa75633a116,android,iOS 17.5,2021-10-11 06:11:15,2,0,CO
D-1ccfe2856dab,android,,10/07/2021 10:03,2,,Russia
D-5d90d6aa8c7b,android,Linux x86_64,2022-12-18 02:17:06,1,,COLOMBIA
D-f7aa1deac631,android,Android 14,2025-07-06T23:53:00Z,1,,CL
D-c185efdadd17,ios,Android 9 (SDK 28),2019-10-04T12:01:13Z,1,0,Chile
D-48de38f3ed63,WEB,iOS 16.7,2020-11-13T21:15:37Z,1,,CL
D-017daec05073,ios,Windows NT 10.0,2024-03-23 00:37:53,1,,CL
D-14a66166b9ad,Web,Windows NT 10.0,2021-02-20 05:19:59-04:00,1,,CL
D-e7b235967506,ANDROID,Mac OS X 10_15_7,2022-09-12T13:06:25Z,1,,CL
D-b11e0d254900,ANDROID,Windows NT 10.0,2021-10-19 02:03:52,1,0,CL
D-c1fa5d930221,ios,Android 13,2022-05-11 04:46:37,1,,CL
D-db3c08303c80,pos,Mac OS X 10_15_7,2020-05-19 02:00:15,1,0,RU
D-09aab22fbfa7,pos,Android 14,2025-06-25 17:06:57-04:00,1,0,CL
D-3a317ebe13c6,Web,iOS 17.5,2023-11-11T18:22:30Z,2,,CL
D-6f6279a12d64,ANDROID,iOS 17.5,22/05/2020 10:50,6,,CL
D-971a8cda0aeb,ios,Linux x86_64,2020-08-20T03:01:28Z,1,0,CL
D-9a2f63ef4072,ios,iOS 17.5,2022-02-20T17:37:50Z,1,,CL
D-56e6be2269b5,android,Android 14,2019-10-06 14:02:08-04:00,1,0,Chile
D-d4c09038c193,web,Linux x86_64,2025-02-15T08:55:24Z,1,,CL
D-2d72b066a7ab,ios,Windows NT 10.0,07/01/2024 18:38,1,,CL
D-a8a024df37fc,ANDROID,Windows NT 10.0,2022-06-20T21:12:54Z,1,0,CL
D-f9c6a64b9bdc,ios,Android 14; SM-A546E Build/UP1A,2022-04-27T00:03:43Z,5,0,CHILE
D-ee72ba99e0c8,web,Android 14; SM-A546E Build/UP1A,2024-10-26 22:22:35,1,,CL
D-8ba99cd0d225,android,,2023-11-23 12:13:19,2,0,CHILE
D-77dad8a52fba,web,Android 14,2024-01-25 08:16:48,1,,CL
D-6a80d2956d75,android,iOS 17.5,2024-11-09 21:49:45,1,,CL
D-2738be9d0a65,pos,Android 14,2022-03-01T20:39:56Z,1,,PE
D-8de6ec58c64d,Ios,Android 13,2023-09-09 01:40:27,2,0,CL
D-6ac1ded7b622,web,Windows NT 10.0,2020-08-17 01:16:00,1,,CL
D-a86997c242fc,web,,2025-02-09T04:35:38Z,1,,CO
D-40ca0849324c,android,Linux x86_64,2020-09-04T10:19:37Z,1,,PE
D-c09184d5424c,web,Mac OS X 10_15_7,10/06/2023 23:19,2,0,CL
D-57c749628c42,IOS,,2020-01-03T00:25:08Z,6,,CL
D-10790ba5d3f7,ANDROID,Android 9 (SDK 28),2019-01-11 09:28:57,1,,CL
D-a0e288c25a0a,web,Android 13,2022-04-11 01:48:25,2,,CL
D-f2191e05b4a2,ios,Linux x86_64,2020-06-12 19:13:43,2,,CL
D-6760a75777b1,ANDROID,Android 13,2023-09-29 13:31:14,1,,Chile
D-f94a96bee295,Android,iOS 16.7,2020-10-24 05:35:17-04:00,1,,CL
D-e360bfb9d850,android,Android 13,2024-10-15 22:22:55,1,,CL
D-a4cb8fd9fb08,android,iOS 17.5,2021-08-02 01:04:00,2,,CL
D-34536ce209cb,web,Windows NT 10.0,2021-09-30 12:21:14,1,,US
D-faacd557095a,ios,Windows NT 10.0,09/06/2023 12:31,1,0,CL
D-2097f6ccbf7f,pos,,2025-01-05 13:08:25-04:00,1,,CL
D-164cc592aaec,IOS,Android 9 (SDK 28),2024-04-30T12:37:30Z,1,,CO
D-597987a3e1e4,ios,Android 13,25/08/2019 09:58,1,,CL
D-d8fc4286eae4,ios,Windows NT 10.0,2026-03-30T07:48:29Z,2,0,CL
D-d80cc6f0448f,android,iOS 17.5,2020-07-19T17:23:25Z,6,0,Estados Unidos
D-e93d67b21bce,web,Windows NT 10.0,2026-04-26 14:29:56,1,1,CHILE
D-128b31bb5c07,web,Windows NT 10.0,2024-02-25 13:36:00,1,,CL
D-881c5b56e6a1,ios,Mac OS X 10_15_7,10/02/2020 10:07,1,,CHILE
D-ab124b0b2005,POS,Linux x86_64,2023-11-27 04:13:03,1,,PE
D-d082151170ff,IOS,Android 9 (SDK 28),2024-09-24 18:19:58,1,,CL
D-0477b1c4adc5,Android,iOS 17.5,2021-07-06 15:43:55-04:00,4,,CO
D-07a7c41248e4,WEB,Linux x86_64,2019-08-19T06:46:12Z,1,,CL
D-5bdfb8e2b0c5,ios,,2021-02-12 15:26:42,1,,CL
D-ac0b4838552e,android,Linux x86_64,2025-07-01T19:39:30Z,6,,CL
D-dff3455001ba,android,iOS 16.7,2023-11-17 03:28:48,3,,CL
D-efd9750fca35,android,Android 14; SM-A546E Build/UP1A,2025-03-23 10:28:48-04:00,2,,CL
D-5bf18bff76f5,web,Android 13,2023-09-22 14:45:51,1,,CL
D-7d870cafc073,android,,20/01/2026 08:19,1,0,CL
D-41048819b0f3,android,Mac OS X 10_15_7,2022-09-28 20:17:06,34,,CL
D-bd0b3f071382,Android,Android 9 (SDK 28),2020-01-10 14:50:45,1,,Russia
D-fca47c92754f,IOS,Android 14,2021-06-17 12:51:03,1,0,RU
D-b14a29364a42,Android,Android 14; SM-A546E Build/UP1A,17/09/2020 14:30,1,,CL
D-2c18bbf26cd4,ANDROID,iOS 17.5,2025-12-02 18:21:00,1,,CL
D-57838a91cbde,ios,Windows NT 10.0,2025-07-13 21:48:37,1,0,BR
D-dad45ba22299,android,iOS 16.7,2025-09-24 07:31:39,1,,CHILE
D-3901d6945008,ios,iOS 17.5,2024-06-27 06:45:16,5,,Chile
D-c699a65f0365,android,Android 14,2022-12-04 16:20:17-04:00,2,0,CL
D-bd58b7367a92,android,Mac OS X 10_15_7,2019-12-31 00:41:31,6,,CL
D-bd4eed8d8e47,android,Mac OS X 10_15_7,2022-01-07T07:44:42Z,1,,CL
D-f4cb0ce68f41,web,Mac OS X 10_15_7,2023-11-11 06:51:59,3,,CL
D-88992baac3df,android,Android 14; SM-A546E Build/UP1A,2023-07-29 00:00:05,1,,CL
D-fbb9e88e2548,ios,Android 14,29/07/2019 21:49,1,,Brazil
D-7d716368ee9e,ANDROID,iOS 16.7,2019-06-02 03:26:48,1,1,CL
D-8548df00c601,web,,2020-05-30T20:01:56Z,1,,COLOMBIA
D-9128dbebd2ce,android,iOS 17.5,2025-11-05T01:58:37Z,1,,EEUU
D-87144e298ea1,WEB,Android 14; SM-A546E Build/UP1A,2021-05-02 21:06:32-04:00,1,,CL
D-f2331901c6c6,android,Android 9 (SDK 28),2019-07-06 18:37:35-04:00,1,,chile 
D-9ba46e1db28b,android,Linux x86_64,2022-04-15 17:48:48,2,0, CL
D-c63840c29d12,android,iOS 16.7,2024-11-26T15:16:51Z,1,1,CL
D-59a06c3b5f8c,Android,Android 14; SM-A546E Build/UP1A,2024-11-11 10:01:24,2,0,CL
D-36ca0b41b39f,pos,Android 9 (SDK 28),2026-01-27 08:20:29,1,,BR
D-aa93d5ff534e,pos,iOS 16.7,2023-05-22 13:37:23-04:00,1,,CL
D-1658a36b718d,android,Android 9 (SDK 28),2022-07-21 08:06:38,1,,Chile
D-4c58432ccbc8,android,iOS 17.5,2023-08-31 05:47:37-04:00,5,, CL
D-78409b016a8c,android,iOS 17.5,2022-01-10 05:27:22-04:00,1,,CL
D-12ec526af2f7,android,,2019-10-16 19:43:51,39,,NG
D-e3a12f6d93ac,Web,Mac OS X 10_15_7,22/07/2023 23:58,1,,CL
D-0ecb6d098e78,android,Android 14,2022-09-12 05:56:17-04:00,2,,BR
D-613870c74aca,web,Android 14; SM-A546E Build/UP1A,2023-02-16 07:52:24,1,0,cl
D-aa13528753ff,ios,Android 13,2020-06-10T10:03:19Z,1,0,CL
D-461afaca63c9,android,Mac OS X 10_15_7,2026-02-23 22:36:56,3,,CL
D-c5eca60bf757,IOS,Android 14,2022-10-01 19:22:20,1,,chile 
D-68cc114e79e5,ios,Android 14,2021-01-06 13:17:11,1,,CL
D-b31dca7c2f87,android,,2025-08-21 04:40:25,1,,CL
D-0171d9c19f91,web,iOS 17.5,01/11/2025 21:03,1,,CL
D-941646ccb6e4,android,Android 9 (SDK 28),2023-03-18T01:36:50Z,2,,AR
D-fe294270eb26,android,Android 13,2022-05-05T21:45:38Z,1,,CL
D-cf7d39234d1c,web,Android 14; SM-A546E Build/UP1A,2023-01-29T16:32:41Z,1,,CL
D-d12256288230,ios,Android 9 (SDK 28),2023-01-12 20:42:05,1,,CO
D-35cbb8343449,web,Mac OS X 10_15_7,2025-01-26 08:52:55,2,0,CL
D-49a3d33636e6,IOS,Mac OS X 10_15_7,2026-01-02 23:40:54,1,,CL
D-3beb13ec24dc,android,Windows NT 10.0,2025-11-16 16:32:37,1,0, CL
D-4470189945b1,android,Android 14,2022-11-07T12:26:32Z,1,,CL
D-587a08a42a7a,Ios,iOS 16.7,21/12/2020 11:28,1,,US
D-290a10b3eabd,ANDROID,Android 14,2020-08-21T14:38:50Z,1,,AR
D-18b064318fac,ios,Mac OS X 10_15_7,2022-12-16T06:34:16Z,1,0,CL
D-5f6be775c66b,ios,,2020-04-13 22:09:24-04:00,1,0,AR
D-23e5be7a6a9e,Android,Android 14; SM-A546E Build/UP1A,2023-01-16 14:02:15,1,,Chile
D-e066d1b42a28,ios,Windows NT 10.0,2023-02-01 10:16:23-04:00,1,0,CL
D-626ec64eb11a,android,Android 9 (SDK 28),18/01/2022 09:32,1,0,CL
D-51e7c5e4c4d5,android,Android 14,2019-01-29T18:32:21Z,1,,CL
D-a260ffad30a4,ios,Android 9 (SDK 28),2025-03-26 17:13:50,1,1,cl
D-5d9348e9568c,ANDROID,iOS 16.7,2025-09-05T21:26:58Z,1,,CL
D-3db513f47a79,Web,Android 14; SM-A546E Build/UP1A,2022-02-04 19:43:30,2,,cl
D-bba7688dd57a,web,Android 14; SM-A546E Build/UP1A,2023-06-30T07:44:19Z,1,, CL
D-eea8e63e92d5,web,Android 9 (SDK 28),2019-12-07 17:06:56,1,0,CL
D-3b3c88941939,android,Android 13,2022-12-08T19:42:05Z,1,,VE
D-51f1946ceccf,web,Android 14; SM-A546E Build/UP1A,2019-09-21 13:47:22,2,0,Nigeria
D-7b13b8c583a0,IOS,Android 13,12/03/2025 02:27,1,,CL
D-7df5f2c76e9f,android,Android 9 (SDK 28),28/02/2021 17:08,2,,CL
D-53a9a7435ca7,web,Android 14; SM-A546E Build/UP1A,2020-06-06 14:52:50,1,0,Chile
D-391cfa2bc1a9,ANDROID,Android 13,2023-09-05 13:54:40,1,0, CL
D-89c3599e7812,Pos,Android 13,2019-04-06T03:16:54Z,1,,US
D-2a4bd7085d75,pos,Windows NT 10.0,2021-12-12T10:23:55Z,1,,CL
D-83636b8f831d,pos,Linux x86_64,2024-08-09 17:35:01,1,,CL
D-9bda5540c5ef,web,iOS 17.5,2026-03-02 10:41:31,1,0,CHILE
D-e9b6bdb5dd86,Ios,iOS 16.7,2020-10-02T10:16:23Z,1,1,CL
D-78f8db83bfaf,ios,Linux x86_64,2025-10-01 06:03:03,1,,CL
D-e24a244a2217,ios,Mac OS X 10_15_7,2024-12-18T15:02:21Z,1,,CL
D-2a7e2974a845,ios,Android 14; SM-A546E Build/UP1A,2022-12-12T08:24:37Z,1,,CL
D-eb827104cf0b,android,iOS 16.7,29/03/2019 10:10,1,,cl
D-99b0f547c1d3,ios,iOS 16.7,2023-08-22T11:13:46Z,1,,CL
D-97f11c80a52d,web,Windows NT 10.0,20/02/2019 02:03,1,1,CL
D-c2b30e643061,web,Windows NT 10.0,06/10/2019 10:28,1,0,CL
D-ff5e06db165c,android,iOS 16.7,2019-06-18T18:46:32Z,1,,CL
D-f9329ecd678e,IOS,Android 14,2023-04-16T13:52:55Z,2,0,chile 
D-6e38b5f135cc,web,Android 9 (SDK 28),2019-10-07T10:15:38Z,2,,Chile
D-bf89dd740b20,web,Android 14; SM-A546E Build/UP1A,2024-03-02T20:04:01Z,1,,CL
D-3a1c17a77859,ios,iOS 16.7,2021-05-05 17:04:58,1,,CL
D-87c1a1d69e29,ios,Linux x86_64,2022-11-18 06:34:17,1,0,CL
D-86f3402f872d,android,Linux x86_64,2020-01-25T04:00:08Z,1,0,AR
D-17623a3205d3,ANDROID,iOS 17.5,2021-09-19 08:23:43,5,,CL
D-22c7def1f27a,ios,Android 14,2023-11-15 00:01:16,1,,cl
D-a117e6425aa4,ios,Linux x86_64,2020-10-06 02:38:01-04:00,1,,CL
D-712b14c16b8c,android,Android 14,2023-03-31 17:43:11,1,,Brasil
D-88ecb2939203,android,Linux x86_64,2025-12-17T11:42:17Z,1,0,Perú
D-181663797909,ios,iOS 16.7,2026-04-29 14:52:09,2,0,CL
D-bc163db18395,android,Android 14; SM-A546E Build/UP1A,2025-12-11 08:21:48,1,1,CHILE
D-81d8af698b73,android,Mac OS X 10_15_7,2026-07-09 15:32:58,1,,chile 
D-96d6eb9695d5,ios,Android 14,2021-12-26 04:43:56,1,,BR
D-dd406cfaa606,web,,2025-10-31T00:20:02Z,2,,Estados Unidos
D-a2ac1fcfc349,android,Windows NT 10.0,2022-01-21 13:34:46,1,,CL
D-466972969d6b,android,Android 13,2023-11-10 20:51:02,1,0,CL
D-81378caeced8,ANDROID,iOS 17.5,2021-04-10T03:25:02Z,1,,NG
D-93fac5d9e37a,Android,Mac OS X 10_15_7,22/05/2023 22:35,1,0,CL
D-4bddbd49faf5,ios,Mac OS X 10_15_7,2020-02-20 01:16:13,1,,PE
D-5ccdcd731c77,ios,Android 14; SM-A546E Build/UP1A,2019-12-02T17:28:51Z,2,,CHILE
D-b44afb481c8c,ios,iOS 17.5,2023-11-11 00:01:57-04:00,2,,CL
D-9d5c9a3b085a,android,Android 9 (SDK 28),2021-08-12T01:42:09Z,1,,Brasil
D-d2a158f6a39a,Ios,iOS 16.7,2019-11-29 04:51:15,1,,CL
D-d630710a4155,web,Android 14; SM-A546E Build/UP1A,2022-06-20 16:10:12,19,,CL
D-c6c4f8f9ad8b,android,,2026-02-28 13:09:55,2,,CL
D-ae3979e50105,web,iOS 16.7,2019-04-28 12:16:05,1,,RU
D-c31ff0149ff1,android,Mac OS X 10_15_7,2019-04-25 18:30:41-04:00,2,0,Nigeria
D-90d80361b7c2,pos,Windows NT 10.0,2025-01-19T17:31:13Z,2,,CL
D-e4aca7db0706,android,Linux x86_64,2023-04-21 07:59:49,2,1, CL
D-e682f17567f5,web,Android 14,2023-05-19 16:32:02,5,, CL
D-b867bbec7f70,ios,Android 14,2021-10-19 21:16:34,1,0,CL
D-266ace8620c0,android,,2025-06-23 11:28:15,1,,PE
D-113663402723,android,iOS 17.5,2020-04-24T02:36:30Z,4,,CL
D-62d8f6af4d96,web,Android 13,2023-08-14 08:04:21-04:00,2,0,AR
D-2297719430d8,android,Linux x86_64,2023-11-03 05:23:27,2,,CL
D-b82fdb81f971,web,Android 9 (SDK 28),2019-05-23T19:15:11Z,3,0,Venezuela
D-b6fc6c41ad07,android,Android 9 (SDK 28),17/03/2025 06:57,1,,Venezuela
D-6f17510944c5,ios,Windows NT 10.0,2020-07-01T18:56:04Z,1,,CL
D-e14e8cd3e29b,web,iOS 17.5,2026-01-30T05:10:41Z,1,,CL
D-ffdb1ff066fa,android,Android 14,2023-06-15 06:10:26,1,,CL
D-6f580b78934d,android,Linux x86_64,2025-11-01 14:25:37,1,,CL
D-5036b05cdb72,android,Android 14,2022-11-24 21:22:56,1,,CL
D-63db375f376c,android,Android 9 (SDK 28),2023-09-10 17:56:32,2,,CL
D-6131a24ebbb1,ios,Mac OS X 10_15_7,2019-07-07T09:14:22Z,5,0,CL
D-188bfe6550f8,ios,Android 14; SM-A546E Build/UP1A,2023-06-27 07:23:39,1,,CL
D-c84b369f3a49,WEB,Linux x86_64,2026-06-26 05:27:24,1,1, CL
D-d3a4dde8f46f,android,,2019-10-03 04:07:13,1,0,CL
D-8fbbe957aeaa,android,Windows NT 10.0,13/02/2021 17:35,1,,CL
D-4c332253c1ed,android,iOS 17.5,2023-11-09T05:13:30Z,1,,CL
D-e463df93bed2,Android,Android 14; SM-A546E Build/UP1A,02/06/2022 13:33,2,0,CL
D-206843cc02f6,android,Mac OS X 10_15_7,10/04/2020 23:06,1,,CL
D-7ad7f1df5051,ios,iOS 16.7,2026-06-25 07:46:56-04:00,1,,CL
D-2e17958b7558,web,Android 14,2019-07-27T08:06:24Z,2,,CL
D-9cfc66826aa4,android,iOS 16.7,2022-07-28 22:43:24,1,,cl
D-6fd41027fe5c,android,,2020-02-07 23:11:41-04:00,1,,CL
D-e399b8874d7a,web,Android 14,2022-12-31 02:22:59-04:00,1,,Brazil
D-ff82b3427a54,android,,2021-10-16 12:37:28-04:00,2,1,EEUU
D-3210a582c660,ANDROID,Android 14,2019-04-20 00:18:20-04:00,1,0,CO
D-ccb3baf363b7,android,Android 13,2023-02-07 07:45:26,4,,CL
D-793bedad07a5,android,Android 14; SM-A546E Build/UP1A,2025-06-05 21:48:15,1,,CL
D-0e08e975d8ee,ios,Android 9 (SDK 28),2023-04-24T18:37:15Z,1,0,CL
D-3e9e3d773881,android,Android 14,2019-09-10 11:05:04-04:00,1,,CL
D-10467e325b64,ios,Linux x86_64,2021-04-14 17:10:49-04:00,2,,CL
D-071367459c59,ios,Mac OS X 10_15_7,2020-09-19 17:56:59-04:00,1,0,CL
D-c5d7a75d6a1a,ANDROID,Windows NT 10.0,2020-06-28 03:42:26-04:00,1,0,CL
D-3926bc873279,web,,2022-03-24 17:15:38-04:00,1,,CL
D-db5beda12297,android,iOS 17.5,2021-01-11 12:58:56-04:00,1,,CL
D-05f9cb0c586e,ANDROID,Linux x86_64,2024-08-17 22:30:46,1,0,chile 
D-2a4f8ab8ea1f,android,iOS 16.7,2021-07-23T06:27:40Z,2,0,CL
D-18ce8df9844b,web,iOS 17.5,2024-06-14 04:27:09-04:00,1,,CL
D-f6c1b69d2c78,web,Android 13,2025-01-23 12:50:54,2,,CL
D-bd84c5440fa9,ios,Mac OS X 10_15_7,2021-02-11T08:29:11Z,6,,CL
D-c040b86124a0,web,Android 9 (SDK 28),2025-06-23T18:30:58Z,2,0,Argentina
D-c34e414bbc7a,android,Mac OS X 10_15_7,2020-06-20 22:04:43,1,1,CO
D-2095c677f2a3,WEB,Mac OS X 10_15_7,27/06/2026 13:37,1,,Chile
D-46fcf7d8e804,web,iOS 17.5,2021-10-30 06:37:39,1,0,COLOMBIA
D-749c2bb85247,ios,Android 14; SM-A546E Build/UP1A,2022-01-28 23:31:52,1,, CL
D-e3048837a5c5,Ios,Android 13,2024-06-30 22:35:22,2,,CL
D-5c7d169487f7,web,Android 14,13/02/2020 00:06,3,,CL
D-aae8afa3f9d4,IOS,Windows NT 10.0,2025-03-04 11:22:29,1,,CL
D-ef6b69b93fa8,web,Mac OS X 10_15_7,2022-06-12T05:03:32Z,1,,CO
D-cd8750c870df,android,,2025-06-06 02:39:43,20,,CL
D-63ed057dc4b6,android,Android 14,2023-11-17T08:57:30Z,1,0,CL
D-90bf4227e7af,web,Mac OS X 10_15_7,2022-03-11 17:40:15,1,,CL
D-8d4106a51131,android,Linux x86_64,2019-07-02 17:51:56-04:00,7,,CL
D-bf94861e6d95,ios,,2020-12-10T19:58:15Z,1,,CL
D-bcf2f13db2d2,Ios,Android 14; SM-A546E Build/UP1A,2019-12-30 18:54:19-04:00,1,0,Peru
D-1c7ae2c2a98b,Ios,Windows NT 10.0,2019-01-17 22:57:43-04:00,1,,CL
D-3272bbbd36c7,android,Android 13,2020-10-24 19:01:25,1,,Colombia
D-891b0e12acdd,android,,2022-09-14 13:16:49-04:00,1,,US
D-a048ff8ebad8,ANDROID,Linux x86_64,22/07/2026 00:22,1,1,PE
D-e21f3df7022b,pos,iOS 17.5,2023-10-20 02:58:57,1,,CL
D-8516386287e5,web,Android 13,2026-03-22 02:43:32,1,1,CL
D-ec87a029ba23,ios,Linux x86_64,2021-02-16 11:37:52,2,, CL
D-e1802db73db5,ANDROID,,2026-06-24T23:42:15Z,2,0,CL
D-016f6b29a7da,Web,,2025-10-08T13:48:06Z,4,0, CL
D-26f9cf6d1c22,android,Android 13,2022-06-09T11:48:27Z,1,,CL
D-36b768616eb2,web,Android 14,2023-09-11 14:10:44,1,,CL
D-60eca6718e07,ios,Mac OS X 10_15_7,2020-04-23T01:05:43Z,2,0,Chile
D-cb787ed7f31f,ios,,07/03/2020 05:07,1,,CL
D-fa7c7c4f4791,web,Android 14; SM-A546E Build/UP1A,2024-08-09 02:12:53,2,,CL
D-c414671bc7f1,ANDROID,Linux x86_64,2026-05-14 08:53:26,1,1,chile 
D-90e26eeafc12,ios,,2023-09-10T01:17:59Z,1,,US
D-afde8a908ca3,WEB,Linux x86_64,2019-05-06T03:12:32Z,2,,chile 
D-52068e0c1d57,ios,Android 9 (SDK 28),2026-06-14 17:18:50-04:00,1,0,CL
D-dd7de5ee568f,ios,Mac OS X 10_15_7,15/01/2024 03:02,1,,Perú
D-6dd6b174e7c8,pos,iOS 17.5,2019-05-18 12:40:47,1,,VE
D-dc2b52bb387b,android,Android 14,30/12/2023 11:06,7,0,RU
D-d08c999ac3aa,ios,,2022-01-08 17:27:55,1,, CL
D-c99e54ef2597,Pos,iOS 16.7,2024-09-17T20:20:53Z,1,,VE
D-5931a1a962da,web,Android 14; SM-A546E Build/UP1A,2020-02-03 22:24:20,4,,CL
D-4830a67ad6f3,android,Android 14,2019-01-20 01:03:30-04:00,19,,CL
D-edfbb562e1cb,pos,,2019-03-28 07:44:55,1,0,CL
D-4e847a42735f,POS,,2023-10-06 19:35:27,2,0,CL
D-d67f48157601,ios,Linux x86_64,2019-10-17 15:15:01-04:00,1,,CL
D-4b2633d963d1,ANDROID,Android 14; SM-A546E Build/UP1A,2020-05-14 02:54:10,5,,CL
D-034471ec8fca,android,Android 9 (SDK 28),2021-10-08T06:28:54Z,1,,CL
D-af03f3338a42,ios,Android 14; SM-A546E Build/UP1A,2022-01-27 18:22:43-04:00,1,0,CL
D-4d741083a855,android,iOS 17.5,2024-09-15 08:53:20,2,, CL
D-39a63fd731d4,ios,iOS 17.5,2022-08-31 16:41:45,2,,CL
D-2c30f661e601,ios,,2026-03-10 14:24:05-04:00,1,0,BR
D-804cfa0aa4d7,android,Android 14; SM-A546E Build/UP1A,2024-02-22 15:56:45,1,,CL
D-a965a05c2e86,ios,Windows NT 10.0,2019-02-16T19:50:50Z,1,1,AR
D-4f7cab0a7696,web,iOS 16.7,2025-10-07T01:12:40Z,1,,CL
D-e8b5b14c6cc5,Web,Android 9 (SDK 28),23/05/2024 19:00,21,,CL
D-7c98fa7f9b99,android,iOS 17.5,2022-12-20 15:24:17,1,,BR
D-7b84db7b52e5,Ios,Mac OS X 10_15_7,2024-06-17 04:57:39,1,0,CL
D-7f7749886913,android,iOS 17.5,2025-07-26 16:36:31-04:00,1,,PE
D-9f897456492c,android,Windows NT 10.0,20/09/2025 10:42,1,,CL
D-e811fb284301,ANDROID,Linux x86_64,2020-10-05 11:57:52,1,0,CL
D-eb303c7c777a,ios,Android 9 (SDK 28),2023-10-28 20:38:56-04:00,1,,cl
D-157dec8c145f,Android,iOS 17.5,2024-09-15 17:28:27-04:00,1,,CL
D-abba7fb23371,android,iOS 16.7,2023-08-23T00:30:06Z,1,,AR
D-0a6f13a2473e,ios,Android 14,2025-10-08 05:39:46,1,,CHILE
D-bf357bc8a3e8,web,Windows NT 10.0,2025-02-09 02:54:19,1,,Chile
D-b42d2e842ad0,IOS,Android 9 (SDK 28),2019-02-27 06:38:47,1,,CL
D-302bdf09b130,Android,Android 9 (SDK 28),2024-12-20 13:58:51,1,,CL
D-cf6dfb6cdd29,ios,,18/05/2019 03:09,6,0,Peru
D-f76598861a4c,Web,Android 14; SM-A546E Build/UP1A,2025-04-11 10:02:02,1,,CL
D-7851f89b5702,web,iOS 17.5,2025-02-17 00:43:44-04:00,1,,CL
D-da2567671a70,WEB,Android 9 (SDK 28),2025-11-06 01:06:44,1,0,CL
D-6df555723bb8,ios,Linux x86_64,2024-01-28 08:42:37-04:00,2,,CL
D-6f485a7d3139,web,,18/03/2022 11:02,1,,CL
D-1bffa479a36b,android,Android 14,2022-01-28 06:55:29,1,0,Chile
D-7ca22df998ba,web,,2025-11-26 02:46:21,1,,CL
D-9d12c0ebd5b8,web,iOS 16.7,2020-07-29 02:29:17-04:00,2,,chile 
D-2c34266a6408,android,Android 14; SM-A546E Build/UP1A,11/04/2021 22:23,4,,CL
D-c38830d53130,POS,,2023-09-02T05:01:13Z,1,1,CHILE
D-9e928387fc9a,android,iOS 17.5,2024-04-15T21:40:47Z,1,,AR
D-1a94122176b8,ios,Android 14; SM-A546E Build/UP1A,2021-01-16 07:32:53,1,,CL
D-a24dec2a390d,android,Android 14,2020-03-25 01:51:39,1,,US
D-05b62976515f,ios,Linux x86_64,2022-11-08T13:44:01Z,2,0,CHILE
D-41cd383158a6,android,Mac OS X 10_15_7,2025-07-09 10:43:32,1,,BRASIL
D-790c0d30fb3f,web,iOS 17.5,2021-03-14T19:39:44Z,4,,CL
D-86b1b24bf3e4,ios,Windows NT 10.0,2020-11-15 22:35:25-04:00,1,0,CHILE
D-f9601a0fe7eb,android,Android 14; SM-A546E Build/UP1A,2021-05-28 19:24:38,1,0,CL
D-790bcca886ae,web,Mac OS X 10_15_7,2022-07-20 15:27:51-04:00,1,0,CL
D-dccba190336a,android,iOS 16.7,2020-02-05 06:04:52,1,,CL
D-0850eeb50c6a,ANDROID,iOS 16.7,2022-03-30T13:36:16Z,1,,CL
D-c8ea763b8ab1,android,Mac OS X 10_15_7,2022-11-20 06:23:36,1,,CL
D-145ff85232ab,android,Mac OS X 10_15_7,2021-11-21 20:15:56,1,,cl
D-e098f9f1e2de,pos,Windows NT 10.0,2020-01-19 12:42:03,1,,CL
D-ab35c6d7635d,android,Android 13,2024-06-09T08:59:32Z,1,,CL
D-6f97f4bab541,android,iOS 17.5,2023-03-29 20:32:10,1,,CL
D-de52db72d357,ios,Android 13,2020-07-12 19:48:17-04:00,2,,CL
D-86d6cbd6f17a,ANDROID,iOS 17.5,2019-03-17T16:27:24Z,1,1,AR
D-fa69f7cc0b06,ios,iOS 16.7,2022-05-05 18:55:22,1,,Chile
D-bd7e7417ab61,ANDROID,Mac OS X 10_15_7,16/02/2025 12:54,1,0,CL
D-cb5d51c4265f,ios,Android 13,2023-06-06 13:22:13,1,0,CL
D-56df841bb4da,IOS,Windows NT 10.0,2022-05-19 03:49:16,1,,CL
D-9dd05c9dd534,web,,2022-04-23T04:54:31Z,5,0,CL
D-5e94efee8a18,web,Android 14,2025-03-05 14:54:06-04:00,1,0,ARGENTINA
D-d0afe73f2c8f,android,,2022-04-05 01:57:47,2,,Chile
D-631941e79389,android,Mac OS X 10_15_7,2022-06-04T12:27:53Z,1,, CL
D-b61ab6125f7a,web,iOS 17.5,23/10/2024 03:47,1,,Peru
D-b7d9f8d72857,pos,iOS 16.7,2025-01-29T13:56:06Z,1,, CL
D-d8d078487037,web,Android 9 (SDK 28),2023-08-14T07:05:32Z,1,,CL
D-9dd935b47256,ios,Android 14; SM-A546E Build/UP1A,2022-02-06 03:22:32-04:00,1,0,BR
D-2648bd23f936,android,Windows NT 10.0,2025-12-06 15:48:44,1,,AR
D-e98c39e418b7,android,Android 13,2023-04-23 17:07:42,1,,CL
D-06b3af247548,ios,Android 14,2026-05-30 14:51:32,1,0,Chile
D-1534a8a1d71a,WEB,Windows NT 10.0,2019-03-26 17:04:33-04:00,1,,CL
D-3c541c329e4e,android,Linux x86_64,2019-03-09 10:25:27,1,,CO
D-e165bfdfde69,android,iOS 16.7,02/06/2019 04:48,1,,CL
D-a3956bf94b30,IOS,Android 9 (SDK 28),2019-03-09T07:44:40Z,1,,CL
D-9e1806894f9a,android,Mac OS X 10_15_7,2022-12-01T21:23:19Z,1,1,Nigeria
D-687e25c228e5,ios,Windows NT 10.0,2020-04-02 15:51:54,1,,CL
D-579ffd7e3309,ios,iOS 17.5,2021-05-08 05:05:53,1,,AR
D-1d99be4664e8,ios,,2024-01-19T04:56:18Z,1,0,CHILE
D-ec20add68f05,ios,Linux x86_64,2026-03-08 07:00:11-04:00,1,, CL
D-310d56cfbdd1,ios,Android 14; SM-A546E Build/UP1A,2024-07-08 15:29:46,1,,CL
D-ea474e4dc0b9,ios,Windows NT 10.0,2021-08-12T07:57:21Z,1,,CL
D-4ca65dd51b2c,android,iOS 16.7,2022-11-10T00:41:33Z,4,,CL
D-8a3059f0f824,Android,iOS 17.5,2020-03-10 21:24:34,26,,CHILE
D-c83d2109dd9f,android,Android 13,01/09/2022 13:17,2,,CL
D-05f937a5ae69,android,Linux x86_64,2025-09-11T04:10:50Z,1,1,CL
D-0b5a273b436d,ios,,2025-03-23 23:56:36,1,0,RU
D-604ece9a7a6c,Web,Android 9 (SDK 28),2023-08-15T04:22:35Z,1,,VE
D-948c43863381,ANDROID,iOS 17.5,2022-05-02 23:56:13,1,,COLOMBIA
D-a41bb76c4459,IOS,Linux x86_64,2022-06-14 00:29:08,1,0,BR
D-197c13eae859,ios,Windows NT 10.0,02/04/2019 03:27,1,,CL
D-5ebce7bbdea1,IOS,Android 9 (SDK 28),2022-01-21T07:18:25Z,2,,CL
D-3bc87fec3d0f,android,Android 14; SM-A546E Build/UP1A,2025-02-13T13:49:56Z,1,,CL
D-b89cbf8a8f1f,android,Android 14; SM-A546E Build/UP1A,2022-03-09T17:59:05Z,1,,EEUU
D-71018cb0f22b,android,iOS 16.7,2026-04-13 11:58:24,3,,CHILE
D-9dc3588547d1,android,Windows NT 10.0,2020-02-20 00:59:20-04:00,1,,Chile
D-050256031cf6,android,Android 14,2020-05-05 15:34:06-04:00,1,,CL
D-c6b2acdc5ffe,web,Android 14,2019-09-15 07:51:21,2,,CL
D-2fe9f4c53b8c,android,Windows NT 10.0,2019-02-06 23:02:11-04:00,1,,CL
D-d3ffa9c27249,android,Android 14,2021-01-18 01:33:13-04:00,1,,cl
D-1cf47c8efcf4,android,Android 14,2020-04-01T15:17:37Z,1,,BR
D-b9a8342696f0,ios,Android 9 (SDK 28),2023-04-04T02:34:33Z,1,,CL
D-f51efc71a414,android,Android 9 (SDK 28),2019-10-02 15:16:06,2,,chile 
D-32ffd41556aa,ios,iOS 17.5,2025-02-03 23:08:06,1,,CL
D-07be13d4c686,android,,25/11/2021 04:51,1,0,CL
D-13155be7af3d,android,Linux x86_64,2026-03-22 11:37:21,5,0,Chile
D-9a0112a016e3,android,iOS 17.5,2024-04-10T00:40:47Z,2,,cl
D-db7060db47fe,ANDROID,iOS 17.5,2023-11-14 13:17:30-04:00,2,0, CL
D-6cfb72e79843,web,Android 14,2019-05-28 21:25:06-04:00,2,,CHILE
D-00f907324c81,ios,Android 9 (SDK 28),2020-05-27T15:04:07Z,1,,CO
D-6d29940fe608,android,Android 9 (SDK 28),2025-11-03 12:39:32-04:00,2,,CO
D-ffecc9965128,Pos,Mac OS X 10_15_7,2026-01-17 01:17:10-04:00,1,0,Brasil
D-d5aec25d727e,android,Android 13,2022-03-28 10:53:47-04:00,6,,CL
D-79e8fee75a2a,ios,iOS 17.5,2023-04-01T10:01:33Z,2,0,CL
D-d995d4c41500,Web,Android 14; SM-A546E Build/UP1A,2023-07-10 09:04:31,1,,CHILE
D-3f2215de246b,Android,Android 13,2025-06-09T17:50:32Z,1,,CO
D-49b1f94d9c63,android,,2025-09-02 08:32:08,1,0,CL
D-fe06f04d1b16,web,Android 9 (SDK 28),2022-05-15 16:47:20,1,0,chile 
D-74486136c4cf,android,iOS 16.7,2020-02-16 20:43:36,1,,VE
D-4cb6b14ad5a3,android,Windows NT 10.0,2023-10-20 20:45:52,1,,CL
D-261ff94fe4ce,ios,Android 13,2022-11-15 11:10:36,1,0,Brasil
D-9cb9a27079d1,android,Android 14; SM-A546E Build/UP1A,2020-06-24 13:37:48-04:00,1,,CL
D-b017c2b16370,android,iOS 16.7,2019-07-06 14:55:26-04:00,1,,chile 
D-225d32ded9a9,android,Linux x86_64,2020-09-14T06:09:26Z,2,0,RU
D-8857adcee10a,ios,iOS 17.5,2020-01-30 02:47:21,1,0,CL
D-5599172af7f5,ios,Linux x86_64,2022-05-13 11:06:56-04:00,1,,CL
D-e56824643f4a,IOS,Android 9 (SDK 28),2024-05-19 08:32:10-04:00,2,,BR
D-6b8081a2aa31,android,Mac OS X 10_15_7,2020-06-05 09:32:07,1,,CL
D-0f86caaeddfc,android,Android 14; SM-A546E Build/UP1A,2020-02-14T18:05:45Z,1,,NG
D-d077bf500b20,web,iOS 16.7,2022-08-09 09:59:31,2,0,CL
D-a04506057b1b,ios,Android 14; SM-A546E Build/UP1A,2023-08-26 03:45:55,1,,CL
D-05ecf59075da,pos,iOS 16.7,2026-02-15 04:52:41,1,0,CL
D-61b93a4d35c0,ANDROID,iOS 16.7,2021-04-28 19:46:33,1,,CO
D-9839696a3bda,web,,2023-07-13T06:35:03Z,1,,CL
D-fd04ecb31ad7,ios,Android 13,2026-04-11 22:17:17,2,0,Chile
D-4e905442d875,android,Windows NT 10.0,2025-10-07T07:49:44Z,1,,CL
D-24af4b71d800,android,Mac OS X 10_15_7,03/10/2021 02:01,1,1,CL
D-0f752a35cc5b,web,Mac OS X 10_15_7,2021-01-31 07:17:15,1,,NG
D-2c2a36e21377,android,Android 13,2020-09-29 03:01:41-04:00,1,,Chile
D-170313802e8f,Android,Android 14; SM-A546E Build/UP1A,2023-07-05 08:26:00,1,,cl
D-20f061818ed9,android,Windows NT 10.0,2019-10-21T12:17:12Z,1,, CL
D-e2cfb3085a7f,web,Android 9 (SDK 28),2025-08-22 05:00:23-04:00,5,,USA
D-d1d19aca40bd,android,iOS 16.7,2021-02-01 19:19:45,2,,CL
D-490b2d8059ca,pos,Android 14; SM-A546E Build/UP1A,2019-02-01 20:39:04-04:00,1,,US
D-f9a2f1eda306,ios,iOS 16.7,2026-04-02 10:24:15,1,,CL
D-0cb99a02a1b1,ios,Android 14,2021-03-29 09:54:47,1,0,AR
D-3bb094969ddd,web,iOS 17.5,2022-10-27T06:53:26Z,1,,PE
D-2f015d64e374,ios,Android 14,11/07/2019 10:20,1,0,CL
D-efc5ea377ea6,android,iOS 17.5,2021-08-06T22:38:28Z,1,0,cl
D-88a13b50edd4,ANDROID,Linux x86_64,2024-11-21 02:27:02,3,,BR
D-83af26308264,android,Android 14; SM-A546E Build/UP1A,21/04/2019 14:22,2,0,CL
D-a8e08337b2fe,android,Android 14; SM-A546E Build/UP1A,2021-08-05 07:50:44,1,,CL
D-d1faf1d48bdb,android,Android 9 (SDK 28),2019-01-20 07:47:14,1,,CL
D-a5b8d1253de4,android,Android 14,2024-06-21 08:58:13-04:00,1,0,CL
D-c96b45f856ba,ios,Android 9 (SDK 28),24/08/2023 06:00,1,,CL
D-26af3143922a,web,Android 14,2024-05-04 19:00:06,1,,PE
D-08ccad93d725,web,Android 14; SM-A546E Build/UP1A,2022-12-07 17:36:31-04:00,1,,RU
D-f077698441b0,web,iOS 16.7,2026-02-12 14:56:48,1,,Chile
D-a7954df132fe,ios,Android 9 (SDK 28),2023-05-13 16:33:48-04:00,2,,CL
D-56e29c6897c5,web,Linux x86_64,2024-02-24 17:36:41,1,1,cl
D-a0de10deee90,web,Android 14; SM-A546E Build/UP1A,2024-03-12T14:32:06Z,2,,chile 
D-ad2447c3ad44,pos,Mac OS X 10_15_7,10/03/2021 15:44,1,0, CL
D-63e188f3ae91,android,Android 14; SM-A546E Build/UP1A,2026-02-04T21:07:10Z,2,,CL
D-2f087fecef37,android,Windows NT 10.0,2022-04-04 13:49:56,1,0,CL
D-b4ed9a42b571,web,Linux x86_64,2019-04-22 00:02:41,1,0,CL
D-1ec9ab0f6fff,pos,iOS 17.5,2021-07-07 01:52:52,2,,PE
D-10c4a9df2052,android,iOS 16.7,2022-09-03 08:58:09,1,0,chile 
D-e1c8e9a72d6e,ios,Android 14,2022-12-22T08:23:36Z,1,0,VE
D-cb5d10aa9ef5,android,iOS 16.7,2020-03-23 06:43:19-04:00,6,0,CL
D-2f8af78a7208,web,iOS 16.7,2022-09-07 12:29:11,1,0,CL
D-4a5d74273aab,web,iOS 16.7,2024-06-04 12:13:29,1,,CL
D-9656b67680cf,web,Mac OS X 10_15_7,2021-10-22 13:53:09,1,, CL
D-a93b33a23715,android,iOS 17.5,2026-05-27 19:54:01,1,,CL
D-96dd46a54590,ANDROID,iOS 17.5,2019-02-18T21:49:00Z,5,,PERU
D-fdfed77b2297,Pos,iOS 16.7,2019-09-17 15:24:16,1,0,US
D-c139a01501a2,ios,Android 9 (SDK 28),2024-12-20T10:15:59Z,1,0,CL
D-3baa8a71a0f4,ios,,2023-01-07 05:24:22-04:00,1,0, CL
D-61df1a3b2093,pos,Android 14; SM-A546E Build/UP1A,2022-06-23 22:04:47,1,,CL
D-3b3fbba54832,Web,Android 13,2023-09-09T23:10:54Z,1,,CL
D-bfa937b8a167,ANDROID,Android 14; SM-A546E Build/UP1A,15/06/2020 10:56,2,,CL
D-a30dbbda1d5c,IOS,Android 13,2022-11-11 22:07:39-04:00,1,,chile 
D-7ea1f3e5b5c7,ios,iOS 17.5,2026-05-08 05:51:04-04:00,2,,Peru
D-a5d78573085c,ios,Android 13,2019-10-13 06:19:35,27,,chile 
D-cd9115904458,android,Windows NT 10.0,2024-09-28T18:51:45Z,1,1,CHILE
D-ce61f1ad4d2b,android,Android 14,20/08/2024 12:54,1,,CL
D-4c804d266b18,web,,22/05/2024 00:20,1,,CL
D-b2b64fd64f76,ios,iOS 17.5,2023-03-24T23:54:34Z,2,,CL
D-c1c85c9875b3,android,Android 13,27/06/2025 01:06,1,,US
D-f0d229347868,android,iOS 17.5,2023-11-12 11:14:11-04:00,1,,PE
D-1fda8d0da9b1,android,Android 14; SM-A546E Build/UP1A,2024-08-14 08:46:09,1,,US
D-3ae658253311,ANDROID,Android 14; SM-A546E Build/UP1A,2020-12-08T22:08:47Z,1,,CL
D-e6555881fe87,web,,2019-11-24T17:25:22Z,1,,CL
D-dd3cfaefe31a,ios,Windows NT 10.0,2025-04-16T12:48:27Z,1,,CL
D-6400729d4e9a,WEB,Android 9 (SDK 28),2019-02-11 20:09:47,2,,RU
D-bd5714535d0d,Android,Android 13,2023-07-17 00:35:22-04:00,1,1,CL
D-0dc22f7366e2,WEB,Linux x86_64,2024-09-08 04:34:22,38,,BR
D-444534616503,web,Android 13,2022-11-01 00:44:40,1,,chile 
D-3d0318fe3665,web,iOS 16.7,2021-08-29T10:20:07Z,1,,CHILE
D-c33a9001a006,ios,iOS 17.5,2024-10-28T07:59:40Z,1,,CL
D-f00e7f4b12d2,android,Android 14; SM-A546E Build/UP1A,29/08/2022 13:55,1,,CL
D-7fc7c4ef73d0,IOS,Android 13,2019-01-21T16:13:32Z,29,,CL
D-90e4ac0a533c,IOS,iOS 17.5,2024-02-18 14:34:47,1,,CHILE
D-8d24b04a6c75,android,Windows NT 10.0,2026-01-04 03:57:26-04:00,6,,chile 
D-6b81a17fbc9d,web,Android 14; SM-A546E Build/UP1A,2020-10-10 22:15:52,1,,CL
D-e080e0a2a453,IOS,Linux x86_64,2019-03-04 21:54:40-04:00,1,,CL
D-0876bfedbd15,ios,iOS 17.5,2026-07-17 04:22:25,1,,CL
D-ed85b0af8fcf,IOS,Android 9 (SDK 28),2023-09-18 21:55:02,1,,CL
D-e4f6ffe1e26e,Android,,2022-12-29T03:22:27Z,1,,CL
D-b5e58530f190,ios,Windows NT 10.0,2020-06-18 00:52:38-04:00,2,,Chile
D-23009d331c48,ios,Android 9 (SDK 28),2021-12-29 07:54:21,2,,CL
D-c2390a9bbda9,android,Android 14,2022-10-14 12:35:40-04:00,1,,Chile
D-60290ebfe688,android,Mac OS X 10_15_7,2025-10-18T03:53:23Z,1,0,Chile
D-8e78b23d9c30,Ios,Android 9 (SDK 28),2019-01-24 03:20:13-04:00,1,1,CL
D-670fa43bf226,android,iOS 17.5,2021-12-12 14:31:05,1,,PE
D-458e5c681955,web,Windows NT 10.0,2024-12-23T13:18:23Z,1,0,CL
D-d6fc6336ed37,Pos,,2019-11-23 13:42:00,1,,CL
D-a70c74cb2693,ios,Linux x86_64,2026-04-30T18:39:03Z,1,,CL
D-81e5cdaac705,android,Mac OS X 10_15_7,2026-02-16T12:49:22Z,1,0,CL
D-c0784e4731fe,android,Linux x86_64,2023-03-23T22:26:20Z,2,,CL
D-1287e07149bb,android,Windows NT 10.0,2022-12-09 18:19:47,1,,AR
D-69329e545560,web,Android 9 (SDK 28),2024-10-02 00:58:54,1,0,Chile
D-1199825b0ad4,web,Android 14; SM-A546E Build/UP1A,2026-05-10 00:57:12,1,, CL
D-abb08eea2b33,IOS,Android 9 (SDK 28),2024-01-19 19:01:15,1,,CL
D-dec16a79dd92,android,Android 14; SM-A546E Build/UP1A,2025-08-15 16:11:01,1,,CL
D-85c2f010e7f9,ios,Windows NT 10.0,2023-01-25T02:24:51Z,1,,VE
D-c1d3ec278a1c,pos,iOS 16.7,2025-04-24 02:59:16,1,,Chile
D-954eb93d7154,android,Android 9 (SDK 28),2024-09-05 19:57:52,1,0,Argentina
D-e8e9343f0ff6,ios,Windows NT 10.0,2019-07-24 20:29:01,1,,CL
D-0d13fcf3250e,android,Linux x86_64,2024-03-05 09:37:54,2,,Brasil
D-e3d9b47d00e1,web,iOS 17.5,2021-11-27 12:33:57,1,0,CO
D-9c8e27fb5685,android,Mac OS X 10_15_7,2020-10-21 02:57:15,6,0,CL
D-3090b3e4c21d,android,Mac OS X 10_15_7,2019-02-18T04:26:25Z,1,,CL
D-7e69f2a7abdc,ios,Windows NT 10.0,11/01/2019 09:19,2,,CL
D-a93545a1a49c,ios,Android 13,2021-12-09 10:11:41,6,0,chile 
D-59be66c45363,ios,Android 9 (SDK 28),2026-02-21 02:16:40-04:00,1,,chile 
D-b4c71d4ecfcc,ios,Android 13,2020-04-30 20:12:06,4,,CL
D-7dcc48dc91b7,android,Android 14; SM-A546E Build/UP1A,2021-03-05 09:26:41-04:00,1,0,CL
D-9f15cf4a937a,ios,Android 14; SM-A546E Build/UP1A,2022-10-04T21:30:17Z,1,0,CL
D-71a556703675,ios,Android 14; SM-A546E Build/UP1A,2020-08-03T21:51:48Z,1,,CL
D-7372f89f755d,ios,Android 9 (SDK 28),2021-11-13 04:40:13,1,0,CL
D-d3290f4f12cc,web,iOS 17.5,2026-06-18 17:49:52,1,,CL
D-719f0c82c159,ios,Android 9 (SDK 28),2021-02-23T06:25:03Z,2,0,cl
D-7a05a3f18882,pos,Android 9 (SDK 28),2022-10-10T06:15:34Z,1,,CL
D-a274efd92a1e,android,Linux x86_64,02/11/2022 01:41,1,0,VE
D-9d076816b7e7,ios,Android 13,31/07/2025 20:28,1,,Chile
D-f13106d2427f,android,iOS 16.7,2025-04-02T12:50:59Z,1,,RU
D-099dc0a3597d,android,iOS 17.5,2025-09-22 08:38:09,1,,CHILE
D-76f376248c42,web,Android 9 (SDK 28),2021-02-06 06:05:46-04:00,1,0,CO
D-18564bc29997,web,Windows NT 10.0,2025-10-01 15:37:20,3,0,CO
D-fe74e882a17f,ios,Mac OS X 10_15_7,2025-02-22 13:54:18-04:00,1,0,CL
D-6c70d4e48baa,ios,Linux x86_64,2023-03-27 03:09:10,2,,CL
D-b5409583d86b,ANDROID,Android 14; SM-A546E Build/UP1A,2024-09-03 08:37:47-04:00,1,,CL
D-ceab66e0dff0,WEB,Android 14,2023-04-30 01:00:10,2,,CL
D-3ebc491b4a4f,Ios,Android 14; SM-A546E Build/UP1A,2023-03-27 06:09:56,1,,CL
D-b57b997261d9,ios,Android 9 (SDK 28),2021-06-18T10:48:20Z,1,0,CL
D-1ec7e9ebc872,android,Android 9 (SDK 28),2019-09-04 12:13:03-04:00,1,,CL
D-b5e99e5b3253,Ios,iOS 17.5,2020-05-05 14:18:41,40,0,CHILE
D-127353721ac7,Ios,Windows NT 10.0,2021-12-19 10:31:11,1,,CL
D-d2cc85c854e9,ios,Mac OS X 10_15_7,21/05/2019 22:17,1,,NG
D-b2cba22b176e,ANDROID,Linux x86_64,2023-06-03 21:31:38,1,,CL
D-4bed230896bb,android,iOS 17.5,2023-07-13 04:04:24,1,0,chile 
D-84424af1320b,android,Android 14; SM-A546E Build/UP1A,2020-03-04 04:09:22,1,0,CL
D-41f3938fe319,pos,iOS 16.7,2019-04-07 06:52:47-04:00,5,,CL
D-0c4092a66d76,ios,iOS 16.7,2019-10-06T09:19:04Z,2,,CL
D-bfc87f2127d6,ios,,2023-02-03 18:56:22-04:00,1,0,PE
D-5e9d57a498a0,ANDROID,Windows NT 10.0,2025-07-23T05:12:35Z,1,,PE
D-c16bf01db094,Ios,Android 14; SM-A546E Build/UP1A,2025-06-20 01:30:54,1,,CL
D-4310e9b30dea,web,Android 14; SM-A546E Build/UP1A,2026-04-03 03:08:04,1,,CL
D-6e3fe01141cc,android,,29/07/2025 11:28,2,0,Venezuela
D-26b0a059f457,web,iOS 17.5,2019-08-07 18:22:43,2,,CL
D-ec50a7d73e36,web,Android 9 (SDK 28),2019-07-04T11:30:40Z,1,,CL
D-354eb62a1d1c,Android,,2022-09-18 09:26:29,1,,VE
D-dfe750886cfa,ios,iOS 16.7,2025-07-29 04:43:30,28,,BR
D-8385fce3a288,web,Android 9 (SDK 28),10/06/2022 13:06,1,0,CL
D-061787a4426a,WEB,Android 14,2019-09-03 05:55:34,4,0,cl
D-79261b458067,ios,Mac OS X 10_15_7,2025-05-19T07:24:04Z,1,0,CO
D-e43644558b0c,ios,Android 14,2025-12-10 13:37:45,6,,CL
D-64c0e22a6b53,android,Android 13,2024-05-19 22:22:42,1,,CL
D-dc56b00255ed,ANDROID,iOS 17.5,2021-02-27 17:45:14-04:00,2,,CL
D-e9a7c80e6fe5,Pos,iOS 16.7,05/06/2024 20:40,1,,chile 
D-f57999e6036b,ios,Linux x86_64,2021-08-25 08:00:47,1,,chile 
D-46be1dd8bf0e,ANDROID,Android 9 (SDK 28),05/01/2021 18:53,1,,CO
D-434bfe95ee9f,IOS,Android 14; SM-A546E Build/UP1A,2020-07-28 04:53:43-04:00,1,1,Argentina
D-a78a12739764,Android,Linux x86_64,2025-05-19 12:23:35,6,0,BR
D-a879ab9d6ce0,android,iOS 17.5,2022-11-10 03:22:04,1,,CL
D-7af6074dd8e4,web,Android 14,2025-09-26 01:12:36,1,0,CO
D-654b191e72a4,ANDROID,iOS 17.5,2019-07-04 16:35:03-04:00,1,,Chile
D-2a7feecfaebb,POS,,2022-04-02 04:56:58-04:00,1,,CL
D-9e45026952f1,android,iOS 16.7,2024-03-09 01:04:08,1,,CHILE
D-8a27f491b5b1,web,Android 9 (SDK 28),2019-05-19T05:31:34Z,1,,cl
D-bce32161c877,Web,Android 13,2024-12-10 07:13:58,1,,chile 
D-f648fa40d3ef,android,Android 14; SM-A546E Build/UP1A,02/05/2026 16:20,1,,CL
D-753a8d965a01,android,Android 14; SM-A546E Build/UP1A,2022-11-13 12:48:52,1,1,AR
D-8d1dc19846a4,ios,Android 14; SM-A546E Build/UP1A,2023-02-18T16:24:33Z,6,,Chile
D-c1dd8246304c,ios,Android 14; SM-A546E Build/UP1A,2023-03-14T09:52:33Z,1,,US
D-8344ecadcca7,Ios,Linux x86_64,2022-11-29 06:40:54,1,,cl
D-095639013a04,web,Android 13,2023-05-17 08:08:42,1,0,CO
D-ce7579beaae3,WEB,Android 13,2025-01-12T08:30:27Z,36,,chile 
D-9ae5127c294f,android,Android 14,2020-07-11 15:14:17,3,,CO
D-067481cc59f8,web,Linux x86_64,2020-01-29 04:21:28,1,0,Venezuela
D-b36aec966648,WEB,Android 9 (SDK 28),2024-06-13 19:10:42-04:00,1,0,CL
D-0b2e9dcb17f8,ios,iOS 17.5,2022-08-31 07:38:36,1,,CL
D-aacba56a9b6c,android,,2023-11-26 07:01:20-04:00,6,,COLOMBIA
D-6cc004755e60,ANDROID,Windows NT 10.0,27/04/2022 23:10,2,0,CL
D-5aabec5d3ccb,ios,Mac OS X 10_15_7,2022-05-05 02:23:33,2,,Chile
D-5f1b047d3c65,web,,2023-06-09 03:16:45,1,,cl
D-cffbac573344,android,Android 13,2026-07-27T14:01:08Z,1,0,PE
D-5428fa799340,Web,iOS 17.5,2021-01-03 13:45:18,1,1,Argentina
D-a2c950600e5b,android,Mac OS X 10_15_7,2024-07-24T20:27:10Z,1,0,CL
D-1d361de97302,IOS,iOS 16.7,30/09/2024 17:13,1,,CL
D-55c90f2bc53b,ios,Linux x86_64,2022-06-24 09:12:56,1,,ARGENTINA
D-2bc657fc38dc,web,Android 13,2025-10-20T14:37:30Z,9,0,CL
D-0e03494491b8,ios,iOS 17.5,2023-01-31T00:18:28Z,1,,Chile
D-73317ac6fd52,Ios,Mac OS X 10_15_7,2023-12-09 23:04:02,1,,CL
D-a81ac01052bc,android,Linux x86_64,2021-02-12T19:57:25Z,1,,chile 
D-3b2b50913f44,android,Linux x86_64,2019-04-05T06:40:06Z,1,,BR
D-83f87a78dc9e,web,iOS 17.5,2022-08-24 03:00:18,1,,CL
D-2f75f3028cb5,pos,Android 13,2024-12-29 18:38:08,1,0,CL
D-6e5d6db04bb2,Android,Android 14; SM-A546E Build/UP1A,2025-01-29 23:00:42,1,,CL
D-94c4c0bee97f,ANDROID,Windows NT 10.0,2019-10-29 05:06:28,2,0,VE
D-f5d869473e3e,ios,iOS 16.7,2020-12-13 07:37:32-04:00,1,, CL
D-148a414ae850,ios,,2022-04-26 12:14:55,1,0,Rusia
D-6a8a2ba64579,ANDROID,iOS 16.7,2019-09-11 00:53:06,1,,cl
D-e02edd307380,ANDROID,Android 14; SM-A546E Build/UP1A,2025-11-06 10:36:00,6,,CL
D-6c9619b67451,ios,,2021-07-22 06:24:56-04:00,1,,CL
D-d705dfbe15b3,ios,,2026-01-07T05:25:47Z,27,,CL
D-ea3201de62d7,android,Linux x86_64,2023-08-10 08:07:29,4,,VE
D-bd43e8a449a0,pos,iOS 16.7,03/09/2020 17:24,1,,US
D-7f6b18fbaa54,ios,Linux x86_64,2023-09-29 10:20:16,1,,CL
D-dc913f70affc,WEB,Linux x86_64,2023-11-16 17:35:30-04:00,5,0,CO
D-23c69e2fea35,ios,Windows NT 10.0,2020-07-06 13:29:58-04:00,1,,CL
D-e807bb87b548,android,Android 9 (SDK 28),2025-02-12T02:29:05Z,2,,US
D-710c4c70792e,android,Linux x86_64,2025-01-04 21:59:26,2,0,CL
D-9fa9b5128725,ios,Android 14,20/01/2022 02:09,1,,CL
D-10dcff55a721,web,Linux x86_64,13/03/2019 10:29,1,, CL
D-257b24f1dadc,ios,Android 13,2022-03-25 22:40:44-04:00,1,,CL
D-b9e6e26bd6da,web,Android 14,28/07/2024 20:53,2,,Chile
D-17d7e49d4b2c,android,Mac OS X 10_15_7,2022-12-03 20:16:46,1,,CL
D-a42a059fb606,android,Windows NT 10.0,2025-12-07 03:22:39,1,,CL
D-e254b8c7c5cb,pos,iOS 17.5,2026-06-30T07:55:32Z,1,,CL
D-636f9af109d2,ios,iOS 16.7,2022-05-26 03:27:00,1,,PE
D-a53f4c87c4f8,Android,Android 14; SM-A546E Build/UP1A,2022-07-14T11:48:43Z,1,,VE
D-b6c14da0d1b6,web,Mac OS X 10_15_7,2019-12-08 06:48:27,1,,PE
D-e84e87d725fa,android,Android 13,2023-07-23 11:38:33-04:00,1,,CL
D-34910042eab6,android,Android 14,2020-11-02 11:32:37-04:00,1,,CL
D-b9a62b39fcb4,IOS,Mac OS X 10_15_7,2021-01-23 00:38:31,1,,chile 
D-21e1147db1ba,web,,2021-11-23 05:15:14,2,,PE
D-dfa8d1619bc5,Android,Android 13,2023-06-03T15:06:31Z,3,0,CL
D-f0df4b4ce16e,ios,iOS 17.5,2025-02-21T20:54:42Z,1,,CL
D-1c9f12c5f091,Android,Android 13,2019-07-19 02:41:08-04:00,1,0,cl
D-c5079d5b606e,pos,iOS 16.7,2021-05-14 14:14:59,5,, CL
D-a3a52ee5939b,web,iOS 17.5,2024-10-04 21:54:14,2,,CL
D-4f6cead35f6e,android,Android 9 (SDK 28),2021-01-05 10:01:49,2,,PERU
D-b21845f77330,Android,Android 14; SM-A546E Build/UP1A,09/06/2026 13:50,1,,CL
D-779f72791f33,ios,Android 14; SM-A546E Build/UP1A,2019-04-13 09:50:31,6,,CL
D-7663b2bc3140,ios,,2019-11-19 13:08:17,1,,Chile
D-20f85f7a8eeb,android,Mac OS X 10_15_7,15/06/2021 02:50,2,,cl
D-1c50ecbab0e7,Ios,Android 9 (SDK 28),2023-12-10 11:57:24,1,,CL
D-2d2384edf851,Android,Android 13,2020-03-26T06:07:19Z,1,0,Chile
D-1d78295b026c,web,Android 14,2023-08-12 19:54:26,1,,CL
D-cc31a31c6329,android,Android 14; SM-A546E Build/UP1A,2025-12-13 15:59:43,32,0,Chile
D-d4b429d04fef,web,Android 13,2021-02-15 08:22:58,1,0,Chile
D-d9985e1f7496,Pos,Linux x86_64,2023-07-12 12:39:27,1,,CL
D-d1db548e2fbd,web,Mac OS X 10_15_7,2022-06-05 14:09:02,2,,AR
D-4f105772a86f,IOS,Android 13,2020-05-28 14:02:15-04:00,15,,CL
D-23ff5a05db4d,android,Mac OS X 10_15_7,2025-03-29T17:59:03Z,1,,CL
D-ba35755248fa,android,,2022-09-02 08:18:52-04:00,1,,PE
D-054a0b5adc21,web,Android 14,2020-06-21T03:29:17Z,1,0,CL
D-693ce83f678f,android,Mac OS X 10_15_7,28/01/2026 06:00,2,,CL
D-bba057a63a7d,android,iOS 17.5,12/01/2019 13:59,1,,PE
D-53a00fd5eabc,pos,Android 13,2023-10-19T11:28:33Z,1,,CL
D-76f29b288dcf,android,Android 9 (SDK 28),2022-05-11T16:04:21Z,1,,CL
D-9562eab21b1c,Android,,21/02/2019 12:07,1,0,cl
D-57943f64b62c,android,,2023-06-25 13:39:02,3,,CL
D-f8e819abdff5,android,Android 14,2026-03-09T19:05:37Z,1,0,CL
D-77d6a7b7922a,android,Android 14; SM-A546E Build/UP1A,2020-06-12 09:37:00-04:00,1,,RU
D-059cf8e73909,android,Windows NT 10.0,2020-05-16 11:10:39,2,,CL
D-7eeefdd68408,Web,Linux x86_64,2022-04-07 07:12:27,1,0,CL
D-614ce8d5e1a3,web,,2023-09-20 10:23:37,1,0,CL
D-94bb4a891f76,android,Android 14; SM-A546E Build/UP1A,27/06/2023 10:50,1,,CL
D-766f5e6ad259,Web,Linux x86_64,2025-06-07 23:20:48-04:00,1,,CL
D-1471ca44d4d2,android,,2025-01-21 22:59:44,5,, CL
D-387349dc40d5,Ios,Android 14; SM-A546E Build/UP1A,2023-04-15 20:38:27,1,,cl
D-1f58a5737dd5,Ios,iOS 16.7,2020-02-16 07:07:12,1,0,PE
D-7b6e03659c8f,ios,Mac OS X 10_15_7,2026-01-31T04:36:05Z,1,,BRASIL
D-eb15219b9f8a,Android,Mac OS X 10_15_7,2021-04-14 11:59:07,3,0,chile 
D-7455d2f2ecaa,ios,Android 14; SM-A546E Build/UP1A,2023-03-30 06:48:46,1,,CL
D-101d475cf287,android,Mac OS X 10_15_7,2019-03-13 15:56:33,1,0,CL
D-e067a35b82ac,web,iOS 16.7,2024-01-06T12:11:39Z,1,,CL
D-d9f28a39cc34,IOS,iOS 16.7,2020-06-05 06:08:06,1,,CL
D-11dba9bec922,android,Windows NT 10.0,2019-08-25 11:07:08-04:00,1,1,US
D-30bd1a095f82,android,Windows NT 10.0,2019-09-07T03:05:02Z,1,,Nigeria
D-361858a7b091,IOS,Android 9 (SDK 28),2022-10-26T03:00:11Z,1,,CL
D-d78ee679c59b,Android,Linux x86_64,04/07/2020 11:41,2,,CHILE
D-c83c2020102b,ios,Android 14,2022-10-03 08:38:47-04:00,1,,CL
D-1129c8348ea7,android,,2023-07-30 15:33:03,1,0,CL
D-2c88e41f0a56,android,Android 14,2026-01-16 21:51:07,1,0,Argentina
D-0e48f38b500a,ios,Linux x86_64,2023-07-03 09:11:06-04:00,28,,CL
D-f22081a488b6,android,Windows NT 10.0,2022-10-08 18:19:23,1,,CL
D-ea3f486f07c0,web,Mac OS X 10_15_7,2026-07-24 19:13:32,1,0,CL
D-11235f549c53,pos,Android 14; SM-A546E Build/UP1A,2021-03-21T20:38:23Z,2,,PE
D-fecaa2dafd21,android,,2021-08-04 02:30:32,5,,Colombia
D-c01c81cde69b,ios,iOS 17.5,2022-12-12 05:19:59,1,,chile 
D-7dda81e06560,Android,,2021-08-30T05:49:44Z,2,,NG
D-652e2de311ec,android,Linux x86_64,2021-12-27 02:33:04,1,,CL
D-f78f9511cd59,android,Android 9 (SDK 28),2026-07-09T04:29:29Z,6,,CL
D-77c6e68a74f9,android,iOS 16.7,2022-05-17T10:04:43Z,1,,CL
D-6d284f0fea61,Web,Android 13,2019-04-05 21:51:47,2,0,Chile
D-d55621464788,web,Android 13,2022-10-10 01:38:53,1,,AR
D-061f5ecf0726,android,Mac OS X 10_15_7,2021-02-24 15:35:57,1,,AR
D-c0c0e8990c54,android,Android 14,2026-04-13 13:38:43,1,0,US
D-40dc4721b414,android,Android 9 (SDK 28),2019-11-11 16:51:53,2,,CL
D-4045775e5298,ios,Linux x86_64,2024-04-29T05:23:51Z,1,,Brazil
D-39a5ff108ad9,pos,Mac OS X 10_15_7,2026-04-28 06:04:26-04:00,1,,CL
D-0691ee45f0bc,web,iOS 16.7,2019-03-07 18:53:09,1,0,CL
D-27875f3efeb6,ios,iOS 17.5,2020-05-22 20:27:12-04:00,1,0,cl
D-3b8493cdf7f9,android,,2026-06-25T06:12:24Z,1,,CL
D-da877955ef09,ios,Windows NT 10.0,02/06/2024 02:16,1,,CL
D-475c5b7def7d,android,Mac OS X 10_15_7,19/05/2023 16:21,1,,CL
D-399d1b7e104e,web,,2019-05-04T04:14:25Z,40,,NG
D-e077832d2f30,web,Windows NT 10.0,2024-10-29T05:43:50Z,1,0, CL
D-ce48c9d3c198,Web,Android 9 (SDK 28),11/06/2023 04:17,1,,CL
D-82a11feda0a7,ios,Windows NT 10.0,2022-12-22 19:53:16-04:00,1,,AR
D-e70164666e87,Ios,,2024-05-21 20:51:28,2,,PE
D-d07bf9ba38bc,android,iOS 17.5,2021-05-27 22:23:48,1,0,CL
D-a5fe688f4bb2,ios,Linux x86_64,2024-09-27 09:57:22-04:00,1,,CL
D-cec348a69c43,android,Android 13,2021-02-08 23:55:07,1,,CL
D-2e8fa32a2c5f,android,iOS 17.5,2020-02-03 17:55:56,1,,Chile
D-7be1236ef7ff,android,Windows NT 10.0,2021-04-28 20:07:52,2,, CL
D-a47fd61ffa9b,ios,Windows NT 10.0,2021-11-08T13:52:03Z,1,,CL
D-691fc1d42119,ios,iOS 17.5,2020-09-21 19:53:25-04:00,1,,PE
D-f00735cd37c0,pos,iOS 16.7,2025-12-03T08:27:22Z,1,0,CHILE
D-43f80561219f,web,Android 9 (SDK 28),2022-12-15T11:36:30Z,2,,CL
D-dd7b6bdec2df,android,Mac OS X 10_15_7,2020-04-02 19:17:11,1,,CL
D-2c007d56d8c5,ios,Linux x86_64,2020-02-22T20:20:52Z,1,1,CL
