usuario_id,fecha_registro,pais,segmento,nivel_kyc,verificado,edad_cuenta_dias,transacciones_previas,email_dominio,telefono_verificado
KP301626,30/06/2018,CL,comercio_pequeno,0,1,2953,46,hotmail.com,1
KP300532,20-02-2025,CL,Persona,2,1,526,66,tempmail.io,0
KP303602,2023-10-25,CL,persona,,1,1010,124,icloud.com,1
KP301366,09-12-2024,CO,persona,2,0,599,7,outlook.com,1
KP301589,08/04/2020,CL,persona,2,,2305,187,outlook.com,1
KP304170,03/02/2026,BR,persona,2,,178,74,icloud.com,1
KP303018,07-01-2023,CL,Persona,2,1,1301,15,gmail.com,0
KP304537,2018-07-18,CL,persona,0,,2935,177,tempmail.io,1
KP304535,2025-10-10,chile ,persona,2,1,294,15,outlook.com,
KP304218,10-08-2018,CL,comercio_pequeno,2,1,2912,2,gmail.com,0
KP300290,2025-09-07,Chile,individuo,1,0,327,43,icloud.com,1
KP303413,03/05/2025,VE,PERSONA,2,,454,25,,1
KP303910,01-12-2019,cl,PERSONA,2,,2434,3,hotmail.com,0
KP302842,2020-01-23,CL,persona,2,1,2381,221,outlook.com,1
KP301510,08/11/2021,USA,comercio_pequeno,3,1,1726,0,kipu.cl,1
KP300922,01-10-2023,CL,persona,0,1,1770,77,yahoo.com,1
KP302916,10-12-2019,PE,persona,2,0,2786,194,hotmail.com,1
KP301861,2025-09-15,CL,comercio grande,2,1,-25,17,yahoo.com,0
KP301752,30/11/2019,chile ,persona,2,1,2435,39,outlook.com,
KP304037,08/06/2024,Chile,Persona,3,1,783,,kipu.cl,
KP301927,13-01-2025,CL,persona,2,0,564,20,yahoo.com,1
KP303567,10-02-2020,CL,persona,2,1,2363,242,outlook.com,1
KP302108,04-07-2026,CL,comercio_pequeno,2,0,27,253,yahoo.com,
KP304463,04-05-2026,CL,persona,2,0,88,252,hotmail.com,0
KP301012,26-06-2020,NG,Persona,1,0,2226,3919,hotmail.com,0
KP300870,23-09-2018,CL,persona,2,1,2868,210,outlook.com,1
KP301992,16-09-2025,BR,Persona,2,1,318,242,kipu.cl,1
KP300739,04/05/2024,CL,comercio_pequeno,1,no,818,85,kipu.cl,0
KP304389,21-12-2021,CHILE,COMERCIO_PEQUENO,0,,1683,164,hotmail.com,
KP301239,11/11/2018,CL,persona,0,1,2819,73,yahoo.com,1
KP303901,2025-07-07,CL,Persona,3,no,1288,115,gmail.com,0
KP301610,2025-09-21,cl,persona,2,1,313,109,hotmail.com,1
KP303797,2020-10-19,Colombia,Persona,0,1,2111,18,kipu.cl,1
KP300980,09/11/2024,CL,persona,2,1,629,,outlook.com,0
KP304245,29/10/2023,Peru,Persona,0,no,1006,61,kipu.cl,1
KP300048,22-02-2019,Argentina,comercio_pequeno,3,1,2716,70,hotmail.com,
KP302293,01/06/2020,CL,persona,2,0,2251,0,icloud.com,1
KP304505,03/08/2019,Chile,comercio_pequeno,1,1,2554,250,gmail.com,1
KP303876,27-12-2018,CL,Persona,3,1,3413,11,kipu.cl,1
KP300142,07/12/2025,CL,persona,2,1,236,180,hotmail.com,1
KP304528,27/08/2022,CL,persona,3,si,1434,,icloud.com,1
KP300121,30/09/2018,PE,comercio_pequeno,,1,2861,262,,0
KP304901,2020-12-02,Perú,Persona,0,no,2179,,outlook.com,0
KP302025,12/06/2025,Chile,individuo,0,0,414,16,gmail.com,1
KP302374,22-02-2024,CL,comercio_pequeno,2,si,890,167,yahoo.com,0
KP302216,06/09/2018,BR,persona,3,,2885,67,gmail.com,1
KP301697,07/03/2021,CL,Persona,2,1,1972,134,yahoo.com,1
KP304146,2020-11-22,PE,comercio_pequeno,2,0,2077,142,kipu.cl,0
KP300836,30/08/2023,CL,persona,1,1,1066,,icloud.com,1
KP302936,31-07-2022, CL,individuo,3,0,1461,174,hotmail.com,1
KP304276,08/07/2019,CL,persona,3,si,2580,476,hotmail.com,1
KP301848,05-12-2019,CL,persona,1,,2430,3318,outlook.com,
KP303108,08-12-2018, CL,individuo,2,1,2792,184,icloud.com,1
KP304700,05-04-2021,AR,persona,0,1,1943,14,hotmail.com,0
KP302893,2021-06-27,CL,persona,1,1,1860,9,kipu.cl,1
KP303190,23/01/2022,CL,persona,2,no,1650,2180,yahoo.com,1
KP303599,2024-08-23,chile ,persona,1,si,707,151,outlook.com,1
KP303338,2020-03-25,CL,Persona,2,0,2319,267,gmail.com,1
KP301739,2025-05-14,BR,persona,1,,760,2896,kipu.cl,1
KP301751,17/08/2025,Chile,persona,2,0,348,,kipu.cl,0
KP302086,16/01/2022,CL,persona,1,si,1657,1816,gmail.com,1
KP303906,03-06-2021,CHILE,persona,2,0,1884,146,outlook.com,0
KP302340,2026-04-04,CL,PERSONA,2,1,118,2746,mailinator.com,
KP304297,19-08-2023,CHILE,persona,2,1,1493,54,gmail.com,
KP300023,18/04/2025, CL,persona,2,,469,14,icloud.com,1
KP302157,09-11-2023,CL,persona,2,1,995,169,kipu.cl,1
KP302485,13/03/2025,CL,persona,3,si,505,16,kipu.cl,1
KP304845,31/12/2021,chile ,persona,2,1,1673,10,,1
KP302604,2025-09-13,CL,persona,2,1,321,4,icloud.com,1
KP301101,20/08/2024,CL,Persona,2,1,1593,14,hotmail.com,
KP300802,2024-08-21,CL,PERSONA,2,1,709,218,gmail.com,1
KP300626,09-10-2023,chile ,persona,1,0,1026,2366,outlook.com,1
KP303248,2025-07-30,CL,persona,1,0,366,12,gmail.com,1
KP301093,03/04/2023,CL,persona,2,0,1215,297,hotmail.com,
KP301272,2025-09-05,CO,persona,1,1,329,4,kipu.cl,
KP303130,13/01/2026,CL,individuo,1,si,199,134,kipu.cl,0
KP301144,17/07/2020,Brazil,individuo,,1,2205,104,hotmail.com,
KP301021,25/12/2024,BR,persona,3,1,583,20,gmail.com,1
KP300200,24/06/2021,NG,individuo,2,1,1863,2598,icloud.com,1
KP301635,02-11-2025,CL,individuo,2,no,271,599,yahoo.com,0
KP302949,10/05/2023,chile ,persona,0,1,1178,232,hotmail.com,1
KP302339,27-01-2020, CL,persona,2,1,2377,57,,1
KP300990,06-11-2023,CHILE,persona,2,1,998,19,kipu.cl,1
KP302345,18-03-2019,CL,persona,2,1,2692,8,yahoo.com,
KP303428,14-10-2019,cl,individuo,0,si,2482,3154,,1
KP304429,2023-07-12,CL,Persona,2,1,1115,49,icloud.com,1
KP302103,14/12/2023,chile ,comercio_pequeno,2,1,1626,212,kipu.cl,1
KP302720,26-06-2025,COLOMBIA,Persona,0,si,400,146,hotmail.com,0
KP303117,15/09/2019,CL,persona,2,0,2511,124,gmail.com,
KP301434,19/09/2019,CL,persona,1,1,2507,2552,icloud.com,1
KP304325,02-07-2019,cl,comercio_pequeno,3,,2586,47,outlook.com,1
KP301887,14/10/2020,cl,comercio_pequeno,2,1,2116,6,kipu.cl,1
KP304781,17-06-2023,AR,persona,2,0,1140,4,outlook.com,0
KP300475,04/05/2021,PE,persona,0,no,1914,14,outlook.com,1
KP300903,18/04/2023,cl,persona,2,1,1200,0,hotmail.com,
KP303375,07-12-2023,CL,persona,0,no,967,0,hotmail.com,1
KP302856,16/12/2020,CO,persona,3,1,-172,298,gmail.com,1
KP300723,2024-04-23,CHILE,PERSONA,2,1,829,2954,hotmail.com,1
KP302045,30-08-2021,CL,Persona,2,si,1796,18,kipu.cl,1
KP301304,2021-10-08,Chile,persona,3,1,1757,68,icloud.com,1
KP303409,25/12/2023,cl,Persona,2,1,949,220,kipu.cl,1
KP302798,08-01-2026,CL,PERSONA,0,1,204,195,kipu.cl,1
KP300523,2026-01-27,CO,persona,1,1,185,96,icloud.com,1
KP302148,21-07-2021,CL,persona,3,1,1836,7,hotmail.com,
KP300217,20-11-2023,CL,comercio_pequeno,2,0,984,55,outlook.com,0
KP303825,2021-04-20,CL,persona,2,no,1928,11,gmail.com,1
KP301074,12-08-2020,PE,individuo,1,1,2179,0,outlook.com,
KP300861,2021-12-16,CL,PERSONA,0,0,1688,39,kipu.cl,1
KP304216,04/03/2023,BR,Persona,2,0,1245,15,icloud.com,0
KP303307,11-12-2025, CL,persona,,1,1049,15,icloud.com,0
KP303635,2021-08-06,CL,comercio grande,2,0,1820,54,,1
KP304843,20/06/2022,CL,persona,1,1,1502,33,gmail.com,1
KP302368,19/11/2023,CL,persona,3,1,985,0,gmail.com,
KP303725,07/01/2022,CL,comercio_pequeno,,1,1666,281,hotmail.com,1
KP304430,22-01-2020,CL,individuo,2,1,-27,23,,1
KP300117,24-01-2019,CL,comercio_pequeno,,1,2745,17,gmail.com,0
KP303556,19-06-2025,CHILE,Persona,2,no,407,7,kipu.cl,0
KP304199,2020-09-06,CL,persona,1,si,2154,201,hotmail.com,1
KP304745,2020-03-19,CL,comercio_pequeno,2,0,2325,14,hotmail.com,1
KP300395,09-12-2022,PE,persona,2,0,1330,2169,kipu.cl,
KP302978,14/09/2023,PE,PERSONA,0,1,1051,147,kipu.cl,0
KP303764,13-10-2021, CL,Persona,2,1,1752,146,outlook.com,1
KP302857,12-06-2026,CL,persona,3,si,49,136,yahoo.com,0
KP301874,30-06-2025,AR,persona,3,1,396,466,outlook.com,1
KP301209,24/12/2023,CL,persona,0,si,950,16,yahoo.com,0
KP302597,2024-12-18,NG,persona,1,1,590,2001,gmail.com,1
KP303205,21/06/2025,CL,persona,3,si,-46,283,outlook.com,
KP300569,2018-10-23,CHILE,persona,2,1,2838,121,yahoo.com,1
KP300272,27/03/2024,VE,comercio_pequeno,2,0,856,84,icloud.com,1
KP301537,29/02/2024,CL,persona,1,1,883,31,icloud.com,0
KP304614,16-09-2023,CHILE,persona,2,,1049,1032,,1
KP300088,21-01-2019,NG,comercio_pequeno,2,1,2748,17,outlook.com,1
KP300426,18-11-2025,VE,persona,3,no,255,17,outlook.com,1
KP300680,20/12/2024,CL,comercio_pequeno,2,0,588,20,icloud.com,1
KP302926,2023-01-21,cl,persona,1,1,1474,188,hotmail.com,0
KP302617,20-12-2020,VE,individuo,2,1,2049,3318,mailinator.com,0
KP304154,2022-06-24,BR,Persona,3,si,1498,229,gmail.com,
KP301036,2022-05-16,Chile,individuo,2,,1537,3056,gmail.com,1
KP300165,2019-03-10,PE,COMERCIO_PEQUENO,1,1,2700,2,icloud.com,0
KP300897,14/09/2021,CL,comercio_pequeno,2,0,1781,13,yahoo.com,
KP301102,07-09-2023,chile ,individuo,1,1,1058,0,outlook.com,1
KP301143,2018-09-29,CL,pyme,3,0,2862,119,outlook.com,1
KP304024,12-03-2019,CL,persona,2,1,2698,38,gmail.com,1
KP304796,2026-07-07,CL,persona,3,no,24,23,kipu.cl,1
KP304359,24-11-2021,CL,comercio_grande,2,1,1710,18,outlook.com,0
KP300875,27/04/2021,CL,COMERCIO_PEQUENO,2,0,1921,199,yahoo.com,1
KP302693,07-04-2020,PE,PERSONA,1,0,2306,65,gmail.com,
KP303218,20-05-2021,CL,persona,2,1,1898,2318,gmail.com,0
KP303654,31-05-2024,Chile,persona,2,0,791,,kipu.cl,1
KP303892,18-11-2022,US,persona,3,1,1594,282,outlook.com,1
KP301414,28-06-2021,CL,comercio_pequeno,2,no,1859,1763,gmail.com,
KP303757,19-01-2022,CO,comercio_grande,2,1,1654,135,icloud.com,0
KP303571,28/09/2018,CL,persona,2,no,2863,1162,yahoo.com,1
KP300847,2022-06-17,CL,PERSONA,2,1,1505,98,gmail.com,
KP304036,2019-07-27,CL,persona,,si,2561,136,hotmail.com,0
KP304556,2022-04-28,CL,individuo,2,1,1555,112,yahoo.com,1
KP304205,11-04-2022,CL,persona,0,1,1572,15,yahoo.com,
KP303231,30-11-2023,Brazil,PERSONA,2,1,974,143,gmail.com,1
KP303564,06-02-2022,Peru,comercio_pequeno,2,1,1636,1,icloud.com,1
KP302410,23-12-2025,CL,empresa,3,0,220,184,yahoo.com,1
KP302152,2018-12-06,CL,persona,1,1,2794,8,yahoo.com,0
KP303792,2026-01-16,CL,persona,2,1,196,20,icloud.com,1
KP300575,24/02/2026,CL,persona,1,0,157,132,guerrillamail.com,
KP301980,2023-06-22,Venezuela,persona,1,1,1135,89,hotmail.com,
KP303629,2023-03-13,CL,comercio_pequeno,2,1,1236,3610,10minutemail.com,0
KP301073,06-06-2020,CL,individuo,1,si,2246,27,kipu.cl,
KP303427,2020-05-04,Estados Unidos,COMERCIO_GRANDE,2,1,2279,38,outlook.com,1
KP300308,23-01-2021,CL,persona,0,1,2015,64,yahoo.com,
KP300359,05-06-2026, CL,COMERCIO_PEQUENO,1,0,644,1305,gmail.com,0
KP300103,2025-01-19,CL,Persona,0,1,558,15,kipu.cl,0
KP301831,20-09-2022,CL,persona,1,1,1410,110,icloud.com,1
KP303610,09/10/2019,cl,Persona,2,no,2487,176,hotmail.com,1
KP301925,02-10-2022,CL,Persona,1,1,1398,3253,icloud.com,1
KP301866,24-06-2018,CL,Persona,1,0,2959,149,yahoo.com,0
KP304946,2020-01-12,cl,persona,3,1,2392,18,yahoo.com,1
KP303995,27/11/2022,CL,comercio_pequeno,1,si,1342,13,yahoo.com,1
KP302349,02/06/2019,CL,persona,1,,2616,32,kipu.cl,1
KP303281,07/09/2019,CL,comercio_pequeno,0,1,2519,2693,yahoo.com,1
KP301810,05-02-2019,CL,persona,2,1,2733,13,outlook.com,1
KP303255,07/04/2022,COLOMBIA,persona,2,,1576,83,kipu.cl,1
KP303389,2020-09-14,CL,persona,1,1,2146,,,1
KP304743,06/12/2022,CL,persona,-1,1,1333,,yahoo.com,1
KP302918,2026-02-28,CO,persona,1,,153,14,hotmail.com,1
KP302364,11/06/2024,VE,PERSONA,2,1,780,6,outlook.com,1
KP301921,19-08-2024,CL,persona,2,0,711,55,gmail.com,
KP304246,28/07/2026,cl,persona,0,1,3,57,,1
KP302992,23-10-2020,CHILE,comercio_pequeno,2,1,2572,291,hotmail.com,1
KP300266,08-10-2025,CL,persona,2,si,296,13,kipu.cl,1
KP302457,27/01/2019,CL,comercio_pequeno,2,1,2742,12,icloud.com,0
KP304768,2026-01-21,PE,persona,3,0,191,14,icloud.com,1
KP304129,10-10-2025,CL,comercio_pequeno,2,1,294,109,icloud.com,0
KP301558,27-12-2020,CL,comercio_pequeno,2,si,2042,2,gmail.com,1
KP304896,22-10-2020,CHILE,comercio_pequeno,0,si,2108,37,icloud.com,0
KP300389,19-03-2026, CL,persona,3,0,134,234,yahoo.com,1
KP300417,03-10-2024,Chile,persona,0,1,1527,3,kipu.cl,1
KP300337,08-04-2021,CL,persona,3,no,1940,223,outlook.com,0
KP301940,09/06/2022,CO,persona,3,no,1513,12,outlook.com,1
KP303666,2024-05-23,Chile,persona,2,,799,,hotmail.com,1
KP301468,11-12-2022,PE,comercio_pequeno,2,1,1328,103,yahoo.com,1
KP301340,27/07/2026,CL,persona,3,si,4,217,outlook.com,1
KP300828,2022-04-11,CL,Persona,1,0,1572,653,icloud.com,1
KP301339,2023-06-27,Brasil,Persona,2,,1130,51,mailinator.com,0
KP301585,2023-06-09,PE,persona,1,,1148,3558,hotmail.com,
KP300234,11-06-2022,CL,comercio_pequeno,2,si,1511,60,gmail.com,1
KP304282,29/08/2020,CL,persona,1,,2162,2,outlook.com,1
KP300820,26-11-2021,Perú,persona,1,1,1708,92,yahoo.com,0
KP301654,11-06-2022,CL,PERSONA,2,1,1511,196,yahoo.com,0
KP300837,2023-07-20,BR,comercio_pequeno,3,1,1107,124,yahoo.com,
KP300781,20/12/2020,Estados Unidos,comercio_pequeno,0,1,2049,136,outlook.com,1
KP300801,23-12-2021,CL,comercio_pequeno,1,0,1681,230,gmail.com,0
KP301928,19/05/2025,CL,persona,1,si,438,3878,icloud.com,1
KP301313,2024-04-15,Brazil,PERSONA,3,si,837,4,hotmail.com,1
KP302112,08/08/2025,CL,persona,2,,357,89,hotmail.com,0
KP303422,06/05/2020,AR,pyme,2,0,2277,9,,1
KP301772,2025-07-30,Argentina,comercio_grande,1,1,366,3390,gmail.com,1
KP303383,21/04/2025,cl,persona,2,1,466,3225,gmail.com,1
KP304856,20-08-2020,AR,persona,1,1,2171,20,yahoo.com,1
KP302904,2023-03-16,CO,persona,2,1,1233,5,gmail.com,
KP304765,09-10-2025,cl,individuo,1,0,295,870,yahoo.com,1
KP300373,02-08-2018,CL,persona,2,0,2920,5,tempmail.io,1
KP302435,22/08/2020,Chile,individuo,1,0,2169,5,hotmail.com,1
KP303927,2024-11-29,BR,persona,2,1,609,199,kipu.cl,1
KP302042,25-01-2020,CL,persona,3,1,2379,,yahoo.com,1
KP304756,05/11/2024,CL,PERSONA,2,,633,267,yahoo.com,1
KP300261,05-03-2021,CL,COMERCIO_GRANDE,3,0,1974,,gmail.com,
KP302656,10/02/2026,Brazil,Persona,-1,si,302,292,gmail.com,
KP304498,06/11/2025,PE,persona,2,no,267,102,gmail.com,1
KP302790,23/08/2020,Venezuela,Persona,1,1,2168,2246,outlook.com,1
KP303490,2026-03-12,CL,persona,2,1,141,176,yahoo.com,1
KP304951,2026-01-02,chile ,persona,2,0,210,1343,yahoo.com,1
KP300104,2022-12-13,CL,comercio_pequeno,2,1,1326,57,hotmail.com,1
KP302969,09/07/2025,CL,persona,2,0,387,258,outlook.com,1
KP304211,23-10-2019,CL,persona,2,,2473,165,yahoo.com,1
KP300752,03-07-2025,CL,comercio_grande,,1,393,0,hotmail.com,0
KP302026,16-03-2020,CL,comercio_grande,2,si,2328,176,outlook.com,
KP300495,2026-01-25,Chile,persona,2,0,187,194,gmail.com,1
KP300971,21/10/2021,CL,persona,0,1,1744,248,kipu.cl,1
KP303312,2022-11-05,CL,comercio pequeño,0,0,1364,109,outlook.com,1
KP301534,2025-08-14, CL,comercio_pequeno,1,1,351,179,outlook.com,1
KP300871,08-01-2022,CL,Persona,2,si,1665,86,kipu.cl,1
KP300774,2020-04-05,CL,persona,0,si,2308,4,icloud.com,1
KP304483,10-03-2022,CL,pyme,2,0,1604,218,outlook.com,0
KP301393,2025-04-21,US,persona,2,1,466,249,kipu.cl,1
KP302530,2024-05-07,CL,individuo,1,,815,267,outlook.com,1
KP302685,15/07/2023,PE,pyme,3,1,1112,0,icloud.com,1
KP300564,23-12-2022,CL,comercio_pequeno,3,1,1316,2070,icloud.com,0
KP300656,2024-12-12,BR,Persona,3,1,596,631,hotmail.com,
KP302034,22/04/2021,CL,Persona,3,si,1926,83,gmail.com,1
KP303916,22-12-2019,CL,PERSONA,0,no,2413,247,outlook.com,0
KP302840,06-08-2020,chile ,comercio_grande,-1,1,2643,36,hotmail.com,1
KP304375,18/10/2018,CL,Persona,3,1,2843,1398,kipu.cl,1
KP301383,2019-05-10,CL,comercio_grande,2,1,2639,666,icloud.com,0
KP302483,2021-04-25,CL,PERSONA,1,1,2704,10,gmail.com,1
KP301877,27/07/2024,Chile,persona,0,si,734,3817,yahoo.com,0
KP301237,05-03-2024,BR,persona,2,1,878,16,icloud.com,0
KP303320,2026-02-13,CL,Persona,2,1,168,18,kipu.cl,
KP304177,06-08-2018,Chile,persona,1,,2916,0,outlook.com,1
KP301042,2026-02-17,cl,comercio_pequeno,0,1,761,5,gmail.com,
KP302298,2026-05-16,CL,Persona,2,1,738,181,gmail.com,1
KP304404,02/06/2019,CL,persona,2,1,2616,19,kipu.cl,1
KP301118,27-03-2022,CL,persona,1,0,1587,2323,outlook.com,1
KP302028,16-04-2019,CL,persona,3,0,2663,246,tempmail.io,1
KP303813,2019-12-05,VE,persona,1,si,2430,5,yahoo.com,0
KP300563,16-11-2022,PE,persona,2,1,1353,142,kipu.cl,
KP300450,2022-12-15,CHILE,persona,1,1,1324,274,icloud.com,
KP301234,06/11/2021,CL,persona,2,1,1728,3669,kipu.cl,0
KP301659,06-11-2018,CL,comercio grande,2,0,2824,240,icloud.com,
KP301868,19/07/2026,CL,persona,3,si,12,2264,yahoo.com,0
KP301765,21-08-2022,CL,persona,2,no,1588,113,gmail.com,1
KP302937,27/11/2024,CL,persona,2,0,611,350,gmail.com,
KP302594,12-06-2022,CL,persona,2,si,1510,3165,outlook.com,0
KP304234,2022-11-20,CL,PERSONA,0,1,1349,203,gmail.com,1
KP301292,13/09/2019,CL,persona,2,0,2513,6,yahoo.com,1
KP304640,12/09/2023,CL,PERSONA,1,1,-111,2341,gmail.com,1
KP304123,21-07-2026,CL,persona,1,1,10,54,outlook.com,1
KP302113,20-02-2021,Chile,persona,0,,1987,18,gmail.com,
KP302383,28/05/2023,CL,persona,2,1,1160,170,gmail.com,1
KP300330,2019-08-10,CL,persona,2,1,2547,1023,yahoo.com,1
KP304007,18/10/2020,RU,individuo,2,0,2112,12,icloud.com,1
KP303473,18-04-2020,CL,persona,2,0,-98,3984,yahoo.com,
KP304070,04/04/2021,CHILE,persona,1,1,1944,177,kipu.cl,1
KP300702,2023-09-26,CL,COMERCIO_PEQUENO,2,si,1039,7,hotmail.com,1
KP303107,2018-09-29, CL,comercio pequeño,2,0,3300,20,outlook.com,
KP303189,31-07-2025,Chile,individuo,0,1,365,148,hotmail.com,1
KP301214,17/04/2020,CL,comercio_grande,3,0,2296,0,gmail.com,
KP302402,25/11/2021,US,comercio_pequeno,2,1,1709,250,outlook.com,1
KP302230,21-11-2021,BRASIL,persona,3,no,1713,40,kipu.cl,
KP303209,2022-01-24,Venezuela,persona,2,1,1836,5,icloud.com,1
KP303233,2024-07-18,US,persona,0,0,743,46,gmail.com,
KP301923,2022-08-18,NG,Persona,1,0,1443,112,kipu.cl,1
KP300524,2022-10-25,CL,persona,1,no,1375,,icloud.com,
KP302956,2024-11-13,Chile,empresa,2,1,625,7,outlook.com,1
KP304662,2021-05-25,CL,comercio_pequeno,1,1,1893,17,yahoo.com,1
KP304883,2019-05-12,PE,individuo,3,1,2637,0,gmail.com,0
KP303210,03/06/2025,CL,persona,2,0,423,11,outlook.com,1
KP302598,2019-02-24,CL,PERSONA,2,0,2714,0,,0
KP301918,22/12/2019,cl,persona,2,1,2413,1,hotmail.com,1
KP302821,2024-07-24,CL,PERSONA,3,1,737,1589,gmail.com,0
KP302779,2020-03-14,CL,PERSONA,2,0,2330,,yahoo.com,1
KP302989,06/09/2024,CL,PERSONA,0,0,693,0,yahoo.com,1
KP300150,24/12/2019,CL,persona,1,1,2411,11,yahoo.com,0
KP303049,2019-11-30,CL,Persona,3,,2435,7,kipu.cl,1
KP304950,2021-04-26,chile ,persona,0,1,1922,7,hotmail.com,
KP300218,01/02/2019,CL,PERSONA,1,no,2737,2363,kipu.cl,1
KP300021,2020-09-22,CL,persona,3,no,2138,,gmail.com,1
KP301979,07-04-2026,AR,comercio_pequeno,2,1,115,254,outlook.com,
KP304331,2022-06-27,AR,persona,2,0,1495,221,gmail.com,1
KP302631,2025-09-11,chile ,persona,3,1,323,98,kipu.cl,1
KP300758,19-11-2025,AR,individuo,3,1,254,,yahoo.com,1
KP301078,03-12-2020,US,PERSONA,0,1,2066,97,outlook.com,
KP304066,27/02/2020,CL,persona,3,,2346,1648,yahoo.com,1
KP301966,28-07-2020,CL,comercio pequeño,2,si,2194,0,gmail.com,
KP300325,29-04-2023,CL,Persona,3,1,1189,108,icloud.com,1
KP300467,27-09-2020,chile ,persona,0,1,2133,9,gmail.com,1
KP300710,22-01-2025,PE,persona,0,0,555,34,gmail.com,0
KP300120,27/09/2022,CL,persona,2,1,1403,11,hotmail.com,1
KP304831,31-12-2024,AR,PERSONA,2,1,577,105,outlook.com,
KP304570,09/12/2024, CL,persona,2,1,599,,icloud.com,0
KP303762,28-01-2023,cl,COMERCIO_PEQUENO,2,0,1280,13,icloud.com,1
KP302654,27/10/2021,CL,PERSONA,2,1,1738,2618,kipu.cl,1
KP304160,2025-01-13,CL,persona,2,si,564,644,outlook.com,1
KP301959,19/07/2026,AR,persona,1,1,12,,hotmail.com,0
KP303721,04-06-2026,CL,persona,3,0,57,13,yahoo.com,
KP303431,2025-01-19,CL,persona,3,si,558,3899,icloud.com,0
KP300703,10/10/2020,Colombia,individuo,2,1,2120,,,0
KP302829,2021-01-31,AR,comercio pequeño,3,0,2007,2153,gmail.com,1
KP301320,2024-04-18, CL,PERSONA,0,0,834,7,gmail.com,1
KP300398,23/06/2019,CL,persona,1,si,2595,3615,icloud.com,1
KP304582,2022-03-01,CL,persona,2,1,1613,0,kipu.cl,1
KP300168,15/09/2018,CHILE,persona,0,1,2876,0,hotmail.com,1
KP303475,2020-11-05,CL,Persona,1,si,2094,79,hotmail.com,0
KP303770,27-11-2018,CL,PERSONA,,1,2803,6,gmail.com,
KP303573,18-12-2024,CL,persona,2,1,590,2810,gmail.com,
KP304940,17-09-2022,CL,comercio pequeño,1,,1413,281,kipu.cl,
KP300492,14-04-2020,CL,persona,2,1,2714,11,icloud.com,1
KP300412,08/12/2021,CL,persona,3,1,1696,3759,outlook.com,1
KP302745,24/05/2022,CO,persona,2,1,1529,1349,outlook.com,1
KP304193,16/06/2019,CL,individuo,1,,2602,88,gmail.com,
KP301611,26/12/2020,CL,persona,3,1,2043,281,icloud.com,1
KP302701,2024-08-18,AR,persona,3,no,712,269,icloud.com,1
KP302538,19-08-2025,CL,persona,2,1,869,279,kipu.cl,0
KP303651,2019-12-10,CL,Persona,2,1,2425,258,kipu.cl,1
KP302706,2025-02-28,cl,persona,1,si,518,,outlook.com,1
KP304020,24/08/2023,CL,individuo,2,0,1072,296,yahoo.com,
KP304130,03/06/2023,CL,persona,1,1,1154,106,,1
KP300345,2018-09-03,CL,persona,1,,2888,77,hotmail.com,1
KP301257,25-01-2022,PE,persona,2,1,1648,286,gmail.com,1
KP304997,20-09-2020,CL,persona,3,no,2140,41,gmail.com,
KP304711,10/03/2026,CL,persona,0,1,143,259,kipu.cl,1
KP301184,11/11/2024,CL,Persona,2,1,627,4,gmail.com,
KP303844,08/06/2026,CL,individuo,3,,53,42,gmail.com,
KP300973,13/02/2022,CL,persona,2,1,1629,0,gmail.com,
KP304469,04/10/2022,CL,persona,2,1,1396,174,hotmail.com,1
KP300905,06-02-2026,CL,pyme,1,0,175,,hotmail.com,
KP304388,08-12-2019,VE,persona,3,1,2427,192,gmail.com,1
KP304925,2020-04-12,cl,individuo,3,0,2301,264,hotmail.com,1
KP303411,04-04-2026,COLOMBIA,comercio grande,2,no,118,1151,gmail.com,
KP303579,2019-01-04,CL,persona,2,1,2765,60,outlook.com,
KP301119,18-01-2020,chile ,persona,0,1,2386,5,yahoo.com,
KP304385,17/09/2021,VE,individuo,0,1,2588,113,outlook.com,1
KP301138,26-03-2021,CL,persona,3,,1953,267,kipu.cl,1
KP302476,03-03-2021,CL,persona,0,1,1976,2244,hotmail.com,
KP303640,16-04-2021,CL,persona,2,1,1932,86,gmail.com,1
KP300124,19-09-2019,CL,persona,2,1,2507,172,icloud.com,0
KP304494,02-04-2026,CL,persona,2,si,120,,gmail.com,1
KP301415,06/06/2020,chile ,persona,1,1,2246,3,outlook.com,1
KP304807,27-07-2024,CL,individuo,1,,-114,0,,0
KP304714,29-10-2021,CL,Persona,1,1,1736,7,icloud.com,0
KP301891,2022-08-17,CL,individuo,2,1,1444,6,outlook.com,0
KP300738,2023-03-03,CO,persona,1,0,1429,6,hotmail.com,1
KP303379,09-10-2019,cl,PERSONA,3,1,2487,45,gmail.com,
KP303057,2026-10-04,CL,individuo,1,1,-122,13,gmail.com,1
KP303437,2022-11-23,CL,comercio_grande,3,1,1346,6,gmail.com,0
KP302985,29/07/2021,CL,persona,2,1,1828,3,kipu.cl,0
KP300797,22/04/2020,CL,comercio_pequeno,2,si,2291,218,icloud.com,1
KP302623,2021-07-12,Chile,comercio_pequeno,2,1,1845,219,gmail.com,0
KP301479,13/03/2021,BR,persona,2,0,1966,0,kipu.cl,
KP302497,2020-03-23,AR,persona,2,1,2321,3,icloud.com,1
KP302380,2024-03-02,CL,comercio_pequeno,2,0,881,0,10minutemail.com,
KP303381,2025-02-10,CL,persona,1,1,536,83,yahoo.com,0
KP300888,16-09-2021,CL,persona,2,1,1779,17,hotmail.com,
KP304340,13/09/2023,CL,Persona,,1,1052,129,gmail.com,0
KP301047,04/03/2026,CL,Persona,1,0,149,50,icloud.com,
KP304478,2020-08-05,Chile,persona,0,0,2186,259,yahoo.com,1
KP304091,12-06-2019,CL,PERSONA,1,si,2606,193,gmail.com,1
KP303167,27-11-2024,CL,persona,3,1,611,271,,0
KP304885,2022-08-29,BR,persona,2,1,1432,39,hotmail.com,
KP303341,2019-08-09,Chile,persona,2,1,2548,,icloud.com,1
KP300981,2021-06-25, CL,persona,2,1,1862,16,hotmail.com,1
KP301829,26/04/2023, CL,persona,1,1,1192,214,yahoo.com,1
KP304378,2021-08-24,CL,persona,2,,1802,199,gmail.com,0
KP303568,11-03-2020,Peru,persona,1,1,2592,,kipu.cl,1
KP303262,2023-11-23,CL,persona,3,0,981,19,icloud.com,1
KP302063,21/09/2020,cl,PERSONA,1,0,2139,1675,outlook.com,1
KP301800,20/10/2020,BRASIL,comercio pequeño,3,1,2110,10,hotmail.com,1
KP304978,29/08/2018,CL,Persona,0,,2893,8,icloud.com,0
KP300098,20/05/2020,CL,Persona,2,,2263,202,icloud.com,1
KP303969,07-06-2022,CL,persona,0,0,1515,1,gmail.com,1
KP301345,29-10-2018,CL,Persona,3,no,2832,26,outlook.com,
KP303588,28-11-2019,Chile,comercio_pequeno,2,0,2437,263,hotmail.com,0
KP300785,2021-02-28,chile ,persona,0,1,1979,3032,yahoo.com,1
KP304424,2020-08-22,CL,persona,2,1,2169,16,gmail.com,1
KP300481,2026-01-29,CL,persona,3,1,183,0,icloud.com,1
KP303382,29-07-2020,CL,persona,3,si,2193,6,kipu.cl,
KP304321,11/08/2019,Rusia,comercio_pequeno,2,0,2546,9,,1
KP300403,11-04-2023,CL,comercio pequeño,3,0,1207,,gmail.com,
KP301784,2020-04-12,CL,individuo,1,1,2301,120,yahoo.com,
KP300999,10-12-2024,CL,persona,2,0,598,147,kipu.cl,1
KP300658,2026-03-06,US,persona,2,1,147,41,gmail.com,1
KP300413,05/10/2022, CL,Persona,2,1,1395,64,gmail.com,1
KP304209,16-03-2024,VE,PERSONA,3,1,867,119,icloud.com,1
KP304651,11-08-2022,CL,persona,0,1,1450,7,yahoo.com,1
KP303699,2021-08-25,CL,persona,1,1,1801,51,outlook.com,1
KP304357,04/09/2022,CL,comercio_pequeno,3,1,1426,13,outlook.com,
KP302852,04-09-2022,CL,persona,2,1,1426,15,kipu.cl,1
KP300773,2023-01-27,PE,persona,1,1,1281,293,hotmail.com,1
KP300242,18-02-2021,CL,persona,1,1,1989,,kipu.cl,1
KP301203,06-03-2024,CL,persona,2,si,877,5,icloud.com,1
KP302686,2019-09-05, CL,comercio_grande,1,,2521,24,hotmail.com,1
KP302513,17/02/2020,Peru,persona,,1,2356,20,gmail.com,0
KP300371,2025-04-13,CL,persona,3,no,474,856,gmail.com,1
KP302032,15/08/2023,CL,Persona,3,1,1760,9,icloud.com,0
KP303873,2020-06-05,CL,comercio_pequeno,2,1,2247,149,kipu.cl,1
KP302214,29-02-2024,CHILE,persona,0,,883,38,yahoo.com,1
KP302972,21/01/2021,CL,comercio_pequeno,1,no,2017,175,kipu.cl,
KP300832,09/03/2021,CL,individuo,-1,si,1970,285,hotmail.com,0
KP304979,2024-08-17,CHILE,persona,2,no,713,58,gmail.com,1
KP304222,02-11-2025,CL,persona,1,1,271,150,gmail.com,1
KP303149,15/11/2020,CL,PERSONA,0,1,2084,0,hotmail.com,
KP303244,16-01-2019,CHILE,PERSONA,0,0,2753,,gmail.com,0
KP303546,2024-04-07,CL,persona,3,,1396,3548,outlook.com,
KP300867,07/12/2019,CL,persona,2,1,2428,5,outlook.com,1
KP304728,2025-04-22,cl,PERSONA,2,0,-74,13,icloud.com,1
KP303849,2020-09-24,CL,empresa,2,1,2136,17,yahoo.com,1
KP301563,07-01-2021,CL,persona,0,1,2031,11,gmail.com,
KP302507,02/07/2018, CL,persona,2,0,2951,207,yahoo.com,
KP300070,2018-09-20,CL,persona,3,,2871,12,gmail.com,
KP302606,2024-11-14,Chile,persona,0,1,624,782,hotmail.com,1
KP304507,22/04/2021,cl,PERSONA,2,1,1926,173,gmail.com,1
KP300396,10-03-2020,CL,persona,1,0,2334,,outlook.com,1
KP302519,07/03/2025, CL,individuo,0,1,511,227,icloud.com,1
KP304556,2022-04-28,CL,individuo,2,1,1555,112,yahoo.com,1
KP301576,2023-07-04,CL,persona,2,1,1123,601,hotmail.com,
KP303344,2024-04-19,CL,persona,3,0,833,3049,kipu.cl,0
KP303202,11-06-2021,US,PERSONA,1,1,1876,242,,1
KP304168,07-06-2019,US,comercio_pequeno,0,1,2611,2570,gmail.com,1
KP301787,18/12/2022, CL,persona,2,1,-185,123,yahoo.com,1
KP303997,2025-05-15,CL,persona,1,1,442,94,kipu.cl,
KP301749,24/06/2022,CL,individuo,2,1,1498,57,kipu.cl,
KP300967,2023-10-06,CL,persona,2,1,1029,5,outlook.com,1
KP301387,07/09/2018,chile ,persona,2,0,2884,182,outlook.com,0
KP304277,16/04/2026,cl,individuo,2,1,106,118,gmail.com,1
KP304179,2023-03-05,CL,persona,3,1,1244,5,yahoo.com,
KP301463,2025-04-18,chile ,PERSONA,1,no,469,419,kipu.cl,1
KP300273,06/11/2022,CL,persona,2,1,1363,1,icloud.com,1
KP303418,2023-09-15,CL,persona,0,1,1050,160,icloud.com,0
KP304993,2022-03-14,CL,individuo,1,1,1600,7,outlook.com,0
KP300202,11-08-2021,BRASIL,Persona,1,si,1815,204,outlook.com,1
KP304569,13/02/2027,PE,comercio_grande,0,,0,13,hotmail.com,1
KP302111,2022-04-03,NG,persona,1,1,1580,3031,,1
KP304894,02-06-2019,chile ,individuo,0,1,2616,828,outlook.com,0
KP300344,01-04-2023,CO,persona,2,,1217,45,icloud.com,0
KP301161,2020-05-04, CL,comercio_pequeno,3,1,2279,153,icloud.com,1
KP303464,2025-06-18,BR,Persona,0,si,408,134,icloud.com,1
KP304977,29-09-2019,BR,persona,0,0,2497,18,kipu.cl,0
KP303986,2019-11-11,CHILE,persona,2,1,2454,1746,outlook.com,1
KP304186,21/04/2019,cl,persona,1,1,2658,1,yahoo.com,1
KP304605,05/07/2021,CL,persona,1,0,1852,16,icloud.com,1
KP301433,14/07/2023,CL,comercio_pequeno,0,si,1113,3285,gmail.com,0
KP300212,18-07-2026,CL,comercio_pequeno,1,,-75,0,outlook.com,1
KP303671,2026-06-09,CL,persona,3,si,52,5,outlook.com,1
KP300599,31-05-2022,CL,persona,0,0,1522,92,yahoo.com,
KP304663,28/03/2025,CHILE,persona,2,,1289,39,,
KP304713,2022-08-20,CL,persona,1,,1441,1121,gmail.com,1
KP303678,12/07/2023,ARGENTINA,persona,2,1,1115,185,gmail.com,
KP300983,25-05-2021,CL,persona,2,1,1893,3,yahoo.com,
KP301071,2022-01-13,CL,persona,2,si,1660,112,gmail.com,0
KP301357,25/10/2019,cl,persona,3,1,2471,162,yahoo.com,1
KP304470,22-10-2022,Chile,persona,,0,1378,227,gmail.com,1
KP304526,05/02/2020,CL,persona,,1,2368,19,icloud.com,0
KP300311,2023-04-01,US,comercio_grande,1,1,1217,1888,kipu.cl,
KP304861,2026-02-18,CL,Persona,0,1,163,264,gmail.com,0
KP303920,19/01/2021,CHILE,individuo,1,0,2019,3556,gmail.com,1
KP301582,14-02-2023, CL,persona,2,,1263,12,gmail.com,0
KP302335,27-03-2024,CL,persona,1,,856,48,gmail.com,1
KP300067,22/08/2025,CL,individuo,1,si,343,195,guerrillamail.com,1
KP302181,23-06-2020,PE,comercio_grande,1,1,2229,9,yahoo.com,1
KP304554,2018-11-02,CL,persona,2,1,2828,3279,kipu.cl,0
KP301488,13-04-2022,CL,individuo,2,1,1570,262,hotmail.com,
KP304914,25-04-2025,CL,persona,2,1,462,1322,outlook.com,1
KP304541,28-05-2020,CL,persona,1,0,2255,95,kipu.cl,1
KP301678,2022-12-28,CL,individuo,2,1,2119,45,gmail.com,
KP303513,09-03-2020,CL,comercio_pequeno,3,no,2335,187,yahoo.com,1
KP302567,2024-03-20,CL,persona,2,no,863,12,outlook.com,1
KP300388,13/07/2024,PE,persona,2,1,881,2200,icloud.com,1
KP303692,04/04/2020,Venezuela,comercio_pequeno,0,no,2309,10,icloud.com,1
KP302766,23/09/2021,CL,COMERCIO_PEQUENO,1,1,1772,272,hotmail.com,1
KP300977,20-07-2025,EEUU,comercio_pequeno,2,,1266,9,gmail.com,1
KP303614,02-01-2022,BR,individuo,2,1,2348,289,icloud.com,0
KP300259,02-08-2020,Chile,Persona,2,1,2189,100,hotmail.com,1
KP300898,2024-07-30,CL,persona,2,0,731,217,hotmail.com,0
KP302193,2025-07-22,CL,persona,2,1,374,2283,yahoo.com,
KP302672,2020-12-27,PE,persona,3,1,2042,6,yahoo.com,1
KP301618,31-07-2022,CL,persona,1,,1461,19,kipu.cl,0
KP300416,2018-08-08,CO,PERSONA,1,1,2914,32,outlook.com,
KP303435,2023-07-08,CL,individuo,2,1,1119,,kipu.cl,
KP303601,24-02-2026,CL,persona,3,no,157,217,outlook.com,1
KP304622,18/09/2020,CL,persona,1,0,2142,18,kipu.cl,0
KP300960,06/07/2025,CL,pyme,3,1,390,240,10minutemail.com,0
KP301011,25/02/2026,CL,Persona,1,si,156,171,yahoo.com,1
KP300490,2024-02-25,CL,persona,2,1,887,147,hotmail.com,1
KP303106,05/12/2022,CL,persona,1,1,1334,20,icloud.com,1
KP301900,14/10/2019,PERU,persona,1,1,2482,2318,outlook.com,0
KP300172,2020-03-04,VE,persona,1,1,2340,1526,yahoo.com,0
KP300697,13-12-2025,PE,Persona,1,0,230,7,gmail.com,
KP304604,2025-07-13,PE,persona,0,si,383,62,gmail.com,0
KP303778,2018-06-10,Chile,persona,2,si,2973,1,kipu.cl,0
KP300197,27/08/2021,CL,persona,,1,1799,159,yahoo.com,1
KP304032,2018-07-02,CL,persona,0,1,2951,300,outlook.com,1
KP302704,2022-01-12,CL,PERSONA,1,,1661,5,outlook.com,1
KP303342,08/06/2023,CL,comercio_pequeno,,si,1149,218,outlook.com,1
KP302879,28/07/2018,CL,persona,0,si,2925,74,kipu.cl,1
KP300908,21/10/2022,Chile,persona,2,1,1379,2385,outlook.com,1
KP304187,2025-04-28, CL,Persona,0,si,459,1253,gmail.com,1
KP303703,19-08-2018,cl,persona,3,1,2903,16,gmail.com,1
KP301501,25/07/2019,CL,Persona,2,1,2563,,gmail.com,1
KP302582,2026-02-21,CL,persona,1,,160,258,kipu.cl,1
KP303345,2019-01-27,US,persona,2,,2742,1,hotmail.com,1
KP301809,30/05/2026,Chile,individuo,2,0,62,296,gmail.com,1
KP301193,23/04/2024,CL,Persona,1,1,829,110,yahoo.com,0
KP300192,03-07-2025, CL,persona,3,no,1016,19,yahoo.com,1
KP300031,2019-11-16,CL,persona,2,1,2449,256,outlook.com,0
KP304403,04/01/2022,CL,persona,2,0,1669,290,yahoo.com,0
KP303300,13/11/2020,CHILE,persona,2,0,2086,,hotmail.com,1
KP304118,09/04/2020,CO,persona,2,1,2304,132,outlook.com,1
KP302180,16/08/2019,CHILE,persona,2,,2541,27,gmail.com,1
KP300988,15-09-2018,PE,persona,2,,2876,217,yahoo.com,1
KP301471,07-12-2021,CL,persona,0,si,1697,191,yahoo.com,1
KP304852,2022-12-01,PE,individuo,2,1,1338,5,gmail.com,0
KP303905,10/12/2024,BR,comercio_pequeno,2,1,598,4,icloud.com,1
KP301432,2021-04-25,CL,persona,3,0,1923,3244,outlook.com,
KP301690,11-05-2024,BR,persona,1,1,811,112,gmail.com,1
KP301989,10-02-2019,PE,Persona,2,,2728,13,yahoo.com,1
KP301855,2024-09-13,Chile,persona,1,si,1467,4,icloud.com,0
KP303213,2020-04-03,PE,persona,0,1,2310,229,kipu.cl,1
KP302453,03/10/2019,chile ,Persona,0,0,2493,203,gmail.com,1
KP300043,2019-07-22,Peru,PERSONA,3,si,2566,14,hotmail.com,1
KP301757,2025-10-30,CL,Persona,2,1,274,16,gmail.com,0
KP302533,2019-11-19,CL,persona,2,1,2446,106,icloud.com,1
KP301196,28/05/2019,cl,persona,2,1,2621,14,gmail.com,1
KP301953,24-09-2022,CL,persona,3,1,1406,2597,gmail.com,1
KP300032,25/10/2025,CL,persona,2,1,279,823,hotmail.com,0
KP302330,2020-04-24,CL,COMERCIO_PEQUENO,-1,1,2289,191,hotmail.com,1
KP301291,01-04-2021,CL,comercio_grande,2,0,1947,1422,guerrillamail.com,0
KP301390,2025-12-18,CL,persona,2,1,225,288,gmail.com,1
KP301799,2021-11-19,BR,comercio pequeño,0,1,1715,19,gmail.com,1
KP301847,29-04-2026,CL,Persona,1,no,93,2208,yahoo.com,1
KP302013,01/06/2021,CL,persona,3,0,2116,2900,icloud.com,1
KP303981,2019-03-07,CL,persona,2,0,2703,172,kipu.cl,1
KP304194,13-03-2022,CL,Persona,1,1,1601,,outlook.com,1
KP304482,15-10-2024,CL,persona,3,1,654,2927,,1
KP303754,21/01/2020,CL,persona,3,1,2383,0,hotmail.com,1
KP302866,02-10-2021,NG,comercio_pequeno,1,1,1763,,yahoo.com,1
KP304072,15/08/2025,CL,persona,1,1,350,12,icloud.com,
KP303082,29/10/2022,chile ,persona,3,0,1371,18,outlook.com,0
KP303175,2018-08-01,AR,Persona,0,1,2921,268,outlook.com,0
KP302361,12-03-2020,CL,persona,2,1,2440,,outlook.com,1
KP303993,2023-02-26,PE,PERSONA,0,0,1251,,mailinator.com,1
KP303794,07/03/2024,CL,persona,3,1,876,64,,1
KP303531,21/07/2024,CHILE,comercio pequeño,3,,740,,mailinator.com,1
KP303386,02-06-2020,CL,COMERCIO_GRANDE,0,1,2250,14,kipu.cl,1
KP300193,2025-08-15,CL,comercio_pequeno,2,1,350,952,yahoo.com,1
KP304760,24/06/2022,CL,comercio pequeño,2,,1498,93,kipu.cl,1
KP300796,2026-04-16,ARGENTINA,persona,0,0,106,,outlook.com,0
KP300644,24/10/2023,CL,persona,3,1,1011,1277,gmail.com,1
KP301687,02-06-2023,CL,COMERCIO_PEQUENO,1,,1155,0,hotmail.com,
KP302535,16-10-2024,CL,comercio_pequeno,2,1,653,20,yahoo.com,0
KP302630,13-09-2021,CL,pyme,0,1,1782,2,kipu.cl,1
KP300674,05/10/2019,CL,persona,,1,2491,6,kipu.cl,1
KP303013,27-10-2018,CL,persona,2,1,2834,112,yahoo.com,1
KP300498,15-07-2024,cl,persona,2,0,746,1890,gmail.com,0
KP301116,15/04/2019,chile ,persona,1,1,2664,18,outlook.com,1
KP303688,20-08-2020,CL,Persona,3,0,2171,1625,hotmail.com,1
KP302198,2025-07-22,Chile,Persona,2,,374,5,,
KP301798,26/04/2025,US,Persona,2,1,461,13,outlook.com,1
KP300506,30-10-2021,Brazil,comercio_pequeno,0,1,1735,209,gmail.com,0
KP301311,05-04-2021,CL,individuo,2,,1943,243,yahoo.com,1
KP300589,19/07/2021,CL,persona,3,,1838,0,outlook.com,1
KP304626,2021-04-07,CL,comercio pequeño,3,1,1941,1,kipu.cl,1
KP300223,10/10/2023, CL,individuo,3,0,1025,208,yahoo.com,1
KP304131,2019-02-08,CL,persona,1,1,-26,15,kipu.cl,1
KP302746,07/01/2023,CL,persona,2,,1301,935,yahoo.com,1
KP304496,17/03/2024,CO,COMERCIO_PEQUENO,2,0,866,254,yahoo.com,1
KP301571,2021-03-03,CL,persona,1,0,1976,8,gmail.com,0
KP301592,01/07/2025,CL,individuo,0,1,395,275,yahoo.com,0
KP301756,01/09/2025,chile ,persona,3,1,333,113,outlook.com,0
KP304701,2022-09-22,CL,comercio pequeño,0,1,1408,15,icloud.com,1
KP300014,15-12-2023,CL,persona,3,1,959,10,icloud.com,0
KP303673,29-11-2018,PE,comercio pequeño,3,0,2801,82,icloud.com,0
KP303575,03/02/2024, CL,persona,0,0,909,239,hotmail.com,1
KP304511,20/04/2023,cl,persona,2,1,1198,2654,yahoo.com,1
KP302740,23/12/2022,Chile,comercio_pequeno,3,1,1316,264,kipu.cl,1
KP301381,30-05-2019,Chile,persona,1,0,2619,80,yahoo.com,1
KP301493,01-02-2020,CL,persona,2,1,-87,111,yahoo.com,0
KP304534,2019-11-08,BR,persona,2,0,2457,213,gmail.com,1
KP303848,20-05-2022,BR,persona,2,1,1533,40,yahoo.com,1
KP304739,29-04-2020,CL,Persona,2,si,2284,136,hotmail.com,1
KP300666,21-09-2018,VE,persona,1,1,2870,1247,kipu.cl,1
KP300979,17/07/2021,Estados Unidos,comercio_pequeno,3,1,1840,9,hotmail.com,1
KP301715,2021-03-28,CL,individuo,2,0,1951,261,gmail.com,
KP304872,19/12/2023,CL,comercio_pequeno,0,1,955,67,hotmail.com,1
KP304683,04/04/2021,VE,persona,2,1,1944,617,hotmail.com,
KP300989,09/09/2021,CL,comercio_pequeno,2,1,1786,2865,hotmail.com,0
KP300061,2025-05-11,CHILE,persona,1,1,446,8,hotmail.com,0
KP303606,05-05-2026,AR,persona,1,si,87,292,kipu.cl,1
KP300890,01-11-2021,CL,comercio_pequeno,1,si,1733,17,kipu.cl,1
KP303999,2021-03-11,AR,persona,2,1,1968,5,yahoo.com,1
KP301672,2018-12-03,CL,COMERCIO_PEQUENO,2,1,2797,30,icloud.com,1
KP303165,26-05-2026,PE,persona,2,0,66,87,yahoo.com,0
KP300147,08-05-2024,Chile,Persona,0,si,814,0,hotmail.com,
KP304152,2025-12-21,CHILE,individuo,1,0,699,152,icloud.com,1
KP304474,2019-07-27,Chile,individuo,2,1,2561,2288,hotmail.com,1
KP300761,01/12/2021,CL,persona,1,,1703,289,hotmail.com,0
KP300007,20-07-2020,cl,persona,2,0,2202,9,yahoo.com,1
KP300431,30-12-2022, CL,persona,2,1,1309,781,gmail.com,0
KP300597,2025-09-08,CL,individuo,3,si,326,2427,gmail.com,0
KP302618,2021-07-19,CL,persona,2,1,1838,283,outlook.com,
KP304820,24-07-2024,cl,individuo,2,1,737,172,gmail.com,0
KP301331,13-11-2024,chile ,comercio_pequeno,3,0,625,41,kipu.cl,1
KP304343,09-06-2019,CL,persona,1,1,3103,8,outlook.com,1
KP300992,06-01-2020,AR,persona,2,1,2398,182,icloud.com,0
KP304228,24-03-2022, CL,persona,2,si,1590,,outlook.com,
KP304048,2022-12-16,CL,PERSONA,1,0,1323,9,gmail.com,1
KP300476,23-01-2022,ARGENTINA,persona,2,1,1650,10,yahoo.com,1
KP300499,21/09/2019,CL,individuo,0,0,2505,155,gmail.com,0
KP303038,06-01-2020,CL,Persona,1,1,2739,3020,gmail.com,1
KP300811,08-10-2021,chile ,Persona,1,si,1757,128,gmail.com,0
KP302708,14-10-2019,CL,individuo,2,,2482,112,yahoo.com,
KP303526,28/04/2026,Chile,comercio_pequeno,2,,94,821,gmail.com,0
KP301535,21/09/2025,VE,persona,0,1,313,0,hotmail.com,1
KP301988,04/01/2026,CL,persona,2,si,208,2351,outlook.com,
KP300694,2020-01-03, CL,persona,3,1,2401,291,hotmail.com,1
KP301807,2026-02-11,US,pyme,2,0,170,90,gmail.com,0
KP302983,23-08-2025,CL,comercio_pequeno,0,1,342,3213,icloud.com,0
KP300670,2024-11-17,CL,persona,3,,621,3592,kipu.cl,1
KP301065,21/04/2021,CL,persona,3,1,1927,10,yahoo.com,
KP303197,15-08-2024,cl,persona,2,1,715,1,yahoo.com,
KP304043,2020-03-28,CL,persona,1,0,2316,4,gmail.com,
KP301452,22/09/2022,VE,persona,3,0,1408,130,gmail.com,
KP303266,2024-12-21,CL,persona,3,0,587,98,outlook.com,1
KP300473,2019-01-05,CHILE,persona,2,,2764,16,yahoo.com,1
KP301913,2024-03-30,CL,persona,1,1,853,10,,1
KP302884,23/11/2019,CL,persona,3,1,2442,19,outlook.com,1
KP303774,2026-06-07,CL,individuo,3,1,54,110,kipu.cl,1
KP300304,17/04/2021,CL,persona,2,1,1931,139,yahoo.com,0
KP304102,12/11/2025,CL,Persona,3,0,261,12,outlook.com,
KP300756,05-03-2021,CL,comercio_pequeno,2,1,-172,,icloud.com,1
KP301837,2025-10-09,CL,individuo,1,0,295,145,icloud.com,1
KP302788,29/06/2024,CL,persona,1,1,762,229,,0
KP302394,25/11/2019,CL,comercio_pequeno,3,1,2440,243,,0
KP302536,17/10/2024,Chile,PERSONA,2,1,1140,233,icloud.com,1
KP303372,12-03-2022,CL,Persona,1,si,1602,12,outlook.com,
KP300571,03/12/2018,CL,persona,3,1,2797,138,outlook.com,1
KP301530,17/10/2024,VE,individuo,,1,652,98,yahoo.com,
KP301189,02/07/2018,Colombia,persona,1,no,2951,3778,icloud.com,1
KP303318,06-01-2022,PE,persona,2,1,1667,33,tempmail.io,1
KP302156,2024-06-06,CL,PERSONA,2,1,785,5,hotmail.com,1
KP300892,2024-10-04,CL,persona,2,1,665,0,gmail.com,0
KP302433,13-06-2018,chile ,persona,1,0,2970,239,gmail.com,0
KP302040,07/07/2020,CL,persona,1,no,2215,215,gmail.com,1
KP300911,12/07/2019,PE,persona,0,1,2576,160,outlook.com,1
KP303322,19/11/2023,CL,persona,1,,985,231,yahoo.com,
KP302234,18/01/2025,EEUU,PERSONA,2,1,559,14,gmail.com,0
KP300552,16-05-2022,CL,persona,1,0,1537,1,hotmail.com,
KP303297,02/08/2022,CL,comercio_pequeno,1,1,1459,6,icloud.com,1
KP303399,30-11-2022,CL,comercio_pequeno,1,1,1339,3029,outlook.com,1
KP301255,2020-06-29,CL,PERSONA,3,0,2223,2984,gmail.com,1
KP303364,30-08-2022,CL,comercio_grande,2,1,1431,6,yahoo.com,0
KP301228,22-01-2022,CL,persona,2,,1651,239,kipu.cl,1
KP300661,13-04-2021,CL,comercio_pequeno,2,1,1935,216,kipu.cl,0
KP300823,22/01/2023,CL,individuo,0,0,1286,71,outlook.com,1
KP303649,10/08/2020,CL,individuo,1,0,2407,15,gmail.com,1
KP302951,03/06/2021,CL,persona,2,1,1884,161,kipu.cl,1
KP301702,10/03/2023,CL,Persona,2,,1239,169,hotmail.com,0
KP302611,17/10/2022,Venezuela,persona,3,1,1383,244,icloud.com,1
KP303077,01/08/2025,cl,persona,3,si,364,217,icloud.com,1
KP302511,20/11/2019,AR,PERSONA,2,0,2445,68,icloud.com,1
KP304638,19/09/2024,Chile,individuo,2,no,680,240,gmail.com,1
KP302912,2020-04-11,CL,individuo,2,no,2302,216,icloud.com,1
KP304502,2018-08-02,AR,persona,0,1,2920,,yahoo.com,0
KP301253,2026-01-12,CHILE,persona,2,1,200,,guerrillamail.com,
KP301026,2018-11-20,CL,comercio_pequeno,2,0,2810,2116,gmail.com,0
KP302421,05/10/2021,CL,persona,1,no,1760,3,gmail.com,0
KP300361,29-04-2020,AR,persona,0,1,2284,84,hotmail.com,1
KP300595,2025-10-02,CL,comercio_pequeno,2,1,302,3786,gmail.com,0
KP302228,18/06/2018,AR,individuo,2,,2965,68,gmail.com,
KP300277,21-11-2024,CL,individuo,2,0,617,,outlook.com,1
KP302871,15-08-2022, CL,persona,1,1,1446,16,outlook.com,1
KP303053,2024-12-16,CL,persona,3,,592,1105,hotmail.com,0
KP304063,06-07-2026,CL,Persona,2,1,25,2240,outlook.com,
KP300984,03/09/2022,CL,comercio_grande,2,si,1427,0,hotmail.com,1
KP300420,2026-03-18,Peru,persona,2,0,135,10,yahoo.com,0
KP304283,2022-04-24,cl,individuo,3,si,1559,7,icloud.com,1
KP304376,2020-07-31,CL,persona,1,1,2306,2268,hotmail.com,0
KP301598,2025-06-03,CL,persona,1,1,1312,2465,icloud.com,
KP301134,24/05/2021,BR,persona,1,si,1894,276,hotmail.com,1
KP303562,04-04-2022,EEUU,persona,1,0,1579,4,hotmail.com,1
KP301633,30/08/2024,CO,persona,1,1,700,18,kipu.cl,1
KP300900,02/08/2018,CL,persona,1,1,2920,,hotmail.com,1
KP303232,08/08/2018,CHILE,persona,3,1,2914,11,icloud.com,1
KP301244,25/03/2026,CHILE,PERSONA,,0,128,2,icloud.com,1
KP300638,2021-06-21,Brasil,PERSONA,2,1,1866,245,outlook.com,0
KP303061,2023-09-01,CL,persona,3,1,1064,104,kipu.cl,
KP301706,03-07-2026,CL,persona,2,no,28,8,icloud.com,1
KP303114,03-07-2024,Peru,persona,2,1,758,140,,
KP301478,28-12-2020,CL,persona,0,no,2041,18,gmail.com,1
KP302844,25-11-2025,Chile,persona,3,1,248,12,outlook.com,1
KP304918,2025-05-23,CL,comercio_grande,1,1,434,15,hotmail.com,1
KP303964,2018-10-18, CL,persona,1,0,2843,3378,yahoo.com,0
KP300219,28/04/2020,CO,persona,3,0,-155,239,gmail.com,
KP303147,2019-06-21,CL,comercio_pequeno,2,1,2597,7,,1
KP304120,10-06-2026,CL,persona,0,1,903,6,outlook.com,0
KP300045,2026-05-01,CL,Persona,,0,91,54,outlook.com,1
KP303979,2025-08-27,CL,persona,2,si,338,96,icloud.com,1
KP301367,05/02/2019, CL,individuo,1,0,2733,2629,icloud.com,1
KP302206,14/09/2021,BRASIL,individuo,2,1,1781,258,outlook.com,1
KP304732,23-11-2020,CL,persona,1,1,2076,,gmail.com,1
KP301321,2022-08-19,CL,PERSONA,2,0,1442,,yahoo.com,1
KP300128,18-04-2019,cl,persona,1,1,2661,247,hotmail.com,1
KP304736,21/09/2025, CL,Persona,2,1,313,1574,gmail.com,1
KP303040,17/03/2025,CL,persona,2,1,501,22,hotmail.com,
KP303076,2023-01-08,chile ,persona,2,1,1300,33,hotmail.com,
KP302747,31-12-2018,BR,persona,2,1,2769,137,outlook.com,1
KP302682,17/06/2026,CL,persona,,1,44,757,yahoo.com,1
KP303068,2025-08-05,BR,persona,0,1,360,214,outlook.com,
KP303944,2018-09-27,CL,persona,1,1,2864,12,outlook.com,
KP301155,12-10-2020,CL,persona,2,0,2118,183,gmail.com,1
KP301248,05/10/2023,PE,PERSONA,0,1,1030,3969,icloud.com,1
KP304077,2023-05-10,RU,persona,2,1,1487,,yahoo.com,1
KP302652,2022-07-25,VE,persona,0,0,1467,62,tempmail.io,1
KP301946,01/07/2018,CL,persona,2,1,3540,0,outlook.com,0
KP304185,2021-07-05,CL,persona,2,no,1852,133,hotmail.com,1
KP302946,25/07/2018,CL,persona,2,1,2928,18,hotmail.com,1
KP303216,29/01/2023,CL,persona,3,1,1279,261,gmail.com,
KP301906,10-12-2023,CL,persona,0,0,964,9,kipu.cl,1
KP303785,17/02/2021,cl,PERSONA,0,1,1990,94,yahoo.com,1
KP304327,2021-12-08,CL,persona,0,1,1696,133,kipu.cl,1
KP302008,23-06-2025,CL,persona,2,si,403,3249,outlook.com,1
KP302417,03-01-2022,BRASIL,individuo,2,0,1670,218,outlook.com,0
KP301631,15/12/2022,CL,PERSONA,0,,1324,800,yahoo.com,1
KP301111,06-07-2019,chile ,Persona,2,0,2582,178,hotmail.com,
KP300633,22/08/2023,CL,persona,0,1,1074,10,icloud.com,
KP302429,03-02-2021,CL,PERSONA,2,1,2004,85,icloud.com,1
KP304472,20/08/2023,CL,persona,2,1,1076,1830,kipu.cl,1
KP302239,12-07-2022,Peru,persona,3,0,1480,103,hotmail.com,1
KP301498,2019-08-26,AR,Persona,3,si,2531,3851,kipu.cl,1
KP301028,2019-07-13,US,Persona,2,no,-118,46,icloud.com,1
KP303296,16-03-2020,CL,individuo,1,1,2328,16,,1
KP302306,28/07/2024,CL,persona,2,1,1043,8,outlook.com,0
KP304279,2022-08-23,CL,persona,2,,1934,108,hotmail.com,0
KP302680,02/05/2022,CL,persona,3,,1551,5,gmail.com,0
KP300249,2021-07-28,BR,persona,2,1,1829,2342,outlook.com,0
KP300096,2021-06-16,CL,persona,0,si,1871,19,kipu.cl,1
KP304445,01/09/2024, CL,persona,3,no,698,1660,gmail.com,1
KP304850,23-05-2019,CL,persona,2,1,2626,18,kipu.cl,0
KP302141,06/06/2026,CL,persona,3,si,55,296,kipu.cl,1
KP302404,2019-06-04,CL,individuo,0,,2614,198,outlook.com,1
KP300115,09/07/2019,AR,PERSONA,2,0,2579,90,,1
KP303153,04/08/2018,PE,Persona,1,1,2918,1892,outlook.com,1
KP303648,2021-03-10,Peru,persona,2,si,1969,19,kipu.cl,1
KP301197,31-07-2020,CHILE,persona,1,0,2191,1869,hotmail.com,1
KP304910,07-04-2019,PE,persona,2,si,2672,18,outlook.com,1
KP304028,26/06/2018,CL,persona,1,0,2957,1,gmail.com,1
KP301753,14/03/2023,VE,persona,,0,1682,19,,1
KP304350,01-04-2024,CL,comercio_grande,1,no,851,3321,gmail.com,1
KP301251,03/03/2026,CL,persona,2,si,150,129,hotmail.com,
KP303700,08-01-2024,CO,persona,2,no,935,118,gmail.com,1
KP302037,2018-10-25,CL,persona,3,1,-160,139,gmail.com,1
KP301843,20/06/2026,CL,individuo,0,1,41,827,hotmail.com,1
KP301506,09-12-2021,CL,persona,1,0,1695,5,kipu.cl,0
KP302473,2020-03-23,CL,PERSONA,1,1,3162,203,yahoo.com,0
KP303035,18-09-2023,BR,comercio_pequeno,0,0,1047,259,icloud.com,1
KP300113,02/04/2021,Chile,persona,1,0,1946,45,icloud.com,
KP304117,2023-08-30,CL,persona,3,1,1066,10,icloud.com,0
KP301811,12-06-2026,CL,individuo,2,1,49,6,,
KP301824,2025-07-16, CL,persona,2,0,866,4,gmail.com,1
KP303275,05/07/2022, CL,comercio pequeño,3,0,1487,1,kipu.cl,1
KP304671,10/08/2023,CL,persona,3,si,1086,18,outlook.com,0
KP302048,18-07-2018,CL,comercio_pequeno,3,0,2935,134,yahoo.com,
KP303489,02-03-2026,BRASIL,persona,2,1,151,0,kipu.cl,1
KP302136,2024-09-01,CHILE,persona,0,0,698,47,gmail.com,1
KP302996,30/10/2024,CHILE,COMERCIO_PEQUENO,2,si,1289,13,yahoo.com,
KP304047,2026-01-12,AR,comercio_pequeno,2,si,200,44,yahoo.com,1
KP304050,03/06/2023,CL,persona,1,1,1154,118,outlook.com,
KP302783,09-01-2023,chile ,persona,2,si,1299,238,gmail.com,
KP302426,2021-09-30,CHILE,persona,3,1,1765,217,outlook.com,
KP300943,13/05/2024,CL,Persona,2,0,809,7,hotmail.com,0
KP304312,25/03/2020,CL,persona,0,0,2319,133,gmail.com,1
KP302583,06-09-2024,CL,persona,3,1,693,3323,hotmail.com,1
KP301956,20-04-2026,CL,persona,1,si,102,55,yahoo.com,1
KP300367,09-07-2020,PE,Persona,1,1,2213,15,yahoo.com,1
KP303611,25-08-2018,CHILE,persona,3,0,2897,,kipu.cl,1
KP300782,08-08-2022,CHILE,persona,0,1,1453,140,hotmail.com,0
KP304545,07/05/2022,CL,PERSONA,1,1,1546,82,gmail.com,0
KP303424,09/02/2019,CL,persona,1,1,2729,241,kipu.cl,1
KP301406,04/10/2025,CL,PERSONA,1,1,300,4,guerrillamail.com,
KP303217,01/06/2024,CL,persona,2,0,790,113,outlook.com,1
KP300882,06-11-2023,CL,persona,1,1,998,264,hotmail.com,1
KP301593,02/08/2025,CL,persona,1,1,363,20,kipu.cl,1
KP301130,17/07/2025,PE,Persona,2,0,379,38,outlook.com,
KP303239,25/06/2026,CL,individuo,2,,36,381,gmail.com,1
KP303432,07-03-2021,CL,individuo,2,1,1972,3,hotmail.com,0
KP302358,2023-01-19,CL,persona,1,1,1289,14,kipu.cl,0
KP303517,09-06-2022,CL,Persona,3,1,1513,70,yahoo.com,1
KP300462,22/01/2024,CL,Persona,2,no,921,19,10minutemail.com,0
KP301380,2018-06-17,AR,persona,2,si,2966,99,hotmail.com,0
KP303590,29/11/2022,CL,Persona,3,1,1340,85,,1
KP300959,2025-09-27,CL,Persona,-1,1,307,1,outlook.com,1
KP302560,03/04/2024,CL,persona,2,0,1143,,kipu.cl,0
KP300287,05-12-2018,CL,persona,1,0,2795,268,kipu.cl,1
KP300997,2026-01-24,Brazil,persona,2,1,188,18,outlook.com,
KP301686,2021-10-04,chile ,persona,2,1,1761,37,gmail.com,1
KP303676,13-06-2023,CL,individuo,1,,1144,50,gmail.com,1
KP304983,24/08/2023,chile ,persona,,1,1072,83,icloud.com,1
KP302702,20/12/2019,CL,persona,3,si,2415,3371,gmail.com,0
KP302301,25-10-2025,CL,persona,0,1,279,13,yahoo.com,
KP304898,15-07-2021,CL,Persona,0,1,1842,2,,1
KP301141,2023-03-12,CL,comercio_pequeno,3,0,1495,12,yahoo.com,
KP302377,25/11/2019,Argentina,persona,2,1,2440,1420,gmail.com,0
KP301853,2020-04-27,CL,PERSONA,0,1,2286,1810,yahoo.com,1
KP303723,16/11/2023,Chile,Persona,3,1,988,107,icloud.com,1
KP302758,14-11-2018,BR,Persona,1,1,2816,0,icloud.com,1
KP303888,2018-07-19,CL,individuo,2,0,2934,34,yahoo.com,1
KP304919,15/08/2021,PE,persona,2,0,1811,258,hotmail.com,0
KP302684,2022-05-18,CL,persona,1,0,1535,60,yahoo.com,1
KP302179,27-12-2025,Chile,Persona,2,0,216,,,1
KP302131,05/08/2023,CL,persona,1,1,1091,112,outlook.com,1
KP303743,02-05-2020,CL,persona,1,0,2281,13,icloud.com,1
KP302081,29/01/2024,CO,PERSONA,2,1,914,9,hotmail.com,0
KP302175,2024-12-07,CL,persona,2,,601,124,outlook.com,0
KP304361,04/09/2024,AR,persona,1,1,695,4,outlook.com,
KP301634,14-08-2021,CL,persona,3,1,-146,698,mailinator.com,1
KP302976,11/06/2024,PE,individuo,2,1,780,7,kipu.cl,
KP301112,2024-07-18,Chile,comercio_pequeno,3,0,743,,outlook.com,1
KP304981,2025-11-19,COLOMBIA,persona,2,1,254,2485,gmail.com,1
KP300248,04/09/2020,CL,persona,1,0,2156,18,hotmail.com,1
KP304214,03/06/2020,CL,persona,1,0,2518,1698,hotmail.com,
KP301342,01-08-2020,RU,persona,0,1,2190,197,kipu.cl,
KP300269,02-12-2019,CL,persona,2,0,2433,287,,1
KP301115,04-10-2022,CL,comercio_pequeno,1,1,1396,13,kipu.cl,1
KP302486,22/11/2023,BR,persona,1,1,982,221,hotmail.com,1
KP303977,01/10/2020,CL,comercio_grande,3,no,2129,2548,outlook.com,0
KP302088,01/08/2022,CL,persona,2,1,1460,219,kipu.cl,1
KP303274,2022-06-08,CL,persona,2,0,1514,197,outlook.com,1
KP300374,10-06-2020,CL,PERSONA,1,1,2242,1580,gmail.com,1
KP300768,2019-05-26,Peru,persona,3,1,2623,147,icloud.com,0
KP301624,21-05-2020,Chile,persona,0,1,2585,293,hotmail.com,
KP304943,2019-05-25, CL,persona,1,,2624,31,yahoo.com,0
KP303085,14/02/2021,US,persona,2,1,1993,663,kipu.cl,0
KP303201,14/12/2023,cl,comercio_grande,3,1,960,4,gmail.com,0
KP304434,2026-06-25,CL,Persona,0,1,36,16,icloud.com,1
KP302964,08/10/2018,CL,persona,2,1,2853,15,yahoo.com,1
KP304858,08-12-2025,PE,persona,1,1,235,11,icloud.com,0
KP301346,30-12-2025,CL,persona,2,1,213,,gmail.com,0
KP301909,2026-04-18,CL,persona,1,1,104,11,mailinator.com,1
KP302664,2018-09-25,CL,comercio_grande,0,,2866,160,kipu.cl,1
KP304303,20/05/2026,CL,persona,1,1,72,19,gmail.com,1
KP302323,11-04-2024,CL,persona,1,1,841,2734,kipu.cl,0
KP301816,2023-07-10,Peru,Persona,2,no,1117,3,outlook.com,1
KP303501,08/09/2023, CL,comercio_pequeno,1,1,1057,3102,gmail.com,1
KP304615,19/05/2023,CL,Persona,3,1,1169,282,kipu.cl,
KP304588,18/09/2024,CL,persona,2,1,681,16,outlook.com,1
KP301731,12-10-2023,CL,persona,2,1,1023,,gmail.com,1
KP300547,20-05-2025,CL,persona,2,,437,11,kipu.cl,1
KP304095,2022-06-13, CL,persona,2,no,1509,,hotmail.com,0
KP301718,10-11-2023,CL,persona,2,0,994,2464,gmail.com,1
KP300146,2020-04-01,CL,persona,1,1,2312,,outlook.com,
KP304527,09/07/2018,Peru,persona,0,1,2944,16,icloud.com,1
KP301977,2025-04-23,CL,individuo,0,1,1273,3163,kipu.cl,0
KP302487,08-02-2020,CL,persona,2,1,-189,883,kipu.cl,0
KP301737,13/11/2019,CL,persona,2,,2452,198,gmail.com,0
KP304515,04-08-2021,CL,persona,2,0,1822,3,hotmail.com,0
KP302072,05/02/2022,CL,persona,2,,1870,205,icloud.com,1
KP301836,05-06-2020,US,PERSONA,2,0,2247,289,outlook.com,1
KP303144,2022-03-12,CL,persona,3,0,1602,20,icloud.com,0
KP301665,2025-11-20,CL,persona,3,1,253,293,icloud.com,1
KP302900,14/11/2022,Chile,persona,3,1,1355,,icloud.com,
KP304121,22-09-2020,CL,persona,1,0,2138,14,yahoo.com,1
KP302331,20/07/2023,CL,comercio pequeño,2,no,1107,84,yahoo.com,0
KP304675,26/07/2025,US,persona,1,0,370,53,icloud.com,0
KP300049,03-07-2023,CL,PERSONA,1,,1124,217,hotmail.com,0
KP300073,2024-01-07,CL,persona,2,1,936,3518,hotmail.com,
KP301002,10/07/2024,CL,persona,0,1,1085,284,outlook.com,1
KP304568,2022-05-29,CL,persona,2,1,1524,89,yahoo.com,1
KP300058,2018-07-03,AR,persona,2,1,2950,20,hotmail.com,1
KP302456,09/11/2023,Perú,persona,2,1,995,4,hotmail.com,
KP301839,29/11/2024,CL,persona,0,1,609,1,,0
KP303812,30-08-2024,CL,Persona,2,si,700,1715,hotmail.com,
KP302642,06/03/2023,CL,persona,1,si,1243,95,outlook.com,
KP303516,25-09-2021,cl,persona,-1,1,1770,,yahoo.com,1
KP300573,11/02/2019,CL,persona,0,0,2727,2,yahoo.com,0
KP303169,2024-02-15,Chile,persona,2,0,897,3877,kipu.cl,1
KP300887,2024-01-22,CL,persona,1,0,921,1181,mailinator.com,
KP301708,10-01-2021,CL,COMERCIO_PEQUENO,3,1,2028,12,yahoo.com,1
KP302372,11-08-2025,CL,persona,2,1,354,,gmail.com,0
KP304832,04-10-2024,US,persona,0,0,665,,hotmail.com,0
KP304335,18-08-2024,CL,Persona,3,1,712,13,yahoo.com,
KP302527,03/04/2021,CL,persona,1,1,1945,118,hotmail.com,
KP304002,25/12/2021, CL,persona,1,no,-151,196,yahoo.com,1
KP302308,29/09/2019, CL,COMERCIO_PEQUENO,0,si,2497,7,icloud.com,0
KP300845,23/03/2021,Peru,PERSONA,1,1,1956,112,outlook.com,0
KP302467,2018-06-08,CHILE,Persona,1,1,2975,1,icloud.com,
KP302827,02-01-2020,CL,comercio_grande,2,0,2402,7,icloud.com,
KP301519,22/12/2023,chile ,individuo,2,0,952,10,kipu.cl,0
KP302454,24-08-2025,cl,PERSONA,2,1,341,17,yahoo.com,
KP302265,2019-02-09,PE,Persona,1,1,2729,1,gmail.com,
KP302974,18/09/2022,CO,persona,-1,1,1412,205,guerrillamail.com,
KP300792,10-01-2024,CL,persona,2,1,933,0,hotmail.com,1
KP303890,23/03/2022,CL,Persona,2,0,1591,91,kipu.cl,1
KP301584,22/08/2025, CL,persona,0,1,454,1930,outlook.com,1
KP303226,23/06/2024,CL,individuo,1,1,768,299,outlook.com,0
KP301549,2020-03-02,Chile,comercio_pequeno,2,no,2342,,outlook.com,1
KP300863,05-08-2021,CL,Persona,1,si,1821,183,hotmail.com,1
KP300657,23-05-2019,CL,persona,1,0,2626,289,gmail.com,
KP302565,2023-07-01,CL,comercio_grande,2,no,1381,208,gmail.com,1
KP301069,2026-04-04,chile ,persona,2,1,118,4,hotmail.com,1
KP304591,17/03/2023,CL,Persona,0,0,1232,199,icloud.com,1
KP301522,13/12/2024,CL,comercio_grande,1,1,595,129,outlook.com,0
KP300157,23-06-2026,CL,persona,3,1,38,20,outlook.com,1
KP304514,20-12-2020,CL,persona,2,1,2049,86,icloud.com,1
KP304911,09/02/2022,CL,PERSONA,1,si,1633,,hotmail.com,0
KP303711,20/10/2024,BR,comercio_pequeno,2,1,649,89,icloud.com,1
KP303378,23/08/2021,CL,persona,2,1,1803,16,icloud.com,1
KP302644,07/03/2025,CL,persona,3,0,511,8,kipu.cl,0
KP303160,2024-10-09,BR,comercio_grande,1,0,660,,icloud.com,
KP301516,2025-08-17,CL,persona,2,1,936,2831,gmail.com,1
KP303907,2020-10-22,CL,persona,3,si,2108,3,icloud.com,0
KP301639,08-02-2025,AR,persona,1,1,538,224,yahoo.com,
KP304261,28-05-2020,CL,persona,1,0,-187,237,gmail.com,0
KP300005,28-11-2023,US,persona,2,0,976,257,gmail.com,1
KP303519,2020-11-11,CL,persona,0,1,-71,240,gmail.com,1
KP303753,20-04-2021,CL,individuo,2,0,1928,265,gmail.com,
KP301106,2026-05-07,PE,persona,2,0,85,216,icloud.com,
KP300962,28/04/2019,CL,Persona,0,1,2651,0,yahoo.com,1
KP301899,30/05/2023,CL,comercio_pequeno,3,,1654,56,gmail.com,0
KP302290,21/12/2024,AR,persona,2,0,587,3269,gmail.com,0
KP300260,2023-02-19,CO,persona,2,0,1258,79,yahoo.com,1
KP304563,18-01-2019, CL,individuo,1,0,2751,81,outlook.com,1
KP303661,2021-10-09,CL,persona,,1,1756,250,icloud.com,1
KP304171,2025-01-18,AR,persona,3,0,559,1657,hotmail.com,
KP304722,28/03/2025,chile ,persona,2,0,490,13,gmail.com,0
KP301329,2018-07-14,CL,persona,2,1,2939,35,hotmail.com,1
KP302407,10-06-2019,cl,Persona,0,0,2608,14,yahoo.com,1
KP302450,17-08-2021,CL,persona,-1,,1809,1683,hotmail.com,
KP300225,18/08/2024,CL,comercio_grande,2,1,712,3841,yahoo.com,1
KP304813,28-04-2022,CL,persona,-1,,1555,101,kipu.cl,
KP303908,2020-08-30,cl,persona,3,1,2161,9,kipu.cl,0
KP304272,05-03-2025,PE,persona,2,0,513,16,kipu.cl,1
KP304869,03-10-2025,cl,persona,2,0,301,163,gmail.com,1
KP302626,2025-07-25,chile ,persona,2,1,371,632,mailinator.com,0
KP302823,2022-08-10,CL,persona,0,1,1451,193,icloud.com,0
KP303691,13/01/2019,CHILE,individuo,2,1,2756,169,hotmail.com,1
KP301615,2024-07-06,CL,persona,1,1,755,0,yahoo.com,1
KP301838,2024-06-02,VE,comercio_pequeno,,1,789,154,yahoo.com,1
KP301396,31-01-2025,VE,PERSONA,0,1,546,247,outlook.com,1
KP300170,2023-03-14,CL,persona,0,1,1523,11,gmail.com,1
KP300765,2021-12-24,cl,persona,2,1,1680,184,,1
KP303497,2023-10-15,AR,persona,0,0,1020,8,outlook.com,0
KP303555,13-07-2023,CL,persona,1,,1114,,kipu.cl,1
KP303358,2019-03-30,BR,comercio_pequeno,1,1,2680,482,icloud.com,1
KP304141,18/06/2025,CO,comercio grande,2,0,408,293,mailinator.com,1
KP304501,19-01-2023,AR,persona,1,si,1289,3414,hotmail.com,1
KP304957,12-07-2019,VE,pyme,1,1,3181,11,gmail.com,1
KP303934,20-06-2021, CL,persona,0,no,1867,17,outlook.com,0
KP304440,24/04/2023,CL,comercio_grande,2,no,1194,,yahoo.com,1
KP304533,2023-04-06,CHILE,PERSONA,1,0,1212,160,yahoo.com,
KP303893,08-11-2024,CL,persona,2,1,630,1720,kipu.cl,1
KP302207,12-07-2023,CL,persona,2,0,1115,2685,kipu.cl,
KP302098,17-09-2019,EEUU,persona,3,1,2509,67,outlook.com,1
KP301120,2020-05-12,CHILE,comercio_grande,2,0,2271,17,hotmail.com,1
KP302464,03/08/2023,CL,individuo,3,1,1093,15,outlook.com,1
KP300025,2023-08-08,CHILE,comercio_grande,2,1,1088,81,hotmail.com,1
KP302638,26-08-2025,CL,persona,3,1,339,248,yahoo.com,0
KP302965,15/06/2023,CL,Persona,1,,1142,,yahoo.com,1
KP304703,02-01-2024,CO,persona,1,1,941,0,yahoo.com,1
KP303867,03-03-2020,CL,persona,3,1,2341,9,outlook.com,
KP304467,2023-10-11,CL,persona,3,no,1024,230,kipu.cl,1
KP302092,25/08/2026,cl,persona,1,1,0,3,outlook.com,0
KP303208,14/04/2022,Chile,persona,0,0,1569,133,hotmail.com,1
KP304679,2022-05-11,CL,persona,1,1,1542,9,yahoo.com,1
KP303059,2024-08-19,BR,comercio_pequeno,2,0,711,18,hotmail.com,1
KP300449,01-12-2021, CL,persona,-1,no,2281,182,kipu.cl,1
KP302006,11-04-2024,CL,persona,1,1,841,151,icloud.com,1
KP300282,29-06-2021,Chile,comercio grande,2,1,1858,8,kipu.cl,1
KP301426,28/12/2024,chile ,persona,2,1,580,134,gmail.com,1
KP304841,20-03-2020,BR,individuo,1,0,2324,9,kipu.cl,1
KP301651,07-08-2022,CL,pyme,1,1,1454,845,icloud.com,1
KP304648,02-01-2026,CL,persona,1,,210,133,gmail.com,1
KP304561,31-08-2023,CL,persona,0,si,1065,0,yahoo.com,0
KP301777,19-11-2023,CL,Persona,2,1,985,23,,1
KP304096,29-12-2019,CL,persona,1,1,2406,268,gmail.com,1
KP303572,25/02/2022,CL,persona,2,1,1617,130,gmail.com,1
KP301419,22-06-2023,Chile,Persona,0,1,1135,161,icloud.com,1
KP304119,06-10-2022,VE,Persona,2,1,1394,2416,yahoo.com,1
KP301892,21/11/2023,CL,persona,3,1,983,236,gmail.com,
KP300998,2022-04-04,CL,individuo,3,0,1579,7,icloud.com,
KP302030,04-04-2020,CL,persona,2,1,2309,9,kipu.cl,1
KP300719,11/02/2022,CL,comercio_pequeno,3,0,1631,132,outlook.com,1
KP301504,16-03-2021,CHILE,individuo,1,,1963,4,yahoo.com,1
KP301570,23-07-2020,US,Persona,3,1,2199,2312,gmail.com,0
KP300721,2024-08-10,CL,persona,2,1,720,10,,0
KP303859,23/10/2022,CL,persona,1,1,1377,19,hotmail.com,
KP302369,04-03-2026,AR,comercio_pequeno,3,1,149,14,gmail.com,1
KP303868,2021-08-12,EEUU,persona,2,no,1814,2,outlook.com,
KP304366,22-04-2023,CL,persona,1,1,1196,15,outlook.com,1
KP303097,20/10/2020,CL,pyme,3,1,2110,175,hotmail.com,1
KP302800,15-07-2023,CL,persona,1,1,1112,2945,,1
KP300576,2025-12-23,EEUU,persona,2,1,220,0,hotmail.com,1
KP303882,11-02-2021,CL,Persona,2,1,1996,94,yahoo.com,0
KP304260,17/03/2024,CL,individuo,0,0,866,606,mailinator.com,0
KP300843,02/02/2025, CL,comercio_pequeno,2,si,1358,146,yahoo.com,0
KP300009,19/07/2018,Chile,persona,2,,3377,6,outlook.com,
KP302920,2018-11-13,NG,individuo,2,,2817,,gmail.com,1
KP302291,17-03-2021,CL,persona,3,1,1962,298,kipu.cl,1
KP302552,2019-06-13,CL,comercio_grande,2,,2605,13,yahoo.com,1
KP300263,30-03-2025,CHILE,persona,2,,488,,kipu.cl,1
KP300951,16-03-2023,CL,persona,2,1,1233,1626,hotmail.com,0
KP302646,29-11-2020,PE,comercio_pequeno,2,0,2070,,hotmail.com,
KP303133,14/08/2023,CO,individuo,2,0,1082,14,outlook.com,
KP301086,2022-10-07,BR,PERSONA,0,0,1393,1,yahoo.com,
KP300042,04-06-2026,CL,Persona,1,1,933,540,gmail.com,0
KP302938,12-07-2020,CL,Persona,2,1,2210,16,yahoo.com,0
KP301178,27/08/2020,CL,PERSONA,2,1,2164,9,kipu.cl,1
KP304167,2022-11-20,CL,individuo,3,1,1349,1726,hotmail.com,1
KP301453,13/08/2019,CL,persona,2,,2544,,hotmail.com,1
KP303159,15/04/2020,CL,persona,-1,si,2298,237,,1
KP303456,05/06/2022,CL,persona,2,1,1517,65,outlook.com,1
KP302388,23/04/2021,CL,comercio_grande,3,0,1925,253,outlook.com,1
KP303680,2026-02-13,CL,Persona,3,1,168,31,gmail.com,0
KP302382,2024-09-18,cl,persona,0,1,681,8,icloud.com,1
KP300158,2023-08-06,CL,Persona,2,1,1090,,kipu.cl,
KP301374,28/11/2024,CL,comercio_pequeno,1,1,610,128,outlook.com,0
KP302629,24-06-2025,CL,persona,2,0,402,20,yahoo.com,0
KP302119,29/10/2024,CL,persona,2,,1035,32,icloud.com,0
KP302763,18-01-2024,BR,persona,1,1,1609,5,,
KP302755,10/01/2025,CL,pyme,2,1,567,9,hotmail.com,0
KP304421,2019-04-04,Chile,persona,2,0,2675,95,outlook.com,0
KP303280,18-04-2022, CL,persona,0,1,1565,13,icloud.com,1
KP303947,31-05-2019,CHILE,Persona,1,0,2618,17,icloud.com,1
KP300294,26/05/2024,CL,persona,2,0,796,59,yahoo.com,1
KP303253,11/05/2021,CL,persona,1,1,1907,9,gmail.com,1
KP303119,12-12-2022,CL,comercio_pequeno,0,1,1327,63,gmail.com,
KP300131,22/10/2021,BR,persona,-1,no,1743,191,gmail.com,1
KP303791,04/08/2020,cl,comercio_pequeno,1,,2187,216,hotmail.com,1
KP301023,08/07/2018,CL,PERSONA,2,no,2945,111,icloud.com,
KP300545,26/11/2024,CL,comercio_pequeno,1,1,612,85,kipu.cl,1
KP304116,21/03/2019,NG,persona,0,1,3457,3710,gmail.com,1
KP304244,2019-06-18,CL,persona,-1,1,2600,4,icloud.com,1
KP303887,24-08-2023,CO,persona,2,,1072,20,hotmail.com,0
KP300805,2024-10-31,CO,PERSONA,2,0,638,15,icloud.com,
KP303391,16/02/2023,CL,comercio_pequeno,0,1,1261,882,yahoo.com,0
KP303939,27/07/2020,CL,persona,3,,2195,19,mailinator.com,
KP302620,16-09-2020,CL,persona,0,no,2144,212,hotmail.com,
KP300095,2024-02-24,AR,persona,2,0,888,9,icloud.com,1
KP300886,13/04/2020, CL,persona,2,1,2300,18,yahoo.com,
KP303522,21/04/2020,CL,Persona,3,1,2292,6,outlook.com,0
KP300319,01/06/2020,chile ,persona,2,,2251,2162,kipu.cl,0
KP302997,2023-10-20,Chile,persona,3,1,1015,151,outlook.com,1
KP304927,12/08/2019,CL,PERSONA,1,1,3030,153,gmail.com,1
KP303346,13-01-2023,CHILE,persona,1,0,1295,759,icloud.com,0
KP300322,13/10/2023,CL,persona,2,1,1022,227,yahoo.com,1
KP301200,2021-08-27,CL,Persona,1,1,1799,0,kipu.cl,1
KP302806,2024-04-27,Argentina,persona,2,1,825,2993,outlook.com,1
KP304636,16/06/2018,CL,persona,2,,2967,186,outlook.com,
KP303146,2023-03-12,Russia,Persona,3,1,1237,1526,,0
KP300068,10/08/2021,CL,comercio_pequeno,3,1,1816,270,kipu.cl,1
KP300842,2021-08-26,Chile,PERSONA,3,,1800,19,outlook.com,1
KP300554,05/07/2025,CL,persona,3,si,391,6,hotmail.com,0
KP300318,02/05/2025,CL,PERSONA,1,1,455,7,icloud.com,1
KP303877,22/01/2025,Brasil,PERSONA,1,si,555,13,,
KP303709,15/04/2019,CL,PERSONA,2,0,2664,53,outlook.com,1
KP301480,22-06-2020,CL,individuo,1,,2230,10,yahoo.com,1
KP304196,04/11/2025,CL,persona,1,,269,190,icloud.com,
KP300767,2020-06-15,USA,persona,2,1,2237,4,kipu.cl,1
KP303777,2020-04-07,NG,individuo,2,1,2306,226,yahoo.com,
KP304889,13/07/2021,Chile,Persona,1,1,1844,6,hotmail.com,1
KP300422,09/10/2025,CL,persona,0,1,295,272,gmail.com,1
KP304752,19/02/2019,CL,comercio_pequeno,3,si,2719,199,hotmail.com,1
KP303702,2020-07-26,CL,persona,2,1,2196,119,gmail.com,1
KP302593,2023-06-15,CO,comercio_pequeno,0,,1142,0,yahoo.com,1
KP302575,12/01/2026,CL,persona,2,1,200,27,gmail.com,0
KP300341,2021-10-10,Peru,PERSONA,2,1,1755,90,outlook.com,
KP302769,31-05-2025,CL,persona,0,1,426,26,,
KP304025,27/02/2019,Perú,PERSONA,1,1,2711,7,,0
KP303755,10/10/2019,CL,persona,2,0,2486,0,yahoo.com,1
KP301707,2020-12-01,USA,persona,2,,2068,15,gmail.com,0
KP302868,11-08-2025,Nigeria,persona,2,1,354,67,gmail.com,
KP300176,06/08/2025,CL,persona,2,0,359,724,hotmail.com,1
KP300286,18/02/2019,CL,individuo,1,1,3619,184,gmail.com,
KP303211,25-04-2025,CL,comercio_pequeno,0,1,462,86,outlook.com,1
KP300066,2024-05-11,US,persona,3,si,811,115,icloud.com,
KP301743,12-05-2023,CL,PERSONA,3,1,1176,6,icloud.com,
KP302236,26-03-2019,CL,Persona,1,1,2684,18,kipu.cl,
KP304772,2025-11-11,Chile,persona,0,si,262,201,hotmail.com,
KP301438,25-09-2019,BR,persona,0,0,2501,2910,icloud.com,
KP304678,2025-07-01,CL,COMERCIO_PEQUENO,2,0,395,187,kipu.cl,1
KP300608,20-07-2019,CL,persona,3,0,2568,79,gmail.com,0
KP301564,05-02-2025,BR,comercio_pequeno,2,,541,20,icloud.com,1
KP301063,11-04-2020,US,PERSONA,1,0,2302,216,outlook.com,0
KP304017,2026-03-24,CL,persona,0,1,129,85,kipu.cl,1
KP304828,20-03-2022,CL,persona,2,1,1761,129,kipu.cl,1
KP300682,2019-10-24,CL,persona,,0,2472,1,kipu.cl,1
KP302229,17/11/2024,CL,persona,1,si,621,1630,icloud.com,1
KP302748,01/06/2026,Perú,persona,1,1,60,133,yahoo.com,1
KP304733,2023-12-29,Chile,persona,2,1,945,13,yahoo.com,0
KP304825,2022-03-25,Perú,individuo,2,0,1589,156,icloud.com,1
KP303538,2021-11-19,AR,COMERCIO_PEQUENO,3,1,1715,89,icloud.com,
KP302545,21/11/2022,ARGENTINA,persona,0,1,1348,1,hotmail.com,1
KP300221,22/08/2019,CL,individuo,1,0,2535,250,icloud.com,0
KP304203,14-04-2024,CL,persona,,no,838,12,hotmail.com,
KP303463,23-08-2024,CL,persona,1,1,707,185,yahoo.com,0
KP303079,09/06/2022,CL,persona,3,si,1513,240,outlook.com,1
KP300963,2024-12-15,CL,pyme,2,,593,2,gmail.com,1
KP304344,16/03/2025,CL,persona,1,1,502,,gmail.com,1
KP303088,02/07/2023,CL,individuo,2,1,1125,49,yahoo.com,1
KP303223,2024-07-21,CL,persona,2,1,740,0,gmail.com,
KP303972,10/07/2018,CL,persona,2,1,2943,16,kipu.cl,0
KP302386,29/07/2024,AR,persona,0,1,732,2,icloud.com,
KP302163,24/07/2025,CL,persona,3,0,372,155,outlook.com,0
KP300399,2024-09-16,CL,persona,3,1,683,7,yahoo.com,1
KP301146,11/11/2019,CL,comercio_pequeno,0,,2454,2970,gmail.com,1
KP302988,08/12/2019,CL,persona,2,0,2427,13,hotmail.com,
KP303609,2025-12-05,chile ,persona,2,1,238,284,yahoo.com,1
KP301079,2024-07-18,NG,persona,2,no,743,431,outlook.com,0
KP301951,10-03-2021,CL,persona,2,1,1969,16,hotmail.com,1
KP304071,2024-09-29,Argentina,persona,2,1,670,3910,outlook.com,0
KP304182,13-06-2018,CHILE,comercio_pequeno,3,0,3252,96,hotmail.com,0
KP303016,23/09/2022,US,individuo,1,0,1407,175,hotmail.com,1
KP303817,2021-10-08,CL,persona,2,1,1757,61,hotmail.com,
KP302966,21-07-2019,NG,persona,0,1,2567,47,outlook.com,0
KP304649,10-12-2023, CL,comercio_pequeno,2,1,964,1710,hotmail.com,1
KP301971,03/08/2022,chile ,persona,1,,1458,0,outlook.com,1
KP302714,22-05-2021,CL,persona,2,no,1896,,hotmail.com,
KP300932,15/05/2026,CL,persona,0,si,77,153,yahoo.com,1
KP301691,18/05/2021,CL,persona,0,,1900,475,guerrillamail.com,1
KP301740,01/12/2018,CL,PERSONA,1,0,2799,,gmail.com,
KP304783,23-10-2023,CL,Persona,0,0,1012,248,kipu.cl,
KP302320,16-01-2023, CL,persona,2,si,1292,3783,kipu.cl,1
KP303989,24/02/2022,CL,persona,3,1,2326,2,tempmail.io,1
KP300203,26/02/2019,CL,individuo,2,si,2712,18,icloud.com,1
KP304575,12-10-2019,CL,comercio_pequeno,2,no,2484,,hotmail.com,1
KP304165,03-09-2021,CL,persona,2,1,1792,20,kipu.cl,
KP304459,28-03-2021,AR,individuo,0,0,1951,2671,hotmail.com,
KP302892,13/08/2021,CL,persona,1,0,1813,96,kipu.cl,1
KP304947,27-09-2023,Chile,individuo,2,,1038,168,icloud.com,0
KP302691,27-09-2023,CL,Persona,0,1,1039,20,kipu.cl,1
KP300496,2019-09-22,chile ,persona,2,0,2504,3318,hotmail.com,1
KP300303,2023-09-23,NG,persona,1,1,1042,77,hotmail.com,1
KP302039,2025-11-17,CL,Persona,,no,256,16,hotmail.com,1
KP304806,19/04/2019,cl,persona,3,1,2660,149,icloud.com,1
KP301789,23/12/2023,cl,individuo,2,si,951,0,hotmail.com,1
KP301693,11-06-2026, CL,PERSONA,1,1,50,,hotmail.com,1
KP301180,2020-11-04,Chile,persona,3,1,2095,11,icloud.com,
KP303476,23-09-2023,CL,persona,0,0,1042,,gmail.com,1
KP302303,2022-02-15,CL,persona,-1,no,1627,12,kipu.cl,1
KP301233,2022-06-30,CHILE,Persona,0,0,1492,3703,kipu.cl,0
KP302289,10/01/2024,CL,persona,1,1,933,268,hotmail.com,1
KP303783,20-08-2022,CHILE,persona,2,1,1441,160,kipu.cl,1
KP304338,12-10-2019,CL,comercio_pequeno,0,0,2484,9,icloud.com,1
KP304503,2024-08-22,Venezuela,Persona,0,,708,124,gmail.com,0
KP301316,20-04-2020,BR,PERSONA,3,0,2293,3566,hotmail.com,
KP301512,25/02/2025,CO,persona,2,0,521,190,gmail.com,1
KP304753,15-11-2021,PE,individuo,2,no,1719,245,hotmail.com,
KP303954,2021-11-24,CL,PERSONA,2,1,1710,28,kipu.cl,1
KP302510,2026-06-18,Venezuela,individuo,,1,493,18,yahoo.com,1
KP304088,02-05-2021,CL,comercio_pequeno,1,1,1916,114,icloud.com,1
KP303558,12-04-2020,CL,persona,0,,2301,212,hotmail.com,1
KP304897,13-08-2025,RU,persona,1,1,352,3,yahoo.com,1
KP302816,18/01/2019,AR,persona,0,1,2751,3143,outlook.com,1
KP301735,13-04-2021,CL,COMERCIO_PEQUENO,1,0,1935,732,kipu.cl,
KP301917,2026-01-27,BR,individuo,1,1,185,94,icloud.com,1
KP303866,06/04/2023,Chile,persona,2,1,1212,260,gmail.com,
KP300654,05-09-2022,CL,persona,1,1,-43,20,outlook.com,1
KP300930,2024-03-17,US,Persona,0,1,866,131,icloud.com,1
KP301336,19/02/2021,AR,pyme,1,si,1988,8,yahoo.com,
KP300195,13-03-2024,cl,Persona,0,1,870,240,icloud.com,1
KP302395,28-03-2024,CHILE,individuo,2,,855,12,gmail.com,1
KP300441,21-04-2025,CL,comercio_pequeno,2,1,466,,hotmail.com,0
KP302602,15/09/2018,Venezuela,persona,2,1,2876,574,,1
KP300502,23-05-2024,AR,comercio_pequeno,2,si,799,114,gmail.com,1
KP303985,09-05-2024,CL,persona,1,1,813,1146,icloud.com,1
KP302503,2024-09-11,CL,persona,2,1,688,57,icloud.com,1
KP300444,04-05-2026,cl,persona,1,0,88,,kipu.cl,0
KP301559,02/02/2021,chile ,persona,1,0,2773,12,hotmail.com,1
KP300315,22/06/2020,CL,persona,3,1,2230,67,,
KP304413,07-04-2021,CL,individuo,2,1,1941,24,yahoo.com,1
KP304851,28-10-2025,CL,comercio_pequeno,2,no,276,0,outlook.com,
KP300155,07/01/2020,CL,persona,1,1,2397,107,gmail.com,1
KP303178,06-04-2023,Perú,comercio_pequeno,,0,1212,,icloud.com,1
KP304380,24/07/2026, CL,persona,0,1,7,54,yahoo.com,1
KP302687,13/03/2019,Peru,persona,2,,2697,143,hotmail.com,
KP302307,23-06-2018,AR,comercio_pequeno,3,si,2960,,hotmail.com,1
KP302035,23/12/2021,US,Persona,1,1,1681,259,kipu.cl,0
KP301025,2023-05-09,PE,persona,3,,1179,1440,outlook.com,
KP304608,12/04/2020,CL,Persona,3,0,2301,20,gmail.com,1
KP304438,2026-03-30,CL,persona,1,1,123,2580,gmail.com,
KP304286,2026-06-17,Brazil,persona,0,0,44,96,gmail.com,0
KP302204,19-08-2025,CL,persona,,1,346,2,outlook.com,1
KP304489,04-03-2019,PE,persona,0,1,2706,3,icloud.com,1
KP300179,17/11/2025, CL,comercio_pequeno,3,1,256,11,icloud.com,
KP303340,22-09-2021,CL,PERSONA,2,,1773,3942,yahoo.com,0
KP303697,08-05-2026,CL,persona,0,1,84,3515,icloud.com,1
KP303483,2026-02-26,CL,persona,1,1,155,13,icloud.com,0
KP304967,2019-06-26,CL,persona,2,1,2592,277,outlook.com,1
KP303056,2021-12-20,BR,PERSONA,2,1,1684,10,icloud.com,0
KP303735,29-03-2024,CL,persona,1,1,854,2,,
KP303240,11-03-2025,CL,persona,-1,si,507,205,icloud.com,0
KP304696,12/06/2020,CL,persona,1,0,-116,37,outlook.com,
KP302396,2023-11-27,CL,persona,3,si,977,153,kipu.cl,
KP302968,24/12/2022, CL,persona,2,1,1315,15,hotmail.com,1
KP301525,16/12/2019,Chile,persona,2,1,2419,16,hotmail.com,0
KP300635,21/10/2025,CL,persona,1,si,283,341,kipu.cl,1
KP304686,2023-01-20,CL,persona,1,0,1288,48,gmail.com,1
KP304364,08-10-2021,CL,COMERCIO_PEQUENO,2,1,1757,2211,yahoo.com,1
KP301888,2018-09-21,CL,comercio_pequeno,1,1,2870,2,gmail.com,
KP302260,09-12-2021,Venezuela,individuo,2,1,1695,10,outlook.com,1
KP300429,27/11/2022,CL,persona,1,1,1342,245,kipu.cl,1
KP301010,08/03/2022,CL,persona,2,1,-72,13,,0
KP302945,27-01-2025,CL,Persona,3,1,550,0,gmail.com,0
KP303433,22-11-2023,CL,persona,3,1,982,18,hotmail.com,1
KP304446,2020-05-25,CL,persona,2,1,2258,26,icloud.com,
KP301401,25-11-2022,cl,persona,0,1,1344,94,hotmail.com,1
KP300423,07-03-2022,CL,persona,,,1607,147,yahoo.com,1
KP302550,2022-10-11,CL,persona,-1,0,1389,293,outlook.com,
KP302592,2026-01-27,BR,persona,2,si,185,10,kipu.cl,1
KP300676,05-02-2020,Brasil,persona,1,1,2368,14,kipu.cl,1
KP301107,09/06/2026,CL,PERSONA,2,1,52,3861,kipu.cl,1
KP300700,13-08-2020,CL,persona,0,0,2178,17,kipu.cl,
KP300817,24/03/2020, CL,persona,3,si,2320,2,kipu.cl,1
KP300314,2022-01-02,CL,comercio_grande,3,no,1671,268,hotmail.com,0
KP303087,21/12/2019,CL,individuo,2,si,2414,1,hotmail.com,1
KP300351,2020-12-06,BR,persona,0,0,2063,1,kipu.cl,1
KP301332,15-06-2022,CHILE,persona,0,si,1507,2,hotmail.com,0
KP304190,2019-12-07,CL,persona,0,si,2428,10,gmail.com,0
KP303054,2022-06-09,CL,individuo,,1,1513,206,gmail.com,1
KP301605,19/03/2023,CL,persona,2,0,1230,248,kipu.cl,1
KP301968,17/10/2024,CL,persona,0,1,652,238,kipu.cl,
KP304964,2019-02-16,Chile,PERSONA,2,1,2722,0,outlook.com,1
KP303459,2026-04-09,CL,persona,3,1,113,247,kipu.cl,1
KP300243,14-04-2021,CL,persona,1,1,1934,1705,outlook.com,0
KP300507,2025-09-10,chile ,Persona,2,0,324,2,mailinator.com,1
KP302707,31-10-2023, CL,persona,2,0,1004,,icloud.com,1
KP302074,26-03-2019,CL,persona,1,si,2684,173,yahoo.com,
KP303878,2020-11-18, CL,persona,2,1,2081,132,icloud.com,1
KP301397,10/03/2020,AR,persona,2,no,2334,290,hotmail.com,1
KP304414,2024-03-05,AR,persona,1,,878,12,kipu.cl,1
KP304143,18/01/2026,Chile,persona,2,1,194,1736,kipu.cl,1
KP304109,2023-08-13,cl,individuo,1,1,-106,97,yahoo.com,1
KP303243,12-05-2022,CL,persona,2,0,1541,243,hotmail.com,1
KP302584,2020-04-21,CL,comercio_pequeno,3,,2292,27,hotmail.com,
KP304784,2025-07-27,RU,comercio_pequeno,1,0,369,149,hotmail.com,1
KP300280,2020-09-30,CO,persona,3,0,2130,118,icloud.com,1
KP304323,2020-10-03,USA,persona,3,1,2127,31,outlook.com,1
KP304173,23-03-2023,Chile,Persona,2,0,1226,150,gmail.com,1
KP304204,11-05-2021,CHILE,persona,0,1,1907,8,,1
KP301958,02/05/2026,CL,persona,2,1,90,7,icloud.com,1
KP304249,23-11-2022,CL,persona,2,1,1346,3420,icloud.com,0
KP302500,2025-03-01,AR,persona,2,0,517,243,icloud.com,1
KP300858,03/07/2025,AR,persona,3,1,393,2594,kipu.cl,
KP302003,04/08/2018,CHILE,persona,2,si,2918,1513,yahoo.com,0
KP300477,26/03/2023,AR,persona,0,0,1223,85,gmail.com,0
KP303263,05/09/2018,BRASIL,persona,2,0,2886,85,,0
KP304763,18-04-2020,CL,Persona,1,0,2295,10,gmail.com,1
KP304558,17/08/2024,ARGENTINA,persona,1,si,713,19,icloud.com,1
KP302576,2020-01-09,Chile,comercio_grande,0,0,2395,33,gmail.com,1
KP301399,23/06/2022,CL,persona,1,0,1499,7,hotmail.com,1
KP300141,17/01/2021,PE,persona,3,1,2021,221,outlook.com,1
KP301081,18/10/2019,CL,persona,1,,2478,2582,icloud.com,
KP303922,19-01-2025,CL,Persona,1,1,558,234,yahoo.com,
KP302715,17/05/2025,CL,Persona,2,si,440,0,outlook.com,1
KP301916,04-08-2022,CL,individuo,2,1,1457,3831,kipu.cl,0
KP304108,2025-04-24, CL,persona,2,0,463,2,gmail.com,1
KP303310,02-10-2025,CL,individuo,2,0,302,278,icloud.com,1
KP300144,22/04/2023,CL,Persona,2,1,1196,127,outlook.com,0
KP300641,27/07/2018,CL,PERSONA,1,0,2926,5,icloud.com,1
KP303442,14/04/2026,CL,Persona,2,1,108,619,kipu.cl,1
KP301878,2025-11-02,COLOMBIA,persona,,1,271,165,hotmail.com,
KP303696,2019-06-06,CL,persona,0,1,2612,287,outlook.com,1
KP302480,2023-05-02,chile ,comercio_pequeno,1,no,1186,40,outlook.com,0
KP303163,19/05/2020,AR,persona,3,0,2264,271,,0
KP303581,26-12-2025,PE,comercio_pequeno,2,1,217,257,gmail.com,0
KP300966,02/10/2025,Chile,Persona,1,1,302,7,hotmail.com,1
KP303586,30/12/2023,CL,persona,0,no,1395,1658,hotmail.com,1
KP304220,09/03/2025,CO,persona,0,,509,78,gmail.com,
KP301568,2020-05-05,CL,persona,3,0,2278,167,icloud.com,0
KP304351,2024-12-16,PE,comercio_grande,0,1,592,,yahoo.com,0
KP304310,18-05-2019,Colombia,persona,2,1,2631,251,gmail.com,1
KP300516,2024-11-13,CL,persona,1,1,625,3260,hotmail.com,1
KP303895,10-06-2019,chile ,comercio_pequeno,2,,2608,3379,icloud.com,1
KP300846,2020-03-11,PE,Persona,2,si,2333,91,icloud.com,
KP304684,29/04/2022,CL,individuo,2,1,1554,198,icloud.com,0
KP300649,2020-11-03,CL,persona,2,1,2096,1659,hotmail.com,1
KP301150,11-02-2024,cl,Persona,2,1,901,16,hotmail.com,1
KP301741,03-06-2019,BR,persona,3,1,2615,226,gmail.com,0
KP300427,12/12/2021,Chile,PERSONA,3,1,1901,15,hotmail.com,1
KP304044,10-02-2024,Chile,individuo,2,1,902,12,gmail.com,1
KP304409,29-12-2024,CL,comercio_pequeno,2,1,579,20,hotmail.com,0
KP302488,2020-10-16,PE,PERSONA,2,1,2981,3280,hotmail.com,
KP302259,02-10-2018,CL,persona,0,1,2859,6,icloud.com,1
KP301720,2024-12-18,CL,persona,2,1,590,30,icloud.com,1
KP302197,11/05/2020,CL,COMERCIO_PEQUENO,2,no,2272,290,yahoo.com,1
KP300432,28-10-2018,cl,persona,3,1,2833,1,hotmail.com,0
KP302172,21-11-2021, CL,Persona,2,si,1713,196,yahoo.com,
KP302765,2026-06-13,CL,comercio_pequeno,2,si,48,279,yahoo.com,1
KP304219,2022-07-01,CL,persona,2,1,1491,23,gmail.com,
KP300893,09-04-2019,CHILE,persona,2,0,3063,475,yahoo.com,1
KP302170,01/06/2026,CL,persona,,1,60,46,icloud.com,1
KP300546,2019-05-08,CL,PERSONA,1,1,3515,123,outlook.com,0
KP301933,2025-02-02,CL,PERSONA,0,0,544,53,outlook.com,1
KP300835,2022-01-08,AR,persona,2,1,1665,455,yahoo.com,1
KP300919,18-02-2021,AR,persona,1,no,1989,,icloud.com,
KP300489,22/08/2019,CL,persona,1,1,2535,17,gmail.com,
KP301579,17-01-2025,cl,persona,1,1,560,16,outlook.com,1
KP302336,2019-02-10,CL,comercio_pequeno,2,1,2728,178,hotmail.com,1
KP302703,14-01-2024,COLOMBIA,persona,0,1,929,32,hotmail.com,1
KP301420,26/02/2019,CO,Persona,0,1,2712,20,kipu.cl,
KP302744,2024-01-17,BR,persona,2,1,926,6,outlook.com,1
KP304926,2019-11-04,CL,individuo,2,1,2461,6,outlook.com,0
KP300748,2020-01-10,CL,persona,2,1,2394,26,hotmail.com,1
KP303811,12-09-2020,PE,individuo,1,,2148,10,gmail.com,1
KP302834,06/12/2024,PE,individuo,2,si,602,151,icloud.com,1
KP300292,01/03/2021,CL,persona,1,1,1978,306,kipu.cl,1
KP300770,27/12/2020,CL,PERSONA,3,1,2042,131,yahoo.com,1
KP302176,2025-01-19,CL,persona,3,1,558,174,,1
KP304838,2019-08-26,CHILE,individuo,2,si,2531,374,kipu.cl,1
KP303655,05-04-2023,PE,persona,0,0,2013,2217,icloud.com,1
KP301871,23-11-2021,CL,Persona,3,,1711,11,yahoo.com,1
KP301910,29/02/2020,CL,comercio_pequeno,-1,1,2344,1459,yahoo.com,1
KP302224,31-07-2024,chile ,persona,3,0,730,237,yahoo.com,
KP304358,28-12-2025,CL,persona,3,1,215,8,hotmail.com,1
KP302143,05/08/2022,CL,persona,1,0,1456,299,hotmail.com,1
KP300247,21/12/2019, CL,persona,0,1,-59,10,yahoo.com,1
KP300446,2026-05-29,CHILE,persona,1,1,63,18,gmail.com,0
KP302287,2022-11-22,CL,persona,2,1,1347,201,guerrillamail.com,1
KP304564,2021-03-28,chile ,Persona,2,0,1951,,outlook.com,1
KP304304,05/11/2020,PE,comercio_pequeno,3,si,2094,296,yahoo.com,1
KP300457,03-11-2023,cl,persona,1,1,1001,6,hotmail.com,1
KP300453,23-02-2024,US,persona,3,0,889,115,outlook.com,0
KP300051,13-11-2020,CL,PERSONA,3,no,2086,299,yahoo.com,1
KP303472,02-12-2022,CL,persona,2,1,1337,20,yahoo.com,
KP300363,25-01-2024,CL,persona,1,0,918,19,icloud.com,0
KP302546,27-10-2022,Chile,persona,1,1,1373,0,outlook.com,0
KP301206,01-04-2025,BRASIL,persona,2,no,486,5,gmail.com,1
KP302102,2020-05-04,CL,persona,3,,2279,16,yahoo.com,
KP303960,31/03/2024,CL,persona,1,no,852,,icloud.com,0
KP300842,2021-08-26,Chile,PERSONA,3,,1800,19,outlook.com,1
KP303256,2019-09-29,CL,persona,1,1,2497,252,gmail.com,0
KP302673,14/01/2023,US,persona,2,1,1294,71,hotmail.com,
KP300011,23-05-2024,CL,persona,2,1,799,89,icloud.com,0
KP300936,2019-03-19,CL,COMERCIO_PEQUENO,1,0,2691,148,kipu.cl,
KP300419,2023-07-17,CL,persona,,1,1110,0,kipu.cl,0
KP302849,03-04-2021,Perú,persona,0,si,1945,1,outlook.com,
KP302930,28-08-2022,CHILE,Persona,1,1,1433,216,yahoo.com,1
KP303505,30-11-2021,AR,Persona,1,1,1704,229,gmail.com,1
KP301169,2025-11-13,CL,Persona,2,1,260,16,kipu.cl,
KP304051,23-04-2020,CL,PERSONA,3,0,2290,10,kipu.cl,1
KP303834,09/05/2019,CL,persona,2,0,2640,,outlook.com,0
KP302587,2025-08-05,PE,individuo,2,1,360,217,kipu.cl,1
KP304597,28-05-2020, CL,comercio_grande,2,0,2255,122,gmail.com,
KP300553,2023-10-27,cl,individuo,2,0,1008,646,gmail.com,
KP304103,2023-07-03,PE,persona,3,,1124,63,yahoo.com,
KP300028,2021-07-29,CL,persona,2,0,1828,1961,kipu.cl,1
KP301783,31/01/2026,CL,persona,2,1,181,191,kipu.cl,
KP300582,05/02/2024,cl,Persona,3,1,907,9,gmail.com,1
KP301023,08/07/2018,CL,PERSONA,2,no,2945,111,icloud.com,
KP301177,15/12/2021,CL,COMERCIO_PEQUENO,2,si,1689,1092,yahoo.com,1
KP303157,2026-02-06,CL,persona,0,,175,,kipu.cl,0
KP302935,15/01/2025,CHILE,persona,1,1,562,12,outlook.com,1
KP303329,28/06/2020,VE,Persona,0,1,2224,53,outlook.com,1
KP300375,04/11/2020,cl,Persona,2,,2095,135,kipu.cl,
KP304994,2018-11-22,CL,persona,3,1,2808,1776,gmail.com,1
KP300302,17-04-2026,CL,persona,2,1,105,18,yahoo.com,0
KP301907,2022-12-16,CL,persona,3,1,1323,91,hotmail.com,1
KP300046,17-05-2026,CL,Persona,1,1,75,234,hotmail.com,1
KP300387,14/12/2022,CL,Persona,0,1,1325,170,kipu.cl,1
KP302688,16/07/2026,CL,persona,1,no,15,3,gmail.com,0
KP301349,13-11-2024,BR,Persona,1,0,625,,hotmail.com,1
KP300522,24-10-2022,CL,comercio_grande,-1,si,2256,3,kipu.cl,
KP301710,2022-09-20,CL,persona,3,si,1410,67,gmail.com,0
KP300510,2019-08-28,Peru,individuo,2,0,2529,20,gmail.com,1
KP301371,17-11-2018,CL,persona,2,0,2813,12,icloud.com,0
KP303861,2019-12-20,CL,persona,2,si,2415,13,kipu.cl,1
KP301280,18/08/2022,CL,persona,1,0,1443,1681,yahoo.com,
KP301484,10-07-2026,CL,Persona,2,si,21,3059,gmail.com,1
KP304178,12-10-2018,CL,PERSONA,1,1,2849,99,,0
KP304000,11-02-2020,Chile,persona,1,1,2362,38,outlook.com,0
KP303101,03/05/2021, CL,comercio_pequeno,2,,2222,,outlook.com,1
KP300267,2025-06-01,CL,persona,1,1,995,8,hotmail.com,1
KP304600,16/06/2019,CL,individuo,3,1,2602,279,outlook.com,1
KP302739,23/05/2021,CL,persona,0,1,1895,6,gmail.com,1
KP303080,12-10-2019,CL,PERSONA,2,no,2484,14,gmail.com,
KP303023,2024-01-10,CL,persona,3,,933,1383,icloud.com,1
KP302668,2018-08-01,CL,persona,2,0,2921,291,gmail.com,0
KP303154,19/10/2021,CL,persona,1,1,1746,,yahoo.com,1
KP303065,11/09/2019,BR,persona,0,1,2515,3386,icloud.com,
KP304819,2024-11-06,CL,individuo,0,si,632,2775,,0
KP304295,24-11-2023,EEUU,individuo,2,,980,264,icloud.com,1
KP300969,23-07-2025,CL,persona,2,1,683,1,,0
KP300074,2018-12-13,CL,persona,1,,2787,18,10minutemail.com,1
KP302501,25/05/2021,CL,persona,2,0,1893,77,outlook.com,1
KP304060,2021-01-27,CL,PERSONA,3,,2011,262,yahoo.com,
KP303769,2025-02-21,US,persona,1,1,525,3550,gmail.com,0
KP303075,2024-04-03,cl,individuo,0,1,849,180,yahoo.com,
KP304673,2025-07-02,CL,individuo,2,1,394,116,yahoo.com,1
KP301670,31/10/2018,CL,persona,2,no,2830,181,hotmail.com,1
KP300281,20/09/2025,AR,comercio_grande,1,1,314,298,tempmail.io,1
KP300883,23/11/2018,cl,individuo,2,1,2807,111,outlook.com,0
KP300917,13-08-2018,CL,comercio_pequeno,3,,2909,299,gmail.com,1
KP303158,09-06-2025,CL,individuo,1,0,417,3110,outlook.com,1
KP304606,04-11-2021,CHILE,individuo,2,,1730,12,hotmail.com,0
KP303860,2025-09-13,CL,persona,0,,321,2838,kipu.cl,0
KP302963,02-03-2019,CL,persona,2,1,2708,29,outlook.com,
KP304566,14/04/2020,PE,persona,1,0,2299,181,yahoo.com,1
KP300915,2022-12-20,CL,PERSONA,1,0,1319,12,icloud.com,
KP301627,2021-06-11,CL,persona,3,1,1876,1877,hotmail.com,1
KP302296,2022-12-19,Venezuela,persona,2,0,1320,,icloud.com,
KP300691,22-06-2025,US,comercio_pequeno,3,0,404,8,hotmail.com,
KP302314,2022-09-17,CL,persona,3,,1413,2152,outlook.com,1
KP301515,2025-06-21,NG,PERSONA,2,1,405,1,yahoo.com,1
KP304771,22-05-2019,CL,persona,2,0,2627,134,yahoo.com,0
KP303841,21-10-2021,chile ,persona,,1,1744,195,kipu.cl,1
KP301797,29-03-2019,CL,comercio_pequeno,1,1,2681,280,outlook.com,1
KP303975,26-02-2026,CL,Persona,2,1,155,755,mailinator.com,1
KP302446,27/03/2022,CHILE,Persona,1,1,1587,6,hotmail.com,1
KP302474,30-12-2023,CL,comercio_pequeno,2,0,944,265,icloud.com,
KP304674,2022-08-25,CL,persona,3,1,1436,65,icloud.com,0
KP303687,08/11/2023,CL,persona,3,1,996,11,kipu.cl,0
KP301483,21/06/2025,CL,persona,1,si,405,67,kipu.cl,0
KP302226,2025-07-10,CL,PERSONA,0,1,386,2,gmail.com,1
KP303524,29-09-2019,cl,PERSONA,1,1,2497,8,outlook.com,1
KP301985,2022-10-15,CL,persona,3,1,1385,257,gmail.com,
KP300390,02-05-2022,CL,comercio_grande,1,1,1551,100,yahoo.com,1
KP304287,16/01/2026,CL,persona,2,no,196,229,10minutemail.com,
KP300053,05-02-2023,CL,PERSONA,1,0,1272,8,kipu.cl,1
KP303457,2022-02-04,RU,PERSONA,2,,1638,666,icloud.com,1
KP301275,21-09-2023,CO,persona,0,no,1044,1,outlook.com,1
KP304208,11-04-2026, CL,persona,2,1,111,685,outlook.com,1
KP304995,01-11-2018,CO,persona,2,0,2829,5,gmail.com,1
KP300459,06-08-2023,cl,persona,1,1,1090,18,,
KP302495,18-08-2018,CL,Persona,0,no,2904,90,icloud.com,
KP304408,23-08-2022,CL,comercio_pequeno,1,1,1438,145,icloud.com,1
KP304506,18/06/2025, CL,persona,3,0,408,20,icloud.com,1
KP304005,2026-05-17,PE,persona,-1,1,75,5,yahoo.com,1
KP300188,24/09/2018,CL,pyme,2,no,2867,127,outlook.com,1
KP300880,24/01/2020,AR,PERSONA,3,1,2380,272,yahoo.com,1
KP302124,04/12/2025,CL,persona,3,,239,,hotmail.com,1
KP304427,15-07-2024,cl,persona,3,1,746,,yahoo.com,0
KP300059,2019-03-10,chile ,persona,1,,2700,0,hotmail.com,1
KP301726,27/07/2018,CL,persona,2,1,2926,35,outlook.com,1
KP303824,2026-02-06,CL,persona,1,0,175,417,yahoo.com,0
KP303365,31/07/2025,CHILE,persona,0,0,365,74,kipu.cl,0
KP304767,06/08/2019,cl,persona,3,0,2551,6,hotmail.com,0
KP303074,25-12-2020, CL,persona,,1,2044,1330,icloud.com,
KP300116,01-01-2023,BR,persona,0,1,1307,1,gmail.com,
KP304239,04/12/2019,CL,Persona,2,si,2431,216,gmail.com,
KP303134,14-09-2018, CL,persona,2,,-145,162,hotmail.com,0
KP301948,2019-11-23,CL,persona,-1,1,2442,3015,hotmail.com,1
KP302309,2022-11-07,CL,COMERCIO_PEQUENO,2,0,1362,152,yahoo.com,
KP302727,20-07-2020,VE,persona,1,si,2202,1576,kipu.cl,1
KP303257,28/12/2024,CHILE,persona,2,1,580,3742,yahoo.com,1
KP302784,2025-05-15,PE,PERSONA,2,1,442,112,hotmail.com,0
KP304270,21-04-2025,CO,comercio_pequeno,2,1,466,201,gmail.com,1
KP303620,01-08-2024,CL,persona,1,0,729,3811,kipu.cl,1
KP300394,27/01/2021,CL,persona,0,1,2011,169,gmail.com,
KP303852,18-08-2025,CL,persona,2,0,915,17,gmail.com,0
KP303224,05-07-2026,VE,persona,3,no,26,6,yahoo.com,1
KP301363,04-04-2023,CHILE,comercio_pequeno,-1,,1214,2592,gmail.com,1
KP300655,08/02/2021,CL,persona,0,0,2833,11,icloud.com,1
KP304573,2023-03-14,CL,persona,2,1,1235,57,kipu.cl,1
KP302605,22-03-2019,CL,PERSONA,3,0,2688,122,hotmail.com,1
KP304692,11-04-2020,chile ,Persona,3,,2488,275,hotmail.com,0
KP300876,09/01/2022,chile ,persona,1,0,1664,299,icloud.com,0
KP300151,2022-12-16,US,Persona,1,si,1323,,gmail.com,1
KP303931,19-04-2023,Chile,comercio_pequeno,2,,1199,111,outlook.com,1
KP301269,2021-10-19,CL,PERSONA,,1,1872,144,yahoo.com,1
KP300145,24/03/2022,Chile,comercio_pequeno,3,,1590,20,gmail.com,1
KP302082,15/07/2024,CHILE,PERSONA,1,1,1028,1397,hotmail.com,1
KP303624,09-12-2019,Russia,pyme,1,0,2426,20,icloud.com,1
KP301932,16/04/2024,AR,persona,1,1,836,,kipu.cl,1
KP301072,19-03-2022, CL,PERSONA,3,no,1595,1920,icloud.com,1
KP300283,21/11/2019,CL,COMERCIO_PEQUENO,2,1,2444,17,guerrillamail.com,0
KP301314,17/06/2026,CL,comercio_grande,2,,44,81,kipu.cl,1
KP304814,04/04/2025,AR,persona,1,si,483,128,icloud.com,1
KP303112,19/11/2019,CL,persona,2,1,2446,1513,gmail.com,1
KP302313,03/07/2021,Chile,persona,2,0,1854,674,gmail.com,1
KP302348,11/07/2026,CL,persona,1,1,342,,hotmail.com,1
KP304191,2023-06-14,CL,individuo,1,1,1143,41,hotmail.com,1
KP301508,24-06-2022,AR,persona,1,,1498,2892,gmail.com,0
KP302329,26/12/2023,CL,persona,1,1,948,17,gmail.com,0
KP302101,31-01-2021,CL,comercio_pequeno,2,1,2007,5,kipu.cl,
KP302245,05/09/2024,CL,Persona,2,1,694,3612,icloud.com,1
KP304333,13/11/2021,CL,persona,0,1,1721,238,gmail.com,0
KP301724,2023-06-26,ARGENTINA,persona,3,0,1131,80,kipu.cl,
KP301442,12/09/2018,US,comercio pequeño,3,no,2879,,hotmail.com,
KP300583,22-03-2026,CL,comercio_pequeno,2,0,131,2753,icloud.com,1
KP304309,30-05-2025,Venezuela,Persona,0,1,427,51,yahoo.com,1
KP300485,08-02-2022,CL,comercio_pequeno,2,si,1634,3619,kipu.cl,
KP303405,29-01-2024,CO,persona,0,0,914,16,hotmail.com,1
KP304510,26/04/2024,CL,Persona,2,0,826,85,gmail.com,
KP302683,15-12-2019,CL,persona,0,,2420,132,gmail.com,1
KP300062,24-01-2024,ARGENTINA,persona,2,,919,223,,0
KP300071,17-12-2020,CL,comercio grande,2,no,2052,75,gmail.com,1
KP300827,29-12-2024,chile ,persona,1,no,579,166,yahoo.com,1
KP303816,01/07/2026,CO,comercio grande,2,1,644,2260,hotmail.com,0
KP304444,21-02-2023,CL,pyme,1,1,1256,31,yahoo.com,1
KP304914,25-04-2025,CL,persona,2,1,462,1322,outlook.com,1
KP304466,2019-08-25,CL,comercio_pequeno,1,1,2532,2903,,
KP304392,02-05-2023,CL,individuo,,,1186,291,outlook.com,0
KP304381,05/03/2021,CL,persona,0,1,1974,153,gmail.com,
KP300044,2018-12-17,CL,persona,3,1,2783,121,yahoo.com,1
KP301099,12/12/2022,CL,persona,0,1,1327,36,gmail.com,
KP300724,24-02-2025,AR,individuo,0,si,522,,hotmail.com,1
KP301226,09-11-2020,Brazil,individuo,2,1,2302,176,outlook.com,
KP304774,28/03/2019,RU,persona,1,1,2682,1270,hotmail.com,0
KP301859,29/05/2019,CL,individuo,1,1,2620,15,outlook.com,1
KP302434,14/12/2018,PE,COMERCIO_PEQUENO,3,1,2786,,outlook.com,0
KP301249,16/09/2021,VE,persona,0,1,1779,11,hotmail.com,1
KP304922,12-09-2023,CL,persona,1,no,1053,244,,1
KP301015,2020-03-30,CL,individuo,2,no,2314,18,kipu.cl,1
KP304158,19-03-2023,CL,persona,0,1,1230,204,icloud.com,
KP304313,20/01/2023,CL,persona,0,,1288,65,yahoo.com,0
KP302019,03/11/2018,CL,persona,2,0,2827,2637,icloud.com,1
KP300406,21-07-2026,CL,comercio_pequeno,2,0,804,145,gmail.com,
KP300531,2022-06-16,CL,persona,0,1,-81,0,outlook.com,
KP304341,29-06-2024,CL,persona,2,1,762,106,gmail.com,1
KP300447,2023-10-28,chile ,individuo,0,0,1007,3100,gmail.com,0
KP303591,22-07-2020,CL,individuo,2,si,2200,13,hotmail.com,1
KP304866,2025-09-16,CL,comercio_pequeno,2,1,318,5,yahoo.com,1
KP302808,08/11/2022,US,persona,2,1,1361,220,icloud.com,0
KP303450,08/02/2019,CL,comercio_pequeno,0,1,2730,,kipu.cl,1
KP302016,2020-03-14,CHILE,persona,2,0,2330,12,yahoo.com,1
KP303694,16-11-2023,CL,comercio_pequeno,2,1,988,0,hotmail.com,1
KP304387,04-12-2023,CL,persona,1,0,970,79,icloud.com,1
KP304630,23/09/2019,CL,persona,2,si,2503,547,hotmail.com,0
KP303429,28-02-2021,CL,comercio_grande,2,1,1979,13,icloud.com,0
KP301446,05/12/2024,CL,comercio_pequeno,2,1,603,127,tempmail.io,1
KP303440,07-10-2022, CL,persona,1,1,1393,1045,icloud.com,0
KP303296,16-03-2020,CL,individuo,1,1,2328,16,,1
KP303313,2025-01-25,CL,persona,2,0,552,10,guerrillamail.com,
KP304757,2022-05-18,CL,persona,0,1,1535,177,hotmail.com,1
KP304874,2022-09-19,Estados Unidos,persona,0,,1411,,gmail.com,1
KP301630,17-10-2020,EEUU,persona,2,1,2113,2316,hotmail.com,1
KP300190,13-07-2023,CL,persona,1,0,1114,9,outlook.com,0
KP303132,21/04/2021,CL,persona,2,1,1927,42,icloud.com,1
KP302304,2020-06-01,CL,persona,2,1,2251,178,10minutemail.com,
KP304296,03-11-2025,cl,comercio_grande,3,1,270,5,gmail.com,0
KP304780,24-06-2022,CL,persona,2,1,1498,15,yahoo.com,1
KP304155,16/12/2023, CL,persona,2,1,958,16,gmail.com,1
KP304629,28/12/2020,CL,persona,3,,2041,0,kipu.cl,0
KP302447,02/10/2023,cl,comercio_pequeno,1,no,1033,280,gmail.com,0
KP300075,29-05-2026,CL,persona,1,1,63,95,10minutemail.com,0
KP300397,17/05/2026,Nigeria,PERSONA,1,si,75,3093,kipu.cl,1
KP300982,20-03-2023,AR,PERSONA,0,1,1229,4,kipu.cl,
KP302738,2022-06-16,Chile,PERSONA,0,0,1506,138,gmail.com,1
KP303408,27-10-2022,chile ,individuo,2,1,1373,430,yahoo.com,1
KP300866,19/09/2024,CL,PERSONA,3,no,680,95,icloud.com,
KP303991,2024-05-03, CL,pyme,0,no,819,2,yahoo.com,0
KP301268,26/08/2024, CL,pyme,3,si,704,232,yahoo.com,1
KP303043,2018-12-16,cl,comercio_grande,2,1,2784,7,icloud.com,1
KP302343,2025-06-09,BR,persona,1,no,417,2,yahoo.com,0
KP304833,2022-07-21,AR,persona,2,0,1471,1,outlook.com,1
KP301254,2020-08-15, CL,persona,1,0,2176,2420,outlook.com,1
KP300975,18/02/2023,CL,persona,1,,1259,,kipu.cl,1
KP304156,20-07-2024,cl,persona,3,si,741,,kipu.cl,1
KP300701,01/02/2023,BR,persona,3,1,1276,0,kipu.cl,0
KP303173,26/02/2025,VE,persona,2,1,520,1002,hotmail.com,1
KP304751,14/03/2022,CL,persona,2,1,1600,166,hotmail.com,
KP303951,2023-12-07,RU,persona,0,no,967,30,hotmail.com,1
KP300958,2021-01-19,CHILE,Persona,3,0,2019,4,kipu.cl,1
KP302068,2026-03-30,CL,persona,1,1,123,15,gmail.com,1
KP303324,2018-06-19,CL,persona,2,1,2964,719,outlook.com,1
KP304596,25/04/2021,CL,PERSONA,2,1,1923,255,yahoo.com,
KP303695,03/05/2023,CL,PERSONA,0,1,1185,2899,icloud.com,1
KP304787,2019-12-22,CL,PERSONA,2,1,2413,196,hotmail.com,1
KP300433,02/01/2026,PE,persona,3,1,210,2747,kipu.cl,1
KP301403,2021-04-20,PE,persona,2,0,1928,17,yahoo.com,
KP300041,26/01/2022,AR,individuo,2,1,1647,6,icloud.com,0
KP301212,24/08/2022,AR,persona,2,si,1437,97,icloud.com,1
KP301725,06-10-2023,CL,persona,1,1,1029,14,yahoo.com,
KP304619,20/04/2019,CL,Persona,0,si,2659,19,gmail.com,0
KP302399,14/03/2023,chile ,Persona,0,,1235,263,outlook.com,1
KP303034,24/01/2025,chile ,PERSONA,2,1,553,3960,hotmail.com,1
KP300616,26-11-2020,CL,persona,2,no,2073,169,gmail.com,1
KP303946,14/10/2021,Chile,persona,2,0,1751,11,yahoo.com,1
KP300366,22-04-2024,Chile,PERSONA,1,1,830,8,gmail.com,0
KP302452,16-11-2025,CL,COMERCIO_PEQUENO,3,1,-118,10,gmail.com,
KP301609,2025-12-15,cl,individuo,3,0,228,15,icloud.com,
KP300348,2020-07-15,CL,persona,3,1,2207,220,outlook.com,
KP302196,02-03-2025,CL,persona,1,no,516,99,gmail.com,1
KP302990,21/03/2023,CL,comercio_pequeno,2,1,1228,2642,outlook.com,1
KP304583,2023-11-10,Argentina,Persona,3,1,-179,3207,kipu.cl,1
KP301059,11/01/2026,CHILE,PERSONA,1,1,201,1718,kipu.cl,1
KP302767,2024-08-04,CL,persona,2,,726,,outlook.com,1
KP300826,30/03/2026,ARGENTINA,COMERCIO_PEQUENO,1,1,123,9,icloud.com,
KP302160,2026-03-08,cl,persona,0,,145,163,icloud.com,1
KP300974,2023-09-13,CL,persona,2,0,1052,1733,gmail.com,
KP300978,18/03/2023,Rusia,persona,2,,1231,157,tempmail.io,0
KP303188,12-05-2023,ARGENTINA,persona,0,1,1176,205,icloud.com,1
KP300064,2022-07-01,Chile,Persona,1,1,1491,57,icloud.com,1
KP304847,2024-08-24, CL,persona,3,no,706,264,hotmail.com,0
KP303021,2021-10-08,CL,persona,2,0,1757,56,yahoo.com,0
KP304620,2023-12-17,CL,comercio_grande,0,si,957,35,outlook.com,1
KP302835,26-04-2019,CL,persona,2,1,2653,2359,icloud.com,1
KP304738,25/11/2024,cl,persona,2,0,613,12,yahoo.com,
KP301850,13/07/2021,BR,comercio pequeño,2,0,1844,,mailinator.com,1
KP300941,2021-04-14,PE,persona,3,1,1934,10,outlook.com,
KP302890,10/03/2025,CL,Persona,0,1,508,233,yahoo.com,1
KP303215,14-11-2020,chile ,persona,3,no,2085,20,icloud.com,1
KP301156,24/01/2021,CL,persona,0,0,2014,6,icloud.com,
KP303623,23/06/2024,CL,Persona,2,1,768,231,gmail.com,
KP302290,21/12/2024,AR,persona,2,0,587,3269,gmail.com,0
KP303102,2023-02-17,CL,comercio grande,-1,1,1260,3330,outlook.com,0
KP301039,10-03-2024,CL,Persona,3,1,873,101,kipu.cl,1
KP300152,25/01/2019,CO,PERSONA,2,no,2744,2606,yahoo.com,1
KP300775,24/03/2023,CL,persona,2,1,1225,2391,gmail.com,0
KP302975,2026-04-14,CL,persona,1,1,108,8,outlook.com,0
KP302365,02/10/2020,CL,persona,3,,2128,16,outlook.com,1
KP304049,18-01-2026,Chile,Persona,3,1,194,15,outlook.com,1
KP300246,23/01/2022,PE,persona,2,0,1650,0,kipu.cl,1
KP304436,2025-02-17,CL,persona,2,1,529,18,outlook.com,
KP302998,27-06-2019,USA,comercio_pequeno,1,1,2591,5,gmail.com,1
KP301550,22-06-2025,US,persona,1,1,404,16,outlook.com,1
KP304992,2026-05-02,chile ,persona,2,0,90,132,,1
KP300754,2018-12-23,chile ,pyme,0,1,2777,3377,yahoo.com,1
KP304134,06-01-2024,chile ,comercio_pequeno,3,0,937,298,icloud.com,0
KP303589,15/09/2019,PE,persona,2,1,2511,1,10minutemail.com,0
KP301844,12-01-2020,Argentina,comercio_grande,0,1,2392,237,icloud.com,1
KP301174,09/07/2025,CL,individuo,0,no,387,182,icloud.com,
KP303479,15/09/2025,CL,persona,2,1,319,1387,hotmail.com,1
KP301151,20/06/2023,CL,persona,,1,1137,7,yahoo.com,1
KP300991,2022-02-01,CHILE,PERSONA,1,1,1641,0,gmail.com,0
KP302845,12/05/2024,CL,persona,1,1,810,213,gmail.com,
KP304842,2024-07-13,CO,persona,0,no,748,18,kipu.cl,0
KP300296,19/07/2021,CO,persona,2,1,1838,2,yahoo.com,1
KP301873,08/12/2021,VE,persona,1,1,1696,228,yahoo.com,0
KP303914,27/03/2024,AR,persona,0,1,856,116,gmail.com,0
KP301972,22-07-2021,CL,individuo,2,1,1835,10,,
KP304723,23/06/2019,CL,persona,2,no,2595,19,gmail.com,1
KP303898,22/04/2025, CL,comercio_pequeno,1,1,465,168,yahoo.com,0
KP301973,23-12-2024,ARGENTINA,persona,1,1,585,8,icloud.com,1
KP300000,17-08-2024,chile ,individuo,2,1,713,149,yahoo.com,1
KP304810,2026-10-20,CL,persona,1,si,0,1322,hotmail.com,
KP301632,25/06/2023,VE,persona,1,si,1132,1386,outlook.com,
KP304328,2023-06-24,CL,persona,0,0,1133,149,outlook.com,
KP301444,23-09-2018,Chile,persona,1,0,2868,106,yahoo.com,0
KP304157,2026-04-26, CL,Persona,1,no,96,9,guerrillamail.com,1
KP304835,03-07-2022,CL,comercio_pequeno,1,1,1489,288,hotmail.com,1
KP302774,16-09-2024,CL,persona,2,,683,19,gmail.com,1
KP302980,12-10-2018,CL,individuo,3,0,2849,5,gmail.com,0
KP302655,2026-06-08,AR,individuo,1,si,53,8,gmail.com,
KP304509,2021-11-12,CHILE,individuo,2,1,1722,221,gmail.com,1
KP304236,27/08/2025,CL,persona,0,1,338,268,yahoo.com,0
KP300986,16-01-2022,CL,persona,0,1,1657,75,yahoo.com,1
KP301219,2026-02-19,CL,persona,1,1,162,228,mailinator.com,1
KP302220,28-03-2024,CL,PERSONA,1,,855,90,outlook.com,
KP302209,29/10/2023,cl,comercio_pequeno,1,0,1006,15,outlook.com,
KP300488,2024-03-14,Argentina,persona,1,1,869,185,icloud.com,1
KP303174,2018-11-28,CL,persona,3,0,2802,26,yahoo.com,0
KP300815,21/11/2023,CL,persona,2,1,983,3,kipu.cl,1
KP300134,07/12/2025,cl,persona,1,si,236,50,kipu.cl,
KP301223,25-01-2024,CL,persona,2,1,918,207,kipu.cl,1
KP303870,2019-08-25,CL,persona,2,,2532,300,kipu.cl,0
KP303759,2020-03-19,NG,persona,0,1,2325,18,gmail.com,1
KP301509,04/08/2022,CL,persona,2,0,1457,249,icloud.com,1
KP301648,2024-01-21,CL,comercio_pequeno,2,1,922,168,hotmail.com,0
KP302525,30-03-2025,CL,Persona,3,1,488,693,gmail.com,1
KP303615,2023-11-16,CL,PERSONA,2,1,988,227,yahoo.com,1
KP304336,2024-12-27,CL,persona,1,0,581,4,gmail.com,
KP303706,2019-06-03,CL,persona,2,0,2615,3462,yahoo.com,0
KP300578,2025-11-09,CL,Persona,1,si,264,8,kipu.cl,1
KP303751,2026-06-05,CO,persona,2,1,56,9,yahoo.com,0
KP301225,12/11/2021,CL,comercio_grande,2,1,1722,2,icloud.com,1
KP302261,2022-12-28,CL,persona,0,1,1311,168,hotmail.com,1
KP302756,2021-08-07,CL,PERSONA,2,1,1819,246,10minutemail.com,0
KP302419,2024-10-09,Chile,persona,1,si,660,222,hotmail.com,1
KP300206,2023-06-30,CHILE,individuo,2,1,1127,,outlook.com,1
KP300976,2021-12-03,CL,pyme,1,0,1701,129,icloud.com,1
KP303741,2026-10-22,CL,persona,2,no,0,0,gmail.com,
KP304916,01/10/2020,CL,persona,0,1,2129,45,gmail.com,1
KP300370,22/08/2025,Argentina,persona,3,0,-21,6,hotmail.com,1
KP300778,20-02-2023,chile ,Persona,2,,1257,1317,mailinator.com,
KP304383,2024-01-07, CL,persona,1,1,936,,hotmail.com,0
KP302832,17/02/2020,CL,PERSONA,3,1,2356,12,outlook.com,
KP303319,27-01-2023,NG,comercio grande,0,0,1281,266,icloud.com,1
KP302954,2023-01-17,CL,persona,2,,1291,12,kipu.cl,1
KP304229,25/07/2019,CO,individuo,2,1,2563,0,gmail.com,1
KP302781,2018-09-04,CL,individuo,1,0,2887,4,icloud.com,1
KP304808,2021-12-27,CL,persona,,,1860,235,hotmail.com,1
KP302939,2024-07-06,CL,persona,2,,755,1893,outlook.com,0
KP300181,2026-06-02, CL,persona,2,0,59,67,outlook.com,1
KP303584,27/07/2019,CL,persona,2,no,2561,140,gmail.com,0
KP302824,2026-07-30,CL,persona,1,1,1,516,yahoo.com,
KP301148,07/06/2019,CL,Persona,2,0,2611,838,icloud.com,1
KP301088,16-12-2024,CL,persona,3,1,592,55,gmail.com,1
KP302516,2025-08-30,CL,persona,3,1,335,9,hotmail.com,
KP303180,02/03/2024,RU,persona,2,1,881,17,kipu.cl,
KP301343,25-10-2019,chile ,comercio_pequeno,3,no,2471,171,gmail.com,1
KP300728,2019-09-08,CL,persona,3,no,2518,146,icloud.com,0
KP302278,2021-06-28,CL,persona,2,si,1859,3,hotmail.com,1
KP300584,03-10-2025,CL,Persona,2,1,301,9,outlook.com,1
KP301846,2021-09-12,CL,COMERCIO_PEQUENO,1,1,1783,225,gmail.com,
KP301531,05-06-2026,CL,persona,1,1,56,3,yahoo.com,1
KP300207,2023-04-25,CL,individuo,1,si,1193,152,kipu.cl,
KP304442,2025-10-09,CL,individuo,2,,295,114,outlook.com,0
KP304631,2019-07-17,chile ,persona,3,no,2571,14,yahoo.com,1
KP304039,30-11-2020,CL,persona,,1,2311,77,,1
KP304972,30/04/2025,chile ,PERSONA,0,0,457,12,yahoo.com,0
KP302116,2019-12-26,US,persona,3,1,2409,,hotmail.com,0
KP301430,05-06-2023,CL,Persona,1,1,1152,238,yahoo.com,0
KP300106,28/12/2021,Chile,persona,1,1,1676,761,yahoo.com,
KP304418,2023-12-31,PERU,persona,3,no,943,247,kipu.cl,0
KP300347,07-09-2025,CL,persona,2,0,327,,hotmail.com,0
KP304018,01/01/2024, CL,persona,2,,942,193,,1
KP300640,24-04-2020,CL,persona,3,1,2289,253,kipu.cl,1
KP303241,04-09-2023,CL,persona,2,1,1061,39,yahoo.com,1
KP301096,14/10/2019,CL,Persona,1,1,2482,12,10minutemail.com,1
KP300442,04-12-2021,cl,Persona,3,0,1700,2820,gmail.com,1
KP303041,05/02/2020,cl,persona,2,0,2368,10,outlook.com,0
KP301929,22-11-2025,chile ,persona,1,1,251,31,hotmail.com,1
KP302158,17-03-2025,CL,persona,0,1,501,3448,outlook.com,1
KP300081,13/02/2021,CL,persona,3,0,2848,119,gmail.com,
KP304292,05/11/2020,Chile,persona,2,,2094,222,kipu.cl,1
KP304484,14/02/2025,AR,persona,2,0,532,188,gmail.com,0
KP302280,14-05-2026,CL,persona,1,,78,0,gmail.com,
KP301482,05-02-2020, CL,COMERCIO_GRANDE,3,0,2368,6,hotmail.com,1
KP303270,15-04-2019, CL,Persona,2,1,2664,840,hotmail.com,0
KP301302,2021-07-28, CL,COMERCIO_PEQUENO,2,1,1829,9,icloud.com,0
KP302640,2026-04-12,Brasil,persona,0,0,110,35,gmail.com,0
KP300434,16-12-2022,CL,persona,3,1,1900,183,outlook.com,0
KP302222,20-09-2023,CL,persona,3,0,1045,1,yahoo.com,1
KP300097,29-10-2020,CL,persona,1,1,2101,205,kipu.cl,1
KP303360,2025-02-28,CL,comercio_pequeno,2,0,518,284,kipu.cl,
KP304508,06-03-2025,CL,PERSONA,3,0,512,189,guerrillamail.com,1
KP303554,03/12/2019,CL,persona,1,si,2432,187,gmail.com,1
KP303808,17/04/2025, CL,PERSONA,2,1,470,9,kipu.cl,0
KP301060,05/03/2026,CL,persona,2,1,148,,yahoo.com,1
KP304428,2023-09-24,PE,individuo,3,,1041,,outlook.com,1
KP303707,27-01-2024,BR,persona,2,1,916,15,outlook.com,1
KP303520,05-03-2019,CL,individuo,0,0,2705,12,gmail.com,1
KP303287,04/09/2022,VE,persona,0,1,1426,3316,outlook.com,1
KP304301,01/07/2024,RU,individuo,2,1,760,43,hotmail.com,1
KP300789,2018-08-19,cl,PERSONA,0,1,2903,217,icloud.com,1
KP300455,25-01-2021,CL,persona,1,1,2013,229,hotmail.com,
KP301376,2021-06-17,CHILE,persona,2,no,1870,209,outlook.com,
KP302622,29-10-2020,CL,persona,2,0,2101,9,hotmail.com,
KP301543,03-07-2026,CL,persona,1,0,861,104,kipu.cl,1
KP304798,30-12-2019,CL,Persona,3,no,2405,2059,,1
KP302931,2022-03-31,CL,Persona,3,0,1583,1488,outlook.com,
KP303705,09/04/2019,CL,empresa,2,1,2670,3973,hotmail.com,1
KP303523,2021-04-16,cl,persona,3,1,1932,43,kipu.cl,1
KP300944,2020-03-12,chile ,Persona,1,0,2332,133,yahoo.com,
KP302334,17-11-2019,cl,persona,1,,2448,,outlook.com,1
KP302670,2020-08-14,cl,PERSONA,3,no,2177,54,hotmail.com,
KP301068,2024-01-18,AR,persona,2,1,925,179,yahoo.com,1
KP300275,14/02/2026, CL,Persona,0,1,-130,2801,gmail.com,1
KP303250,31/03/2019, CL,persona,3,no,2679,122,kipu.cl,1
KP304933,31/07/2018,Peru,PERSONA,2,,2922,10,outlook.com,1
KP302125,18-07-2021,cl,persona,1,si,1839,14,yahoo.com,0
KP302548,11/08/2022,Chile,persona,-1,0,1450,4,outlook.com,0
KP302244,11/05/2025,Chile,individuo,3,0,446,260,gmail.com,0
KP304079,12-03-2020,CHILE,persona,2,,2332,86,outlook.com,0
KP300262,17-11-2024,Chile,persona,2,1,994,15,yahoo.com,0
KP301082,12/09/2024,CL,persona,1,0,687,1630,hotmail.com,1
KP303354,28/04/2019,CL,persona,-1,,2651,,kipu.cl,0
KP304128,11-05-2022,CL,persona,2,1,1542,,gmail.com,1
KP302719,07/09/2020,CL,individuo,-1,1,2153,3435,kipu.cl,1
KP303917,06/04/2024,cl,PERSONA,1,0,846,10,gmail.com,0
KP303334,03-10-2019,CL,persona,2,no,2493,470,icloud.com,1
KP303104,28/09/2020,AR,comercio_pequeno,3,1,2132,101,yahoo.com,1
KP301164,12/06/2019,CL,persona,2,1,2606,15,icloud.com,0
KP304603,14/07/2021,CL,persona,2,si,1843,118,yahoo.com,1
KP303321,07-04-2021,CL,persona,2,1,1941,1,icloud.com,1
KP302812,31-07-2018,CL,persona,1,,2922,292,gmail.com,
KP304610,2020-07-02,PERU,persona,3,1,2220,14,kipu.cl,0
KP303336,2025-10-20,CL,persona,2,,284,8,,1
KP300482,2019-02-03,chile ,persona,3,1,2735,216,,1
KP303518,2023-07-31,CL,comercio pequeño,1,0,1096,87,gmail.com,1
KP302557,21/07/2018,Rusia,PERSONA,1,0,2932,296,icloud.com,0
KP303416,2023-11-04,PE,persona,0,1,1000,46,outlook.com,0
KP303710,08-11-2018,chile ,persona,3,,2822,0,icloud.com,1
KP302883,27-04-2019,cl,persona,1,1,2652,153,icloud.com,1
KP300623,26/05/2022, CL,comercio_pequeno,2,1,1527,12,icloud.com,1
KP302038,23-09-2019,CL,persona,2,1,2503,779,gmail.com,1
KP300955,07/08/2021,Chile,PERSONA,2,no,1819,16,outlook.com,0
KP304087,2020-01-12,cl,pyme,3,1,2392,82,icloud.com,1
KP302493,17-08-2025,CL,persona,0,0,348,131,kipu.cl,
KP302213,2024-05-08, CL,persona,1,0,814,4,gmail.com,0
KP303511,07/06/2018,CL,persona,1,1,3240,225,icloud.com,1
KP304886,19-04-2026,Russia,empresa,1,si,103,200,gmail.com,1
KP300629,18-09-2024,CL,persona,0,1,681,0,kipu.cl,1
KP302285,2025-08-13,CL,comercio_pequeno,1,1,352,15,gmail.com,0
KP303559,28/01/2024,CL,persona,0,1,915,30,icloud.com,1
KP301240,2023-08-02,CL,persona,0,0,1094,0,guerrillamail.com,1
KP304653,2020-04-14,CL,Persona,1,,2299,23,yahoo.com,
KP300895,03/03/2022,CL,PERSONA,2,si,1611,2093,outlook.com,1
KP301259,25-01-2023,chile ,persona,1,1,1283,144,outlook.com,1
KP302581,2019-02-27, CL,individuo,1,si,2711,260,yahoo.com,1
KP304939,29/10/2025,chile ,persona,2,0,275,104,yahoo.com,1
KP304262,02/02/2026,Colombia,comercio_grande,2,no,179,2,icloud.com,
KP301723,16/05/2021,US,persona,1,1,2523,239,icloud.com,1
KP304576,2026-02-02,Brazil,comercio_pequeno,0,1,845,6,icloud.com,1
KP302830,24/11/2025,CL,persona,3,1,779,19,outlook.com,1
KP301423,11-10-2021,CL,Persona,2,1,1754,7,gmail.com,1
KP302110,2025-01-26,CL,persona,3,si,551,5,yahoo.com,0
KP301461,30/10/2018,chile ,persona,2,no,2831,188,yahoo.com,1
KP301055,22/10/2019,CO,persona,2,,3086,238,hotmail.com,1
KP302616,24/09/2018,CL,persona,0,1,2867,116,hotmail.com,1
KP301034,2025-12-19,CL,PERSONA,2,1,-172,1591,hotmail.com,1
KP300342,29-11-2018,CL,persona,3,1,2801,1,gmail.com,0
KP302440,2024-02-27,CL,pyme,1,1,885,4,hotmail.com,0
KP302724,07/03/2024,Argentina,persona,3,0,876,13,outlook.com,1
KP302628,18/02/2022,CL,comercio_grande,1,1,-53,3151,outlook.com,1
KP300139,21/02/2023,AR,persona,1,,1256,2476,gmail.com,1
KP301265,25/06/2025,CL,persona,1,si,860,16,gmail.com,0
KP301852,10-10-2025,CL,persona,1,0,294,16,icloud.com,1
KP303771,23-05-2020,cl,PERSONA,2,,2260,265,kipu.cl,
KP300364,29/11/2025,CL,Persona,1,,-50,268,hotmail.com,1
KP304917,31-08-2025,CL,comercio pequeño,2,1,334,1519,icloud.com,0
KP302127,2021-08-09,CL,persona,2,no,1817,1459,yahoo.com,1
KP300762,2025-10-24,CL,persona,2,si,280,262,hotmail.com,0
KP301490,2023-06-20,RU,comercio_pequeno,2,1,1731,8,icloud.com,1
KP304138,27/07/2023,BR,pyme,3,0,1100,253,gmail.com,1
KP301628,2019-03-15,CL,persona,2,1,2695,5,icloud.com,1
KP302284,27-10-2019,US,persona,,1,2469,223,outlook.com,0
KP300527,24-05-2019,CL,persona,1,1,2625,54,kipu.cl,0
KP300972,2020-12-07,Chile,persona,2,,2062,251,icloud.com,
KP304987,2020-05-20,Chile,persona,2,1,2263,16,hotmail.com,1
KP302921,2019-12-26,CL,persona,1,0,2409,242,icloud.com,1
KP300149,12-01-2024,AR,persona,1,0,931,6,gmail.com,1
KP303249,11-07-2019,cl,persona,2,1,2577,110,icloud.com,0
KP300484,13/05/2022,CL,individuo,1,0,1540,5,gmail.com,0
KP304955,29/03/2022,CL,individuo,,1,1585,1842,gmail.com,1
KP303684,2025-11-24,CL,comercio_pequeno,3,si,249,0,gmail.com,1
KP302428,21/02/2023,CL,comercio_pequeno,0,1,1256,2095,yahoo.com,1
KP303858,08/11/2019,CL,persona,2,,2457,,kipu.cl,1
KP301942,28/07/2019,AR,persona,2,no,2560,,outlook.com,1
KP301290,16-11-2024,Chile,persona,0,1,622,17,kipu.cl,1
KP304580,24-02-2025,CL,persona,2,1,522,143,gmail.com,1
KP300010,2024-03-12,chile ,persona,2,no,871,519,icloud.com,1
KP303966,22-09-2024,chile ,Persona,1,1,677,9,hotmail.com,0
KP301445,04/12/2021,chile ,persona,0,1,1700,1080,gmail.com,0
KP300734,2024-12-20,PE,Persona,2,0,588,270,yahoo.com,0
KP304062,15/12/2023,CL,PERSONA,2,0,959,35,outlook.com,1
KP301327,06-10-2019,CL,PERSONA,1,1,2490,18,kipu.cl,
KP304450,26-05-2019,VE,persona,2,,2623,12,outlook.com,
KP304291,2018-12-25,Chile,persona,1,0,2775,12,hotmail.com,1
KP304183,07/06/2026,chile ,persona,0,si,54,1690,kipu.cl,1
KP300784,2024-03-28,CL,persona,3,si,855,175,yahoo.com,0
KP301554,01-03-2026,CL,persona,1,0,152,87,hotmail.com,0
KP302651,2023-09-25,AR,persona,2,0,1040,12,icloud.com,0
KP304415,2024-05-17,CL,PERSONA,1,1,805,60,icloud.com,
KP302564,2025-03-19,CL,COMERCIO_PEQUENO,3,1,499,13,hotmail.com,1
KP303657,20-08-2022,CL,COMERCIO_PEQUENO,2,1,1441,2,yahoo.com,1
KP303464,2025-06-18,BR,Persona,0,si,408,134,icloud.com,1
KP303343,21/01/2021,Russia,persona,0,1,2017,3710,yahoo.com,1
KP301135,2021-02-09,CHILE,comercio_grande,2,no,1998,226,gmail.com,1
KP303636,02/07/2018,CL,individuo,3,1,2951,203,outlook.com,1
KP302122,25/08/2021,CHILE,individuo,0,1,1801,10,gmail.com,0
KP301350,2020-03-03, CL,persona,3,1,2341,1302,kipu.cl,
KP302957,09/03/2022,CL,PERSONA,2,0,1605,1,icloud.com,1
KP301171,19/07/2021,CL,individuo,2,si,1838,14,yahoo.com,
KP301858,2026-05-20,CL,persona,2,0,72,19,yahoo.com,1
KP301622,2023-04-22,CL,persona,1,1,1196,8,kipu.cl,
KP300100,31-05-2020,CL,individuo,1,,2252,0,outlook.com,
KP300512,2019-05-01,US,persona,1,0,2648,72,icloud.com,0
KP301748,20/05/2022,CL,Persona,1,1,1533,5,outlook.com,1
KP302825,2023-11-21,CL,PERSONA,2,,983,208,gmail.com,
KP300715,2019-08-23,CL,persona,1,,2534,262,,1
KP300163,22-02-2023,CL,persona,3,no,1849,260,icloud.com,
KP303278,2019-07-16,CL,persona,2,1,2572,8,outlook.com,1
KP300377,2023-10-18,CL,persona,1,1,1017,,,1
KP302133,29/12/2021,CL,persona,3,1,1675,64,gmail.com,1
KP300154,28/04/2020,CL,persona,1,1,2285,160,outlook.com,1
KP301173,11-12-2024,CL,persona,0,1,597,12,outlook.com,1
KP301903,2023-11-13,PE,persona,2,1,991,20,kipu.cl,1
KP302689,05/05/2023,cl,PERSONA,1,1,1183,3223,gmail.com,1
KP300132,08/07/2020,CL,persona,,1,2214,805,kipu.cl,
KP303247,09/05/2021,Perú,individuo,2,1,2311,2751,yahoo.com,0
KP303806,2024-04-24,cl,persona,2,0,828,299,icloud.com,1
KP303103,17/12/2022,AR,persona,0,0,1322,6,hotmail.com,0
KP301995,2021-11-28,CHILE,persona,0,no,1706,284,outlook.com,0
KP303251,09/06/2025,US,persona,1,1,417,288,yahoo.com,
KP304161,06/10/2019,CL,persona,3,0,2490,,icloud.com,1
KP300078,11/03/2022,CL,comercio_grande,2,no,1603,9,hotmail.com,0
KP300688,2024-09-11,CL,persona,3,si,688,18,yahoo.com,0
KP302459,2025-12-17,CL,persona,2,1,226,208,icloud.com,1
KP302115,13-05-2021,CL,PERSONA,2,1,1905,,,1
KP300868,29/12/2024,CL,persona,0,1,579,9,outlook.com,
KP304799,2024-06-12,CL,persona,2,0,779,13,,
KP302880,12-09-2020,CL,persona,1,si,2148,299,,
KP301730,20-12-2019,CL,persona,0,1,2415,1575,tempmail.io,1
KP300030,2019-04-18,CL,individuo,0,1,2661,31,kipu.cl,0
KP303351,2025-06-12,Colombia,persona,1,0,414,196,outlook.com,1
KP302674,2023-07-01,CHILE,persona,1,si,1126,104,gmail.com,0
KP301133,16-07-2022,CL,persona,2,0,1476,16,kipu.cl,1
KP302080,2020-10-14,CL,individuo,0,0,2116,1987,hotmail.com,1
KP301567,10/10/2024,Brazil,persona,3,1,659,366,gmail.com,0
KP303366,17/10/2021,cl,PERSONA,1,no,1748,206,outlook.com,0
KP300493,2025-04-04,CL,persona,2,1,483,13,kipu.cl,1
KP304112,17-09-2025,Chile,comercio_pequeno,2,1,317,16,hotmail.com,1
KP304980,2019-11-20,CL,persona,2,1,2445,224,outlook.com,1
KP304349,27-03-2022,Nigeria,individuo,3,si,1587,2893,outlook.com,0
KP303309,2019-10-04,chile ,persona,2,1,2492,246,10minutemail.com,1
KP302178,28/04/2023,CL,persona,2,no,1190,3575,icloud.com,
KP304412,2019-03-22,CL,persona,2,si,2688,188,kipu.cl,1
KP300541,2022-07-30,CL,Persona,2,1,1618,100,yahoo.com,0
KP302732,19-04-2020,CL,persona,3,1,2294,,icloud.com,1
KP301551,06/09/2020,CL,COMERCIO_PEQUENO,2,1,2154,266,kipu.cl,
KP304443,26-06-2020,PE,Persona,2,1,2226,3855,outlook.com,0
KP303460,03/08/2023,PE,persona,2,,1093,1730,icloud.com,0
KP303968,24/07/2023,CHILE,persona,2,,1103,73,gmail.com,1
KP300949,2024-07-05,CL,comercio_pequeno,2,1,756,2999,icloud.com,1
KP301991,2021-02-25,CL,persona,1,0,1982,0,hotmail.com,1
KP302350,2026-06-10,CL,persona,1,0,51,,gmail.com,0
KP301182,09/08/2025,PE,individuo,3,1,1010,15,kipu.cl,0
KP300543,28/02/2020,PE,Persona,3,1,2345,,outlook.com,1
KP304269,30/12/2023,NG,persona,0,1,1440,8,outlook.com,0
KP300076,13/08/2023,CL,persona,3,1,1083,128,yahoo.com,1
KP303880,2022-01-10,Chile,persona,2,0,1663,2699,yahoo.com,
KP304682,2019-04-26,Colombia,comercio_grande,0,1,2653,68,gmail.com,1
KP302305,04/06/2023,Brasil,comercio_pequeno,2,0,1153,8,kipu.cl,1
KP303851,2027-03-21,CL,persona,0,1,0,8,gmail.com,1
KP301487,2021-06-02,CL,comercio_pequeno,1,si,1885,1524,yahoo.com,1
KP301881,2023-03-03,CL,persona,2,1,1246,265,kipu.cl,
KP304550,07/03/2020,CL,persona,1,0,2337,1077,gmail.com,1
KP300995,2024-03-31,chile ,persona,2,1,852,0,outlook.com,0
KP303596,2023-06-20,Peru,persona,3,0,1137,2574,hotmail.com,1
KP304101,28/01/2019,Argentina,persona,2,1,2741,0,gmail.com,1
KP300376,14/06/2019,CL,Persona,0,,2604,4,kipu.cl,1
KP302649,2022-05-23,CL,persona,2,0,1530,143,yahoo.com,1
KP303745,2019-04-02,CL,comercio_grande,1,si,2677,15,icloud.com,0
KP302730,06-06-2025,CL,persona,3,0,420,2867,gmail.com,1
KP301066,22-12-2020,CL,persona,0,1,2047,190,yahoo.com,1
KP300705,2020-06-03,CHILE,COMERCIO_PEQUENO,3,,2249,10,gmail.com,1
KP302219,25/12/2024,BR,persona,3,0,583,157,icloud.com,0
KP300156,18-02-2019,CL,individuo,1,1,3460,20,icloud.com,
KP303827,2025-07-26,AR,persona,2,1,370,72,icloud.com,0
KP304054,05-04-2020,cl,persona,,1,2308,269,gmail.com,1
KP301448,2026-07-21,CL,persona,2,,10,13,yahoo.com,1
KP301256,2023-07-01, CL,comercio pequeño,0,1,1126,97,gmail.com,0
KP303871,2018-06-07,CL,persona,2,1,2976,0,kipu.cl,
KP301561,01-10-2020,AR,persona,1,1,2129,17,hotmail.com,1
KP303192,2025-09-30,Chile,PERSONA,2,,304,33,,0
KP300520,2021-07-04,CL,persona,1,1,1853,12,outlook.com,1
KP303930,12/09/2022,Chile,Persona,3,0,1653,20,gmail.com,1
KP303761,24-04-2023,CL,persona,2,1,1194,166,icloud.com,1
KP304876,2024-04-08,cl,comercio_grande,3,0,844,17,outlook.com,1
KP301892,21/11/2023,CL,persona,3,1,983,236,gmail.com,
KP300109,2025-09-07,cl,persona,1,si,327,,outlook.com,1
KP302029,2020-12-19,NG,comercio pequeño,1,,2050,2224,kipu.cl,1
KP300464,26-01-2020,Chile,persona,1,1,2378,138,kipu.cl,1
KP303291,20-07-2021,CL,persona,2,1,1837,59,hotmail.com,1
KP303331,27/11/2025,chile ,PERSONA,1,1,246,1203,mailinator.com,
KP303670,18-06-2023, CL,individuo,0,,1139,171,gmail.com,1
KP302012,2025-11-27,CL,persona,2,si,-7,3678,outlook.com,0
KP300881,17-06-2021,CL,persona,1,1,1870,79,icloud.com,1
KP300733,07-01-2019,CL,persona,1,1,3329,2,,1
KP304499,31-10-2022,cl,persona,3,0,1369,182,,
KP303415,2021-07-20,CL,persona,3,no,1837,6,icloud.com,0
KP303744,14/09/2025,CHILE,individuo,1,1,320,15,yahoo.com,1
KP304788,07/09/2021,CL,individuo,3,,1788,262,yahoo.com,
KP303576,06/12/2023,CL,comercio_pequeno,0,si,968,13,mailinator.com,1
KP300659,13/02/2022,CL,persona,3,1,1629,20,icloud.com,1
KP300929,10-07-2026,CL,persona,2,1,21,126,kipu.cl,1
KP303368,2022-05-27,CL,comercio_pequeno,1,1,1526,140,mailinator.com,0
KP301263,24-12-2023,Chile,persona,2,0,950,14,yahoo.com,
KP300411,2025-09-08,CL,persona,3,1,326,127,outlook.com,0
KP304870,2021-11-14,CL,persona,2,1,1720,298,kipu.cl,1
KP304859,20-10-2023,USA,individuo,2,0,1015,55,yahoo.com,
KP303935,2025-11-29,CL,comercio_pequeno,2,0,244,155,kipu.cl,1
KP303003,14/09/2021,PE,persona,0,0,1781,15,outlook.com,0
KP303286,24/11/2018,EEUU,persona,3,1,2806,118,kipu.cl,1
KP304698,13-01-2020,PE,persona,2,0,2391,3328,outlook.com,1
KP304877,07/08/2023,CL,persona,1,1,1408,202,hotmail.com,0
KP304697,2026-01-31, CL,persona,3,no,181,290,icloud.com,
KP301542,2022-09-01,RU,individuo,0,1,1429,12,hotmail.com,
KP304645,22/11/2023,CL,persona,0,0,982,76,icloud.com,0
KP304966,2022-11-23,CL,individuo,2,1,1346,263,outlook.com,0
KP300689,10/09/2019,CL,persona,2,0,2516,2882,kipu.cl,1
KP301029,2022-02-15, CL,persona,3,0,1627,260,gmail.com,
KP304635,25/08/2020,CL,Persona,3,0,2166,15,icloud.com,1
KP304699,25/05/2025,VE,individuo,2,,1166,14,outlook.com,1
KP301650,17-06-2022,COLOMBIA,comercio pequeño,2,1,1505,156,outlook.com,1
KP301241,14/08/2018,CL,persona,0,si,2908,82,yahoo.com,0
KP300008,11-02-2025,Estados Unidos,persona,2,0,535,195,outlook.com,1
KP302858,19-04-2024,CL,comercio_pequeno,1,si,833,81,kipu.cl,0
KP304493,03/01/2019,CL,comercio_pequeno,2,,2766,2658,yahoo.com,1
KP301006,08-09-2025,CL,comercio pequeño,1,1,326,3749,outlook.com,1
KP301136,15-05-2019,CL,persona,3,1,2634,964,,1
KP301912,28-05-2024,VE,persona,2,si,794,287,outlook.com,1
KP300093,15/09/2025,CL,persona,2,0,319,12,gmail.com,1
KP304930,16/01/2024,CHILE,persona,1,,927,4,hotmail.com,1
KP302087,17/06/2020,CL,PERSONA,3,si,2235,261,hotmail.com,1
KP302215,02/01/2023,CL,comercio_pequeno,2,1,1306,0,icloud.com,1
KP302014,08/07/2026,CO,PERSONA,-1,1,23,133,icloud.com,1
KP301465,2018-06-28,CL,pyme,2,,2955,,gmail.com,1
KP303487,2024-08-08,CL,persona,2,0,722,178,kipu.cl,0
KP302001,2024-09-19,USA,persona,2,0,680,6,yahoo.com,0
KP301218,2025-08-19,RU,persona,2,no,346,13,outlook.com,1
KP303553,22/10/2024,CL,PERSONA,3,si,1216,3,outlook.com,
KP302009,25-10-2021,CL,persona,2,0,1740,264,yahoo.com,1
KP304581,2023-10-02,chile ,persona,2,,1033,228,kipu.cl,1
KP302427,23/08/2019,CL,persona,2,no,2534,712,yahoo.com,0
KP300889,2022-03-15,CHILE,comercio_pequeno,2,1,1599,149,yahoo.com,1
KP304717,30-04-2024,PE,pyme,0,1,822,164,icloud.com,1
KP301262,17/04/2023, CL,PERSONA,1,si,1201,59,gmail.com,1
KP304198,2025-07-30,CL,persona,2,0,366,68,gmail.com,
KP300743,28/06/2020,CL,comercio_pequeno,3,1,2224,11,icloud.com,0
KP303022,17/10/2024,BR,individuo,3,no,652,18,hotmail.com,1
KP300572,27/07/2018, CL,PERSONA,2,1,2926,,hotmail.com,1
KP300415,2021-04-09,BR,PERSONA,0,1,1939,,hotmail.com,0
KP304092,2022-09-16,CL,individuo,1,1,1414,33,hotmail.com,1
KP304890,24/02/2020,CL,persona,2,1,2349,296,gmail.com,1
KP304718,01/07/2025,CL,persona,1,,395,181,yahoo.com,1
KP303941,2023-11-22,CL,persona,2,si,982,3,kipu.cl,0
KP300637,20/10/2019, CL,comercio_pequeno,2,1,2476,160,icloud.com,1
KP303698,13/03/2019,CL,Persona,3,1,3532,110,mailinator.com,1
KP300630,04-03-2023,CL,persona,0,,1245,,hotmail.com,0
KP303373,2018-07-10,CL,persona,2,si,2943,3793,kipu.cl,1
KP303730,14/10/2021,CL,persona,1,1,1751,297,outlook.com,0
KP302277,03/11/2023,COLOMBIA,individuo,2,1,1001,1957,icloud.com,
KP303395,2020-10-15,CL,persona,2,,2115,3,hotmail.com,1
KP303585,25/09/2019,CL,persona,2,1,2501,,icloud.com,1
KP303862,2022-05-09,NG,Persona,2,no,1544,20,gmail.com,0
KP302751,09/04/2026,CHILE,persona,3,1,113,4,,
KP303921,31/08/2022,CL,persona,2,0,1430,19,icloud.com,0
KP303039,22/02/2019,PE,persona,0,1,2716,166,yahoo.com,0
KP300326,16/12/2025,CL,persona,1,no,227,15,icloud.com,0
KP303569,01/02/2021,Chile,persona,2,1,2006,130,gmail.com,
KP303987,12/04/2022, CL,persona,1,1,1857,262,outlook.com,
KP302632,15-05-2022,CL,persona,0,1,1538,65,hotmail.com,1
KP303140,11-09-2023,chile ,persona,2,si,1054,10,yahoo.com,
KP301126,27/09/2019,NG,persona,3,0,2499,288,gmail.com,1
KP301070,2022-05-29,Argentina,persona,2,1,2109,263,gmail.com,1
KP301170,30-06-2026,CL,comercio_pequeno,3,1,31,60,kipu.cl,1
KP303009,2021-01-04,AR,individuo,2,1,2034,207,icloud.com,
KP304793,02-09-2022,chile ,persona,2,0,1428,276,icloud.com,0
KP304544,01/12/2019,US,Persona,2,1,2869,18,gmail.com,1
KP304265,25/04/2019,CL,persona,1,1,2654,11,,1
KP302647,2022-10-16,CL,persona,2,1,1384,3808,hotmail.com,0
KP304151,02-11-2025,CL,comercio pequeño,3,0,-102,140,yahoo.com,1
KP301602,2024-12-19,CL,individuo,2,1,589,1341,outlook.com,1
KP304969,02/04/2019, CL,persona,2,0,2677,20,gmail.com,
KP303962,08-10-2025,CL,persona,,si,296,13,icloud.com,1
KP304013,19/01/2020,cl,individuo,2,0,2784,17,kipu.cl,1
KP304730,03-06-2023,CL,persona,3,0,1154,3,icloud.com,0
KP301046,12/02/2019,chile ,persona,2,,2726,96,outlook.com,1
KP301747,11-07-2022,CL,persona,2,1,1481,,kipu.cl,0
KP304518,2024-03-19,Brasil,persona,2,1,864,12,kipu.cl,1
KP304539,30/07/2026, CL,comercio_grande,1,1,1,751,outlook.com,1
KP303740,2023-05-01,CL,persona,2,,1187,133,gmail.com,1
KP302300,2022-04-18,Chile,persona,2,0,1565,20,hotmail.com,0
KP302425,2025-02-27,CL,comercio_pequeno,2,1,519,165,yahoo.com,1
KP302591,19-09-2021,chile ,persona,2,si,1776,574,gmail.com,0
KP302022,2021-06-13,USA,persona,2,0,1874,6,icloud.com,1
KP302734,16/11/2021,Argentina,Persona,2,0,1718,298,gmail.com,0
KP304973,2025-04-07,cl,COMERCIO_PEQUENO,2,1,480,106,yahoo.com,
KP303809,28-05-2022,CL,persona,2,si,1525,124,kipu.cl,1
KP300456,28/11/2024,CL,persona,2,,610,,kipu.cl,0
KP303461,16-08-2021,CO,individuo,2,1,1810,19,icloud.com,
KP301378,2022-08-16,BR,comercio_grande,2,0,1445,263,gmail.com,0
KP302332,2025-12-25, CL,PERSONA,2,0,-133,8,gmail.com,
KP301427,09/07/2025,CL,persona,3,1,909,11,icloud.com,1
KP304136,13-03-2025,BR,persona,3,,505,166,kipu.cl,
KP302478,2022-07-09,CL,persona,3,1,1483,24,yahoo.com,1
KP303374,14-06-2019,CL,persona,3,0,2604,17,gmail.com,1
KP304633,16/09/2024,CL,comercio pequeño,0,1,683,260,hotmail.com,0
KP302243,2026-05-22,BR,PERSONA,2,1,70,3329,hotmail.com,0
KP304010,10-06-2023,CL,pyme,1,1,1147,14,yahoo.com,1
KP304487,2019-10-10,CHILE,PERSONA,0,1,2486,1578,gmail.com,1
KP304998,2022-12-20,CL,PERSONA,2,1,1319,9,icloud.com,1
KP302385,14-11-2022, CL,PERSONA,0,1,1355,13,kipu.cl,1
KP304984,01/11/2018,CL,persona,1,,2829,13,icloud.com,
KP303203,2023-07-17,chile ,persona,0,1,1110,2415,outlook.com,0
KP301334,06/10/2022,Colombia,persona,2,1,1394,,hotmail.com,1
KP300268,27/09/2018,CO,persona,1,1,2864,,hotmail.com,1
KP303729,10/11/2021,CL,persona,3,,1724,3994,yahoo.com,1
KP304140,06/06/2023,Brazil,persona,3,0,1151,223,gmail.com,1
KP303668,15/10/2020,CL,individuo,2,1,2115,181,yahoo.com,0
KP303656,11/02/2022,CL,comercio pequeño,2,1,1631,50,hotmail.com,0
KP300295,2025-10-27,CO,persona,3,1,277,5,outlook.com,1
KP302537,22-07-2020,CL,comercio pequeño,2,1,2200,3104,yahoo.com,0
KP301901,09-04-2021,VE,persona,0,1,1939,292,hotmail.com,1
KP303675,17/01/2019,CL,PERSONA,2,1,2752,27,,0
KP304853,2026-03-29,CHILE,persona,3,,124,33,outlook.com,0
KP301990,11-05-2025,CL,Persona,1,1,446,1,yahoo.com,0
KP304559,2019-12-17,CL,persona,0,si,2418,8,gmail.com,0
KP304145,07/05/2025,CL,persona,1,,450,1390,gmail.com,1
KP300082,03/10/2023,Estados Unidos,comercio_grande,3,0,1032,62,icloud.com,1
KP302905,06-02-2025,CL,comercio_grande,2,,540,165,yahoo.com,0
KP303736,2025-11-04,US,Persona,0,1,269,6,outlook.com,1
KP304650,25/11/2025,Brasil,individuo,1,1,248,159,yahoo.com,1
KP302874,2020-12-02,Chile,PERSONA,1,0,2067,0,kipu.cl,1
KP300017,2018-07-13,CL,persona,2,1,2940,11,yahoo.com,1
KP302237,21-03-2023,PE,persona,1,1,-127,,yahoo.com,1
KP300343,27-11-2025,VE,comercio_pequeno,3,0,246,167,outlook.com,1
KP301781,2021-10-15,Brazil,PERSONA,1,0,1750,10,kipu.cl,1
KP303390,15-11-2022,CL,persona,0,1,1354,69,,1
KP300937,10-11-2025,COLOMBIA,individuo,2,0,263,15,gmail.com,0
KP300683,29-05-2026,CL,persona,1,1,63,172,icloud.com,1
KP302789,2022-07-13,CL,persona,0,,1479,16,outlook.com,1
KP304253,22/03/2019,CL,PERSONA,2,1,2688,0,outlook.com,
KP302804,31-03-2025,PE,persona,2,1,487,12,gmail.com,0
KP302049,2020-07-20,CL,comercio_grande,2,1,2202,14,gmail.com,1
KP300084,13-09-2018,Estados Unidos,persona,2,0,2878,93,outlook.com,1
KP302819,28-11-2020,CL,persona,2,,2071,14,icloud.com,0
KP301642,30/03/2019,CL,persona,1,0,2680,210,hotmail.com,0
KP301359,2020-01-20,CHILE,persona,2,0,2384,121,outlook.com,1
KP302902,02/06/2018,Argentina,comercio_pequeno,0,0,2981,106,gmail.com,1
KP300610,06-07-2019,CHILE,persona,1,1,2582,2,hotmail.com,0
KP301778,05/11/2020,chile ,comercio pequeño,1,1,2094,474,icloud.com,1
KP302397,2022-06-03,cl,individuo,2,1,1519,270,yahoo.com,1
KP302254,2022-08-05,AR,persona,2,0,1456,19,kipu.cl,1
KP300737,16-11-2019,CL,persona,2,1,2449,54,outlook.com,1
KP300607,12-03-2023,US,PERSONA,1,no,1237,4,icloud.com,0
KP302809,2018-09-28,CL,comercio_pequeno,2,0,2863,654,kipu.cl,
KP303781,30/07/2023,Chile,PERSONA,2,1,1097,3803,kipu.cl,
KP304210,2021-06-12,cl,Persona,,0,1875,177,gmail.com,0
KP303802,28-08-2019,RU,persona,3,,2529,3389,yahoo.com,0
KP304855,09-11-2020,AR,individuo,2,si,2090,13,outlook.com,0
KP304934,06-09-2021, CL,COMERCIO_GRANDE,3,1,1789,28,gmail.com,1
KP301243,2020-09-08,CL,Persona,1,1,2152,65,hotmail.com,0
KP301137,2020-04-05,Colombia,persona,3,1,2308,3059,icloud.com,1
KP302387,2022-10-03,cl,Persona,0,1,-187,12,yahoo.com,0
KP301238,2022-03-28,BR,persona,1,1,1586,739,hotmail.com,0
KP303800,30-07-2021,CHILE,persona,2,si,1827,0,yahoo.com,1
KP300559,2022-09-23,CL,persona,3,1,1407,1911,kipu.cl,1
KP302785,18-11-2021,CL,comercio_pequeno,2,1,-74,,yahoo.com,1
KP304495,2023-07-30,US,persona,2,,1097,,icloud.com,1
KP301661,18/07/2025,CL,persona,3,1,378,117,hotmail.com,1
KP302468,02-03-2021,cl,COMERCIO_GRANDE,2,no,1977,19,kipu.cl,1
KP301131,03/09/2019, CL,persona,2,1,2523,0,gmail.com,1
KP302355,2023-04-17,CL,persona,2,1,1201,168,outlook.com,0
KP302512,2023-07-30,cl,persona,1,1,1097,,outlook.com,1
KP303545,2019-08-09,CL,persona,3,1,2548,186,gmail.com,1
KP303768,04-05-2025,CL,persona,1,0,453,,hotmail.com,1
KP302168,2018-08-31,PERU,PERSONA,1,,2891,10,gmail.com,1
KP302573,23-09-2019,CL,persona,3,1,2503,14,gmail.com,1
KP301108,2019-12-30,Colombia,individuo,1,si,2405,79,icloud.com,1
KP301033,2020-10-10,CL,comercio_pequeno,2,0,2120,7,outlook.com,0
KP300614,20-06-2024,CL,comercio_grande,0,,771,19,yahoo.com,0
KP301056,2025-09-12,CL,comercio_pequeno,1,0,322,27,hotmail.com,0
KP300678,2021-02-18,chile ,individuo,1,1,1989,119,yahoo.com,1
KP300891,08/07/2024,CL,persona,0,1,753,125,icloud.com,0
KP300466,29-08-2022,US,persona,1,1,1432,7,outlook.com,1
KP302752,05-05-2025,CL,persona,0,1,452,289,hotmail.com,1
KP304737,12-01-2026,ARGENTINA,persona,1,1,200,,gmail.com,
KP302401,08/11/2025,CL,Persona,0,si,265,,outlook.com,
KP304932,24/01/2023,CL,persona,1,si,1284,174,gmail.com,0
KP302090,2022-01-06,CL,comercio_pequeno,2,si,1667,195,kipu.cl,
KP304115,2025-11-09,CL,Persona,0,1,264,0,gmail.com,1
KP301407,30/03/2024,cl,persona,2,1,853,82,hotmail.com,1
KP302272,2025-03-30,CL,persona,3,,488,13,gmail.com,0
KP303708,13/12/2025,CL,Persona,2,,230,233,hotmail.com,1
KP301581,27-05-2024,CL,persona,1,0,-186,73,yahoo.com,0
KP301814,01/08/2018,VE,persona,2,si,2921,2679,kipu.cl,1
KP303622,03/03/2019,US,comercio_pequeno,2,0,2707,6,icloud.com,
KP300250,2022-06-05,Argentina,persona,0,,1649,254,hotmail.com,1
KP304552,2022-09-24, CL,PERSONA,2,1,1406,231,gmail.com,1
KP303100,10-05-2019,Nigeria,persona,1,si,2794,19,icloud.com,0
KP301832,2019-09-15,BR,comercio grande,,0,2511,31,outlook.com,1
KP303150,29/09/2020,CL,persona,0,1,2698,263,outlook.com,1
KP304548,11/04/2024,CL,individuo,1,1,841,32,icloud.com,0
KP304688,23/08/2025,US,persona,3,,342,120,yahoo.com,1
KP304407,2024-02-13,CL,persona,2,1,899,287,yahoo.com,1
KP301514,11/05/2020,CL,PERSONA,0,1,2272,4,hotmail.com,0
KP302633,2025-11-22,AR,persona,2,1,251,242,outlook.com,1
KP301486,14-06-2025,CHILE,persona,1,0,412,1095,kipu.cl,1
KP303835,2025-04-30,CL,persona,2,1,457,2506,icloud.com,0
KP302898,30-03-2022,CHILE,comercio_pequeno,1,0,1584,1,icloud.com,0
KP303884,11-08-2020,CL,persona,1,1,-96,5,icloud.com,1
KP301854,2019-08-28,CL,persona,2,1,-183,215,hotmail.com,1
KP304881,2019-12-13,CL,Persona,1,1,2422,,kipu.cl,1
KP303821,08/08/2025,PE,persona,,1,357,19,kipu.cl,1
KP303194,2022-09-07,CL,Persona,3,0,1423,451,icloud.com,1
KP300925,07/06/2024,CL,persona,2,0,-171,1223,gmail.com,1
KP301955,2026-01-12,AR,COMERCIO_PEQUENO,2,1,200,58,gmail.com,1
KP301431,31-10-2023,BR,persona,2,1,1136,1305,yahoo.com,1
KP304401,06/10/2019,cl,persona,0,,2490,165,outlook.com,
KP302292,28/10/2018,cl,persona,1,1,-175,108,yahoo.com,1
KP302924,15-07-2019,CL,Persona,3,1,2573,1,gmail.com,
KP304431,17-10-2020,CL,persona,3,,2113,8,yahoo.com,
KP303875,27/06/2023,Chile,persona,2,1,1130,13,outlook.com,1
KP303804,13-07-2021,CL,persona,2,1,1844,252,hotmail.com,
KP300652,07/02/2025,Chile,persona,,no,1388,11,outlook.com,0
KP300542,18/07/2022,CL,persona,1,1,2261,66,kipu.cl,1
KP302869,30/01/2025,CL,persona,2,,547,2164,hotmail.com,1
KP303504,23/07/2020,Estados Unidos,persona,2,1,2199,3,gmail.com,1
KP304913,14/06/2026,CL,individuo,0,1,47,15,hotmail.com,
KP302424,21-12-2019,CL,persona,2,1,2414,2022,icloud.com,
KP301649,06-09-2024,chile ,persona,3,,693,17,hotmail.com,1
KP301820,2022-10-31,CL,persona,3,1,1369,20,outlook.com,0
KP300718,2025-11-03,CL,comercio_grande,1,1,270,0,yahoo.com,
KP304217,24/12/2025,CL,persona,2,1,219,227,yahoo.com,0
KP302660,16-10-2020,Chile,persona,2,0,2114,,yahoo.com,1
KP303046,06/10/2023,Chile,persona,,,1029,19,icloud.com,1
KP304803,02-05-2024,CL,persona,0,0,820,3422,icloud.com,
KP304800,24/06/2024,COLOMBIA,persona,2,0,1068,270,yahoo.com,1
KP302818,2024-10-13,CL,comercio_pequeno,3,0,656,6,outlook.com,1
KP303070,2022-02-01, CL,persona,0,si,1641,17,icloud.com,1
KP301849,2019-11-16,Chile,persona,3,1,2449,19,gmail.com,1
KP304585,30-04-2024,cl,persona,1,1,822,18,kipu.cl,
KP302948,2019-02-21,CL,persona,2,,2717,0,outlook.com,1
KP300534,2025-09-30,CL,persona,1,1,304,268,,1
KP302762,20/07/2021,CL,Persona,3,1,1837,6,outlook.com,1
KP300491,07/08/2019,CL,comercio_pequeno,1,0,2550,20,outlook.com,1
KP301076,2021-05-06,CHILE,Persona,2,1,1912,96,icloud.com,1
KP304712,09-07-2024,CL,comercio_grande,2,1,752,1164,gmail.com,1
KP303282,27-06-2026,CHILE,comercio_grande,0,0,34,0,icloud.com,1
KP304764,29-07-2024,CL,persona,1,0,732,277,tempmail.io,1
KP301395,2025-05-22,CL,PERSONA,2,si,435,41,icloud.com,1
KP304598,2024-04-05,PE,persona,2,no,847,79,kipu.cl,
KP303007,2021-02-09,CHILE,persona,0,no,1998,48,outlook.com,1
KP300334,2024-07-30,CL,persona,2,1,731,116,kipu.cl,1
KP302786,13/07/2023,CHILE,persona,1,1,1114,3985,kipu.cl,1
KP302817,21-08-2025,ARGENTINA,comercio_grande,1,no,903,24,outlook.com,1
KP304317,2023-05-28,USA,persona,3,1,1160,167,kipu.cl,1
KP301018,08/09/2021,CL,persona,1,1,1787,42,,
KP300708,18/05/2026,PE,persona,2,si,74,12,outlook.com,
KP303337,2025-02-19,CL,persona,2,1,527,11,hotmail.com,
KP302810,15-03-2020,CL,persona,1,,2329,18,,1
KP304643,18-05-2026,BR,persona,2,1,74,2976,outlook.com,
KP302271,2019-05-30,CHILE,individuo,1,1,2619,217,hotmail.com,
KP303712,06-01-2019,CL,persona,1,0,-76,56,gmail.com,1
KP301287,20-10-2018,CL,individuo,1,,2841,272,yahoo.com,0
KP300310,21/08/2021,CL,pyme,1,1,1805,62,kipu.cl,1
KP303298,2025-04-23,CL,persona,1,no,464,2,yahoo.com,1
KP302859,2019-07-02,PERU,persona,3,1,2586,1722,icloud.com,1
KP303978,24-11-2020,AR,PERSONA,3,1,2075,55,gmail.com,1
KP303553,22/10/2024,CL,PERSONA,3,si,1216,3,outlook.com,
KP304316,16/07/2024,CL,persona,1,no,745,134,kipu.cl,
KP302458,25/07/2019,AR,Persona,1,1,2563,2,icloud.com,1
KP301051,16-10-2022,CHILE,comercio_grande,3,,1384,0,hotmail.com,1
KP300519,23/06/2020,CL,individuo,1,si,2716,4,kipu.cl,1
KP301338,2020-04-17,CL,persona,0,0,2296,15,gmail.com,0
KP300521,05-12-2025,CL,persona,0,1,238,62,outlook.com,
KP304888,08/05/2023,CHILE,persona,2,1,1180,43,icloud.com,1
KP304061,11-01-2024,CL,persona,2,0,932,38,gmail.com,1
KP304719,25-11-2022,PE,persona,1,0,1344,34,hotmail.com,1
KP302007,14/12/2021,CHILE,persona,1,0,1690,268,kipu.cl,0
KP302928,18-07-2025,CL,persona,1,1,378,8,,1
KP301760,06/06/2020,CL,persona,0,1,2246,5,outlook.com,1
KP302117,18/09/2021,CL,persona,2,1,1777,16,gmail.com,
KP303447,31/10/2023,Argentina,comercio_pequeno,2,1,1004,254,yahoo.com,1
KP301462,2020-02-03,CL,persona,1,1,2370,72,guerrillamail.com,0
KP303727,2021-08-22,AR,persona,1,1,1804,16,icloud.com,1
KP300379,2021-08-26,cl,Persona,0,0,1800,5,gmail.com,1
KP303044,28/01/2023,CL,individuo,1,,1280,1552,kipu.cl,1
KP303865,05/06/2022,CHILE,PERSONA,2,1,1517,263,gmail.com,1
KP303967,2019-12-08,Venezuela,persona,0,1,2427,6,kipu.cl,
KP304416,05-06-2025,PE,PERSONA,2,1,1257,0,icloud.com,0
KP300173,02-10-2018,BR,persona,2,1,2859,86,yahoo.com,1
KP304646,14-12-2025,CHILE,persona,3,0,229,0,gmail.com,0
KP302094,13-05-2023,CL,individuo,2,1,1175,,hotmail.com,1
KP304476,10/01/2020,CL,comercio_pequeno,2,1,2394,272,kipu.cl,1
KP301546,2024-06-25,CHILE,persona,3,1,766,93,kipu.cl,0
KP300938,08-02-2023,cl,persona,1,1,1269,19,hotmail.com,
KP300092,2025-07-13,CL,persona,2,1,383,132,yahoo.com,0
KP301886,22-05-2019,CL,persona,1,1,2627,18,kipu.cl,1
KP302635,03/04/2026,Chile,PERSONA,3,si,119,3477,icloud.com,
KP302352,09/05/2025,Chile,persona,0,0,448,1809,icloud.com,1
KP301817,02-06-2025,BR,persona,2,,424,183,yahoo.com,1
KP303062,2024-07-13,Chile,pyme,1,1,748,12,kipu.cl,1
KP301379,25/02/2022,CL,individuo,0,1,1617,93,icloud.com,0
KP301087,2024-08-18,AR,Persona,1,si,712,205,icloud.com,1
KP303925,2023-01-04,CL,Persona,2,1,1304,5,outlook.com,1
KP303330,2023-09-03,CL,persona,3,,1062,279,hotmail.com,0
KP302907,23/01/2023,CL,individuo,3,0,1285,16,icloud.com,0
KP301949,2025-05-23,Chile,comercio_pequeno,1,,434,2064,kipu.cl,
KP300952,25-04-2022,CHILE,Persona,2,1,1558,19,10minutemail.com,1
KP300663,2025-06-07,CL,persona,3,1,1203,11,icloud.com,1
KP304986,2022-02-18,CL,persona,0,0,1624,8,gmail.com,1
KP304009,2025-06-01,CL,comercio pequeño,0,1,425,6,gmail.com,
KP304423,27-12-2022,PE,persona,2,0,1312,13,gmail.com,0
KP301684,2021-04-05,CL,PERSONA,2,1,2610,1367,kipu.cl,0
KP301974,13-01-2023,AR,comercio pequeño,0,no,1295,145,gmail.com,0
KP300288,2020-12-23,CL,comercio_pequeno,2,si,2046,83,gmail.com,1
KP302479,2021-01-29,CL,persona,2,1,2009,1451,gmail.com,1
KP304144,04-06-2026,cl,persona,2,0,57,63,hotmail.com,0
KP303902,2022-09-06,CL,individuo,3,si,-150,11,kipu.cl,
KP304577,23/06/2020,Chile,persona,1,1,2229,1140,kipu.cl,0
KP300712,09-08-2024,CL,persona,1,no,721,63,gmail.com,1
KP302069,2018-06-13,Brasil,persona,3,1,2970,9,icloud.com,1
KP301983,27/06/2018,CL,individuo,3,1,2956,1781,,0
KP301132,19-03-2026,AR,comercio_pequeno,2,no,134,262,hotmail.com,1
KP304875,2019-03-27,CL,PERSONA,0,0,3276,1,outlook.com,1
KP304607,2021-12-29,Chile,comercio_pequeno,1,,1675,2628,kipu.cl,
KP302267,2019-09-22,cl,persona,2,,-156,7,kipu.cl,0
KP304391,2026-04-25,CL,individuo,0,0,97,27,outlook.com,1
KP303227,16-02-2022,chile ,persona,0,no,1626,14,yahoo.com,1
KP304030,05/02/2021,CL,comercio_pequeno,0,1,2630,19,hotmail.com,0
KP302062,18/07/2025,CHILE,persona,1,si,378,252,gmail.com,1
KP304904,2025-08-21,CL,persona,2,1,344,12,kipu.cl,1
KP301187,01-04-2022,ARGENTINA,persona,2,1,1582,,yahoo.com,1
KP303488,23/02/2023,CL,comercio_pequeno,0,si,1615,3709,gmail.com,1
KP300910,24-04-2024,Chile,persona,,0,828,,yahoo.com,1
KP301341,13-05-2019,VE,persona,0,si,2636,200,icloud.com,1
KP302132,10/12/2020,CL,persona,0,1,2059,4,gmail.com,0
KP304200,15-12-2022,CHILE,persona,2,no,1324,258,yahoo.com,1
KP302398,20/07/2021,CL,comercio_pequeno,2,,1837,0,hotmail.com,0
KP300793,10/10/2022,AR,persona,2,1,1390,6,kipu.cl,1
KP304068,12/06/2025,CL,persona,2,1,414,3067,yahoo.com,1
KP303348,31-08-2025,VE,persona,0,0,334,1035,icloud.com,1
KP304479,06/11/2025,Chile,persona,3,1,267,183,yahoo.com,0
KP301533,18/09/2018,CL,persona,1,1,2873,16,gmail.com,1
KP301202,23/10/2020,VE,Persona,2,1,2107,1831,gmail.com,1
KP302667,2021-12-25,cl,persona,3,si,1679,42,yahoo.com,0
KP300175,2022-08-22,CHILE,persona,3,1,1439,16,hotmail.com,
KP301032,2025-09-26,PE,Persona,2,1,308,20,icloud.com,1
KP302351,2025-07-04,CL,Persona,,0,392,6,gmail.com,0
KP303510,30/06/2020,cl,persona,2,no,2222,17,outlook.com,0
KP303285,06-02-2026,chile ,PERSONA,1,1,175,52,kipu.cl,1
KP300056,27/04/2019,CL,persona,1,,2877,,kipu.cl,1
KP303295,27/03/2022,cl,PERSONA,0,1,1587,4,hotmail.com,1
KP302677,17/09/2025,PERU,comercio grande,3,1,317,3,hotmail.com,0
KP303990,18/12/2025,CL,persona,1,1,225,2058,hotmail.com,1
KP300060,12-01-2019,CL,persona,0,1,2757,2604,outlook.com,0
KP300241,2018-06-07,Rusia,persona,0,1,2976,2115,icloud.com,
KP301588,2026-04-07,CL,persona,2,1,115,150,gmail.com,1
KP300849,2021-03-08,CL,individuo,1,1,1971,661,kipu.cl,1
KP304676,13/09/2025,CL,PERSONA,1,no,321,30,gmail.com,1
KP300660,2022-05-25,CL,COMERCIO_PEQUENO,3,0,1528,157,icloud.com,1
KP300428,12-07-2023,AR,comercio pequeño,2,1,1115,256,kipu.cl,0
KP301123,16/04/2020,VE,comercio_pequeno,2,1,2297,406,gmail.com,
KP302089,27/01/2021,Chile,pyme,2,1,2011,9,gmail.com,0
KP300617,2021-06-21,cl,persona,0,0,2602,,icloud.com,0
KP300841,17/03/2021,CHILE,persona,0,1,1962,11,kipu.cl,0
KP302743,05-12-2021,CL,persona,1,0,1699,11,kipu.cl,0
KP302599,21/10/2018,CL,persona,2,,2840,,yahoo.com,1
KP300667,09/02/2019,CL,persona,2,0,2729,11,outlook.com,0
KP302328,27/04/2022,CL,persona,2,1,1556,215,outlook.com,1
KP301394,2020-12-27,Peru,persona,2,1,2042,7,outlook.com,1
KP304830,12-11-2022,chile ,persona,0,0,1357,46,gmail.com,
KP304748,18-06-2021,CL,persona,3,1,1869,134,kipu.cl,0
KP303980,2024-02-13,CL,persona,0,0,899,149,kipu.cl,1
KP302568,14-01-2019,CL,persona,1,1,2755,141,kipu.cl,1
KP300923,2025-03-09,CL,PERSONA,2,1,743,249,outlook.com,1
KP304791,22-03-2020,PERU,persona,2,si,2322,1847,hotmail.com,1
KP302563,03-05-2019,CL,persona,2,si,2646,11,gmail.com,0
KP303686,2018-12-29,CL,persona,2,0,2771,111,hotmail.com,
KP304073,04/04/2025,CL,PERSONA,3,1,483,10,tempmail.io,1
KP303929,2023-05-16,cl,persona,3,1,1172,0,icloud.com,1
KP303471,12/07/2023,CL,persona,2,1,1115,178,hotmail.com,
KP302838,15-03-2019,Chile,individuo,2,si,2695,245,icloud.com,1
KP300833,18/03/2025,chile ,persona,0,0,-155,2,outlook.com,1
KP302908,2019-05-22,CL,persona,1,0,2627,12,yahoo.com,
KP304271,17-11-2021, CL,persona,2,0,1717,123,outlook.com,1
KP300848,11-09-2025,chile ,persona,0,1,323,1113,icloud.com,
KP302932,25/01/2019,CL,comercio_grande,2,1,2744,990,gmail.com,0
KP300503,21/03/2022,RU,persona,3,1,1593,,kipu.cl,1
KP300185,27/03/2021,US,comercio_pequeno,3,1,1952,1,icloud.com,1
KP304263,01-09-2023,Chile,Persona,2,no,1064,66,kipu.cl,
KP300178,22-12-2019,CL,persona,3,si,2413,13,hotmail.com,1
KP304871,16-01-2021,VE,persona,3,,2022,209,outlook.com,
KP302060,10-11-2022,NG,persona,2,0,1359,0,gmail.com,1
KP300803,25-06-2018,ARGENTINA,persona,0,0,2958,19,icloud.com,1
KP300216,2023-05-24,CL,persona,0,0,1613,102,kipu.cl,0
KP302255,2019-11-22,CHILE,persona,1,,2443,,icloud.com,
KP300285,2025-06-13,CL,persona,1,,413,147,gmail.com,
KP304734,15/10/2018,PE,persona,0,1,2846,40,outlook.com,0
KP300198,01-01-2020,Russia,persona,1,0,2403,32,kipu.cl,0
KP303083,2022-10-15,chile ,persona,1,1,1385,13,outlook.com,1
KP302958,30/06/2023,CL,persona,1,0,1127,126,hotmail.com,0
KP302360,2025-09-24, CL,Persona,3,1,310,294,gmail.com,0
KP304027,14-04-2019,AR,individuo,1,1,3312,2575,yahoo.com,1
KP300360,07-08-2025,CL,Persona,1,si,358,148,mailinator.com,1
KP301128,22-11-2020,CL,persona,2,1,2077,117,kipu.cl,1
KP301969,08-10-2025,AR,PERSONA,2,si,296,11,icloud.com,
KP304670,11-05-2020,CL,persona,1,0,2272,271,hotmail.com,1
KP303749,2022-07-22,PE,PERSONA,0,1,1470,175,guerrillamail.com,1
KP303533,26-04-2023,CL,COMERCIO_GRANDE,2,0,1192,1071,kipu.cl,1
KP300557,2024-10-08,VE,persona,2,0,661,2433,hotmail.com,
KP302379,05-01-2025,CL,persona,0,0,572,283,gmail.com,1
KP304398,04-10-2022,CL,comercio_pequeno,3,1,1396,15,hotmail.com,0
KP302831,22/10/2019,CL,comercio_pequeno,2,1,2474,295,kipu.cl,1
KP303333,21/10/2025,CL,persona,0,0,283,34,kipu.cl,1
KP302571,29-03-2025,CHILE,persona,2,1,489,19,icloud.com,0
KP300069,15-03-2022,CO,PERSONA,1,0,1599,11,gmail.com,1
KP302015,24/05/2025,CL,comercio_pequeno,1,1,433,3610,kipu.cl,
KP304988,26/05/2026,US,persona,2,1,66,189,icloud.com,1
KP301875,2021-01-30,CL,persona,1,no,2386,183,outlook.com,1
KP304854,17-01-2020,BR,persona,2,1,2387,5,hotmail.com,0
KP300190,13-07-2023,CL,persona,1,0,1114,9,outlook.com,0
KP303203,2023-07-17,chile ,persona,0,1,1110,2415,outlook.com,0
KP304621,2021-11-08,chile ,PERSONA,2,1,1726,10,icloud.com,1
KP300529,31/08/2022,CL,persona,0,1,1430,19,hotmail.com,1
KP304012,22/08/2019,PE,persona,2,,2535,13,icloud.com,0
KP302705,2020-06-11,CL,persona,3,1,2241,64,yahoo.com,
KP304641,13/09/2021,CL,individuo,2,0,1782,21,kipu.cl,
KP304172,2023-07-01,Chile,individuo,2,1,2025,201,gmail.com,1
KP301762,07/11/2023, CL,Persona,2,,997,8,yahoo.com,0
KP304536,02/08/2025,CL,comercio pequeño,2,1,363,143,outlook.com,1
KP303998,2021-04-20,AR,COMERCIO_PEQUENO,0,0,1928,112,yahoo.com,1
KP301121,02-09-2019,CL,persona,0,1,2524,15,gmail.com,1
KP300533,2019-03-21,CL,comercio_pequeno,2,1,2689,3405,yahoo.com,1
KP302258,18/10/2024,chile ,persona,2,1,651,20,yahoo.com,1
KP301879,01-06-2018,CL,comercio pequeño,3,1,2982,1383,hotmail.com,0
KP302865,11/09/2021,CL,Persona,0,1,1784,10,yahoo.com,0
KP303717,09-11-2020,CL,persona,2,0,2090,0,yahoo.com,
KP301830,2021-09-20,CL,persona,3,1,1775,1,icloud.com,1
KP303789,20-02-2024,Venezuela,comercio_pequeno,-1,si,892,420,hotmail.com,
KP301092,11-03-2022,CL,Persona,1,no,1880,256,kipu.cl,
KP301771,10-11-2018,BR,persona,3,1,2820,267,hotmail.com,1
KP302833,2025-06-22,ARGENTINA,persona,2,1,404,57,outlook.com,1
KP304107,2021-01-21,AR,persona,2,1,-189,159,tempmail.io,1
KP300454,23/08/2021,CL,PERSONA,0,,1803,200,kipu.cl,
KP304082,2022-10-22,CL,persona,0,1,-88,196,hotmail.com,0
KP303443,18/07/2021,chile ,persona,3,0,1839,284,hotmail.com,0
KP303125,29/06/2018,CHILE,persona,3,0,2954,20,yahoo.com,0
KP302182,2023-03-24,CO,Persona,,1,1225,12,kipu.cl,1
KP304093,25-02-2019,chile ,persona,3,,2713,,hotmail.com,0
KP300642,2024-02-02,CHILE,empresa,2,1,910,4,hotmail.com,1
KP302027,2024-02-17,CO,COMERCIO_PEQUENO,3,0,895,16,yahoo.com,0
KP304681,2020-11-13,CL,comercio_pequeno,0,0,2086,186,hotmail.com,
KP300509,05-04-2020,Argentina,persona,2,1,2308,232,kipu.cl,1
KP300253,2023-06-30,CL,persona,1,1,1127,210,icloud.com,1
KP303115,2021-01-08,AR,persona,2,si,2030,216,icloud.com,1
KP304148,04-08-2018,PE,PERSONA,1,1,2918,2536,kipu.cl,1
KP301447,31/03/2022, CL,pyme,0,0,1583,,,0
KP301523,19/04/2020,CL,persona,3,1,2294,52,hotmail.com,1
KP300593,04-10-2020,CL,individuo,2,1,2126,15,yahoo.com,1
KP304667,11/04/2021,US,persona,2,1,1937,55,hotmail.com,1
KP300306,2020-05-18,CL,pyme,1,0,2265,1218,mailinator.com,0
KP302896,26/02/2020,CL,PERSONA,2,0,2347,305,kipu.cl,0
KP301657,08/04/2022,PE,individuo,1,si,1575,12,,1
KP301736,17/07/2022,CL,persona,2,si,1475,134,yahoo.com,1
KP302695,2022-08-01,CL,individuo,2,1,1460,14,hotmail.com,1
KP303332,10-04-2019,CL,persona,1,1,2669,184,gmail.com,0
KP303445,08-07-2024,VE,Persona,1,1,753,1948,hotmail.com,0
KP302559,05-01-2019,CL,persona,,,2764,16,outlook.com,1
KP304382,12/10/2022,CL,persona,2,si,1388,268,outlook.com,
KP301100,2019-05-04,CL,individuo,3,0,-1,1,yahoo.com,0
KP302319,26/11/2026,COLOMBIA,persona,2,1,0,813,mailinator.com,1
KP302106,28-06-2026,CL,persona,3,1,33,0,hotmail.com,1
KP302129,13-01-2025, CL,persona,1,,564,148,hotmail.com,1
KP304369,2023-07-01,CL,persona,1,,1126,18,gmail.com,1
KP300438,03-10-2018,CL,persona,2,no,2858,6,kipu.cl,1
KP304224,2021-04-08,CL,persona,1,0,1940,2222,gmail.com,1
KP303127,03-01-2019,CL,persona,1,1,2766,18,kipu.cl,0
KP301986,14/06/2024,cl,persona,2,1,777,495,icloud.com,1
KP303788,15-10-2019,CL,persona,2,1,2481,235,gmail.com,1
KP303195,2021-01-28, CL,individuo,1,no,2010,1,kipu.cl,0
KP304384,22/03/2022,CL,persona,1,no,1592,9,,
KP304226,2023-07-30,PERU,Persona,2,1,1617,6,yahoo.com,1
KP300934,14/02/2026,CL,persona,2,1,167,3999,kipu.cl,1
KP301054,2023-07-06,CL,pyme,0,,1121,15,icloud.com,1
KP304125,01/05/2024,CL,individuo,2,1,821,227,yahoo.com,0
KP300935,22/02/2019,CL,persona,2,0,2716,248,icloud.com,1
KP300297,2024-04-19, CL,Persona,3,1,833,197,icloud.com,1
KP300252,22-12-2024,PE,PERSONA,2,1,586,153,hotmail.com,1
KP302709,28/02/2026,CL,persona,2,no,153,254,yahoo.com,1
KP304347,06-09-2022,CL,persona,0,si,1424,0,icloud.com,
KP303928,05-04-2026,CL,persona,3,1,117,1589,outlook.com,1
KP300621,2018-11-19,CL,persona,2,0,2811,161,icloud.com,1
KP300166,21-01-2020,NG,persona,3,0,2383,36,outlook.com,1
KP300039,10-04-2026,CL,persona,2,,112,,hotmail.com,
KP301696,20-04-2026, CL,persona,2,1,-13,20,outlook.com,
KP300812,12-09-2018,chile ,persona,2,1,2879,3,gmail.com,1
KP303693,15/11/2023,CL,individuo,1,si,989,1938,hotmail.com,1
KP301768,09/10/2019,BR,persona,3,0,2487,,,1
KP304935,20/11/2022,CL,persona,3,0,1349,135,mailinator.com,1
KP302653,20-03-2023,CL,comercio_pequeno,2,no,1229,129,kipu.cl,1
KP304529,2019-05-16,CO,persona,1,,2633,13,icloud.com,1
KP302460,27/03/2021,CO,comercio pequeño,1,1,1952,665,icloud.com,1
KP302712,13/02/2024,PE,persona,3,1,1779,151,kipu.cl,1
KP300957,20/05/2021,US,persona,0,0,1898,20,kipu.cl,1
KP302002,2022-06-28,BR,comercio_pequeno,1,,1494,252,,1
KP303638,2025-09-14,CL,persona,,0,320,3752,hotmail.com,0
KP304033,2022-12-30,CL,Persona,2,1,1309,5,kipu.cl,1
KP301919,22-08-2020,CL,persona,1,,2169,1794,kipu.cl,1
KP303073,2019-09-29,CL,persona,2,0,2497,56,gmail.com,1
KP302718,10-03-2024,CL,persona,3,1,873,4,hotmail.com,1
KP301300,2022-12-24,CL,persona,2,1,1315,1452,gmail.com,1
KP303305,2023-04-01,Estados Unidos,pyme,2,,1217,,guerrillamail.com,1
KP301569,2025-03-19,CL,PERSONA,1,si,499,14,kipu.cl,1
KP301758,18/10/2023,EEUU,individuo,0,0,1017,3350,kipu.cl,
KP303328,23/01/2026, CL,persona,2,1,189,,kipu.cl,1
KP300824,04/07/2022,CL,persona,1,1,2332,,kipu.cl,1
KP300902,10/02/2025,CL,persona,3,0,536,4,gmail.com,
KP302242,12/02/2022,COLOMBIA,persona,0,0,1630,,hotmail.com,
KP300006,06-10-2024, CL,individuo,2,0,663,199,hotmail.com,1
KP301583,2020-11-18,CL,persona,0,0,-74,8,hotmail.com,
KP301623,07-10-2023,CL,persona,2,,1028,1655,hotmail.com,0
KP301195,2019-04-07,CL,persona,0,1,2672,,kipu.cl,1
KP301352,17/02/2021,chile ,persona,-1,1,1990,8,outlook.com,
KP300136,14/10/2021,BR,individuo,,1,2563,1462,hotmail.com,1
KP304367,28-07-2022,CL,persona,1,1,1702,152,hotmail.com,1
KP303417,03-07-2025,CL,PERSONA,0,0,393,5,icloud.com,1
KP304051,23-04-2020,CL,PERSONA,3,0,2290,10,kipu.cl,1
KP300560,15-12-2023,US,persona,3,1,959,0,,1
KP301685,04-11-2021,CHILE,persona,3,,1730,715,tempmail.io,0
KP301869,06-04-2022,CL,persona,3,1,1577,3223,outlook.com,1
KP301348,03/04/2023,chile ,empresa,0,1,1215,17,yahoo.com,1
KP300548,2026-03-30,CHILE,comercio_pequeno,1,no,123,,icloud.com,1
KP300238,21/04/2026,CL,persona,3,,101,175,tempmail.io,1
KP300301,2023-11-13,AR,comercio_pequeno,2,1,991,289,outlook.com,1
KP304480,08-01-2025,CL,persona,1,1,569,207,outlook.com,1
KP301703,2022-05-20,CL,persona,2,0,1533,0,gmail.com,
KP301716,09/04/2019,CL,PERSONA,2,,2670,14,icloud.com,1
KP301505,2022-09-26, CL,persona,1,1,1404,30,icloud.com,
KP304090,04-07-2019,CL,individuo,1,1,2584,283,outlook.com,1
KP302099,23/11/2024,CL,persona,3,1,615,156,gmail.com,0
KP303017,2021-01-03,CL,persona,2,1,2383,19,gmail.com,1
KP304255,2019-05-24,CL,persona,1,1,2625,114,icloud.com,0
KP301222,29-11-2024,NG,PERSONA,2,1,609,3038,yahoo.com,
KP300857,30/04/2026,CL,persona,3,1,92,6,icloud.com,1
KP303776,08/11/2021, CL,persona,2,0,1726,75,yahoo.com,0
KP303393,08/05/2021,US,persona,0,0,1910,113,gmail.com,1
KP300332,16-07-2019,COLOMBIA,individuo,2,si,2572,232,kipu.cl,1
KP301038,2025-11-09,CHILE,persona,2,no,264,14,icloud.com,1
KP302135,28-07-2018,CL,persona,1,no,2925,8,,0
KP302356,2025-12-25,CL,persona,3,1,218,197,10minutemail.com,0
KP301683,10/11/2022,CL,persona,3,1,-135,0,hotmail.com,0
KP303718,05/07/2024,CL,persona,1,1,756,6,hotmail.com,0
KP301375,18/01/2023,CL,comercio_pequeno,0,1,1290,19,yahoo.com,1
KP303353,2026-03-09,CL,persona,3,1,144,2977,yahoo.com,1
KP304557,09-04-2022,Brazil,persona,0,1,1574,1333,icloud.com,1
KP304176,2023-07-09,CL,comercio_pequeno,0,1,-12,118,icloud.com,1
KP300950,01/11/2020,CL,persona,2,1,2098,252,yahoo.com,0
KP302270,29/06/2020,PE,comercio_pequeno,-1,1,2223,59,gmail.com,0
KP304500,10/03/2026,CL,persona,0,1,143,3801,outlook.com,1
KP301186,2022-09-16,US,persona,2,1,1414,8,outlook.com,1
KP303646,18-06-2025,CL,comercio_pequeno,1,1,408,10,kipu.cl,0
KP304371,09/08/2023,CL,persona,3,si,1524,10,yahoo.com,1
KP301418,16/10/2019,CL,persona,2,,2480,7,outlook.com,
KP301064,26/03/2022,AR,persona,2,1,1588,3626,hotmail.com,1
KP301266,2020-10-23,CL,Persona,2,1,2107,10,outlook.com,
KP304864,08/08/2019,CHILE,persona,0,,2549,3339,gmail.com,1
KP304565,10/08/2020,PERU,persona,2,0,-149,267,icloud.com,0
KP303047,27-10-2025,CL,persona,1,1,277,14,yahoo.com,1
KP303512,21/11/2018,CL,persona,2,1,2809,2162,outlook.com,1
KP301976,19-10-2025,Chile,individuo,2,0,285,278,gmail.com,
KP302641,2026-01-07,CL,persona,2,,205,36,gmail.com,0
KP301271,18-06-2025,CHILE,Persona,3,0,408,3,outlook.com,
KP302636,2020-05-24,VE,persona,,,2259,209,gmail.com,0
KP301474,20-12-2021, CL,persona,2,1,1684,14,gmail.com,1
KP301930,29-11-2021,cl,persona,2,no,1705,181,gmail.com,0
KP302553,26-12-2023,CL,persona,0,1,948,14,kipu.cl,
KP301342,01-08-2020,RU,persona,0,1,2190,197,kipu.cl,
KP302603,10-04-2024,chile ,persona,3,1,842,2011,outlook.com,1
KP303493,26-08-2018,CL,persona,2,0,2896,271,hotmail.com,1
KP303633,08-03-2020,CL,Persona,2,1,2336,,yahoo.com,1
KP302678,10-03-2023,CL,PERSONA,2,1,1239,6,kipu.cl,0
KP304258,31-05-2021,BR,persona,2,1,1887,32,yahoo.com,1
KP301517,24/11/2024,CL,PERSONA,2,1,614,8,gmail.com,
KP302867,10-08-2018,CL,persona,2,0,2912,,gmail.com,1
KP301964,03-10-2023, CL,persona,2,0,1032,10,outlook.com,0
KP302443,08-08-2021,CL,persona,2,0,1818,72,icloud.com,1
KP302465,10/11/2021,chile ,PERSONA,0,no,1724,15,yahoo.com,1
KP303737,31-07-2020,CL,PERSONA,2,1,2191,3365,outlook.com,0
KP300265,11/02/2021,CL,persona,3,1,1996,0,icloud.com,1
KP300946,2023-05-27,chile ,comercio_pequeno,2,1,1161,6,icloud.com,
KP300825,2018-11-14,CL,Persona,1,si,2816,88,kipu.cl,1
KP301764,2025-02-10,PE,persona,2,1,536,1,gmail.com,1
KP302529,28-05-2022,CL,PERSONA,2,1,1525,9,yahoo.com,1
KP300579,2018-11-07, CL,comercio_grande,2,si,2823,141,kipu.cl,0
KP302897,12-03-2020,CL,comercio_pequeno,1,0,2332,20,kipu.cl,1
KP300232,18/11/2022,CL,Persona,2,,1351,297,kipu.cl,0
KP303290,26-04-2020,AR,persona,1,si,2287,796,hotmail.com,1
KP301643,09/03/2025,CL,persona,2,,509,112,,
KP303604,2023-05-25,Russia,PERSONA,2,1,1163,2266,kipu.cl,1
KP302073,30-07-2021,CHILE,Persona,1,1,1827,226,kipu.cl,1
KP304953,14/06/2022,CL,persona,2,,1508,138,yahoo.com,1
KP301485,2023-06-28,CL,individuo,0,1,1129,6,outlook.com,1
KP301323,23/05/2021,PE,persona,0,0,1895,139,hotmail.com,1
KP304611,2024-12-21,Chile,individuo,1,0,587,,gmail.com,0
KP303842,2026-04-23,CL,persona,1,,99,99,outlook.com,1
KP302405,01/11/2023,ARGENTINA,persona,2,1,1003,219,gmail.com,1
KP304354,02/07/2019,CL,persona,0,,2586,0,outlook.com,1
KP304001,15/10/2025,cl,persona,2,1,289,4,icloud.com,1
KP304475,2021-06-09,CL,persona,3,0,1878,16,gmail.com,1
KP303426,2019-08-09,AR,persona,1,si,2548,153,yahoo.com,
KP303200,13-04-2023,CL,comercio pequeño,2,1,1205,,hotmail.com,1
KP301822,2025-02-25,VE,persona,3,1,521,169,gmail.com,1
KP301231,12-08-2025,CL,Persona,1,1,353,759,icloud.com,0
KP304422,2020-03-03,Venezuela,persona,0,1,-22,20,outlook.com,0
KP302375,06-02-2022,CL,persona,1,0,1636,30,kipu.cl,1
KP301496,2021-08-24,chile ,individuo,2,si,1802,0,yahoo.com,1
KP302891,17-01-2021,Perú,persona,2,1,2784,2085,outlook.com,1
KP303122,2024-02-09,PE,persona,0,1,903,246,gmail.com,0
KP304441,06-05-2024,CL,individuo,3,1,816,58,kipu.cl,1
KP304710,2020-07-26,CO,persona,2,no,2196,105,kipu.cl,1
KP303359,2024-02-18,CL,persona,1,1,894,8,outlook.com,
KP301709,01-01-2020,CL,persona,3,,2403,285,kipu.cl,1
KP301905,16/08/2025,CL,persona,2,,349,273,gmail.com,1
KP303681,06/07/2026,CL,persona,3,,25,112,kipu.cl,1
KP303542,2018-08-10,CL,persona,3,1,2912,2262,icloud.com,0
KP302579,09/02/2019,cl,persona,1,0,2729,3072,icloud.com,1
KP304059,05-11-2024,Chile,comercio_grande,3,1,633,1029,,1
KP304516,23/03/2026,PE,persona,2,si,130,,yahoo.com,
KP304553,2022-04-07,CL,persona,2,1,1576,0,kipu.cl,1
KP300357,27-05-2026,CL,comercio_pequeno,2,1,65,42,outlook.com,
KP303563,05/02/2019,CL,persona,2,,2733,2576,outlook.com,0
KP300783,27-09-2019,Brazil,Persona,2,si,2499,,yahoo.com,
KP302675,30-06-2022,BR,PERSONA,0,1,1756,15,icloud.com,1
KP304281,2024-04-09,chile ,persona,0,0,843,1010,outlook.com,
KP303430,2024-01-13,CL,individuo,1,0,930,281,kipu.cl,1
KP301719,15-05-2025,PE,PERSONA,2,1,442,88,gmail.com,1
KP302150,10-12-2024, CL,persona,2,1,598,3495,outlook.com,1
KP301575,02/06/2021,CL,persona,0,0,2405,72,gmail.com,1
KP300526,11/09/2022, CL,persona,0,no,1419,96,hotmail.com,0
KP303019,23-12-2022,CL,individuo,1,1,1316,6,outlook.com,1
KP303807,2025-09-30,CL,persona,2,1,304,7,yahoo.com,
KP301450,03-09-2019,CL,individuo,0,1,2523,96,gmail.com,1
KP304735,2025-12-09,CL,comercio_grande,2,0,234,2199,outlook.com,0
KP300114,10-12-2018,CL,persona,0,1,3669,6,gmail.com,0
KP301436,30-04-2019,CL,persona,3,,2649,105,gmail.com,1
KP300240,2019-06-06,US,individuo,1,1,2612,73,yahoo.com,0
KP304941,2024-03-23,CL,individuo,1,,860,1,hotmail.com,1
KP301947,2022-12-09,CL,persona,2,si,1330,289,yahoo.com,0
KP304724,2021-03-31,CL,individuo,1,1,1948,9,kipu.cl,0
KP303099,28/01/2022,Chile,comercio pequeño,-1,1,1645,6,outlook.com,
KP300331,2020-07-27,chile ,individuo,2,0,2195,220,icloud.com,
KP301297,2020-05-05,cl,persona,0,1,2278,45,yahoo.com,1
KP301045,27/11/2021,cl,persona,0,1,1707,56,kipu.cl,1
KP302000,2025-03-27,CL,individuo,3,1,491,87,tempmail.io,1
KP301914,04-07-2020,CL,individuo,3,si,2218,520,outlook.com,1
KP304289,2022-01-29,CL,persona,,0,1644,128,hotmail.com,1
KP300921,23/10/2020,CL,persona,2,1,2107,3878,icloud.com,1
KP300651,12-06-2019,CL,persona,2,1,2606,0,icloud.com,1
KP304202,20/12/2021,CL,individuo,2,1,2472,,kipu.cl,1
KP303397,10-10-2018,CL,persona,2,no,2851,905,,1
KP304318,15-07-2021,CL,persona,2,,1842,4,yahoo.com,1
KP302281,21/06/2025,CL,comercio_pequeno,2,,405,126,gmail.com,0
KP302505,18/12/2025,Brasil,individuo,2,,225,2,hotmail.com,0
KP303252,2018-09-08,Chile,persona,1,1,2883,,yahoo.com,0
KP300539,24/09/2019,CL,persona,1,1,2502,12,kipu.cl,1
KP304522,2023-12-08,CL,persona,2,1,966,6,hotmail.com,
KP302463,17-04-2024,CL,individuo,2,1,835,184,icloud.com,
KP304290,21-04-2019,CL,persona,2,1,2658,12,icloud.com,1
KP301674,2026-07-05,CL,persona,2,no,26,2128,outlook.com,1
KP300065,13/06/2018,CL,persona,2,1,3277,,outlook.com,1
KP300184,2026-04-02,CL,persona,2,1,120,2,gmail.com,
KP302863,30/10/2023,CHILE,comercio_pequeno,3,0,1005,26,outlook.com,1
KP304519,2023-08-20,cl,PERSONA,2,1,1076,143,outlook.com,1
KP301557,08-10-2018,Argentina,persona,2,0,2853,118,hotmail.com,0
KP300511,2020-06-18,CL,Persona,1,0,2234,1257,hotmail.com,
KP302286,2025-09-01,CL,Persona,2,1,333,7,yahoo.com,1
KP304175,07/08/2020,BR,comercio grande,1,0,2431,201,outlook.com,1
KP300291,24/02/2020,CL,persona,3,,2349,192,icloud.com,0
KP301629,09-05-2026,CL,comercio_pequeno,2,si,785,2016,kipu.cl,
KP303273,05/02/2024,CHILE,persona,1,,907,187,outlook.com,1
KP304920,2019-02-23,Estados Unidos,individuo,1,1,2715,106,hotmail.com,1
KP303738,12-06-2023,Chile,persona,2,no,1145,60,icloud.com,1
KP304666,2025-01-21,Argentina,persona,2,,556,148,icloud.com,1
KP302556,31/05/2025,CL,individuo,1,0,426,7,hotmail.com,0
KP300742,2021-02-08,cl,persona,2,0,1999,233,hotmail.com,1
KP302726,02-06-2026,CL,Persona,2,,59,,gmail.com,1
KP304308,22-09-2021,Venezuela,pyme,2,1,1773,22,outlook.com,1
KP301491,2025-04-05,CL,persona,0,,482,94,kipu.cl,1
KP302310,03-10-2023,Argentina,individuo,,,1032,50,outlook.com,1
KP304206,14/11/2023,CL,persona,2,1,990,84,yahoo.com,0
KP301303,19/11/2021,CL,Persona,0,1,1715,17,gmail.com,
KP301556,30-08-2021,CL,individuo,0,no,1796,6,gmail.com,1
KP300369,2024-03-25,CL,comercio_grande,1,1,858,103,yahoo.com,
KP303784,2018-09-23,CL,persona,0,0,2868,0,kipu.cl,
KP300194,16/07/2025,US,persona,1,1,380,120,icloud.com,1
KP302455,13/01/2025,CL,persona,2,0,564,19,icloud.com,1
KP302475,2019-06-30,CL,persona,2,0,2588,274,kipu.cl,0
KP302736,2024-01-22,AR,persona,2,1,921,2021,gmail.com,1
KP303716,2022-04-13,BR,persona,1,1,1570,17,hotmail.com,
KP301402,26-11-2019,Chile,persona,1,0,3242,151,gmail.com,1
KP304390,22/08/2020,cl,persona,1,0,2169,3,hotmail.com,
KP302257,12/07/2021,CL,persona,2,0,1845,20,hotmail.com,0
KP304574,11/11/2018,CL,persona,0,1,2819,221,kipu.cl,
KP300050,2026-05-14,CL,persona,1,no,78,15,icloud.com,1
KP300328,06-09-2025,CO,persona,1,1,1225,70,kipu.cl,
KP302276,15/06/2021, CL,persona,3,1,1872,6,kipu.cl,1
KP301704,2026-01-10,CL,persona,0,1,202,112,yahoo.com,
KP302484,12/10/2025,CL,comercio_pequeno,3,1,292,14,yahoo.com,0
KP300430,07-07-2025,CL,PERSONA,1,1,389,174,yahoo.com,0
KP302164,2023-01-06,cl,persona,3,1,1302,8,outlook.com,1
KP302274,27-04-2021,Chile,persona,1,si,1921,1253,yahoo.com,1
KP303164,03/12/2023,CL,persona,1,,971,2796,yahoo.com,1
KP303468,23/04/2022,VE,persona,1,1,1560,13,10minutemail.com,1
KP302723,2024-04-11,CL,comercio grande,0,no,841,3301,outlook.com,0
KP300677,09-06-2023,Peru,Persona,2,,1148,12,hotmail.com,
KP300795,11/01/2022,CL,persona,3,0,1662,198,hotmail.com,1
KP303539,2022-05-03,CL,comercio_grande,2,1,1550,5,hotmail.com,1
KP300052,2024-11-17,CL,PERSONA,2,,621,11,icloud.com,1
KP301607,17/03/2019,CL,comercio_pequeno,1,1,2693,1536,icloud.com,0
KP303779,06/01/2025,CL,persona,3,si,571,3673,icloud.com,1
KP304471,2022-02-03,CL,persona,1,1,1639,4,outlook.com,0
KP303392,03/10/2018,chile ,persona,2,0,2858,79,outlook.com,1
KP301835,2026-02-28,CL,persona,2,1,153,179,icloud.com,
KP304521,2021-06-01,cl,persona,2,1,1886,1793,outlook.com,0
KP300662,10/07/2022,CL,persona,1,1,1482,,kipu.cl,1
KP301001,21/06/2026,CL,persona,2,,40,71,gmail.com,
KP302922,29/08/2025,CL,persona,1,,336,45,hotmail.com,
KP303659,2025-06-03,CL,comercio_pequeno,3,1,423,245,gmail.com,
KP304971,29/06/2021,CL,individuo,2,1,1858,3,icloud.com,0
KP302139,18/09/2020,CL,comercio pequeño,2,no,2142,2866,yahoo.com,0
KP301199,28-04-2021,PERU,empresa,2,1,1920,2808,kipu.cl,0
KP300135,04/08/2020,CL,comercio_pequeno,2,1,-14,221,hotmail.com,1
KP301422,11-10-2024,CL,comercio pequeño,0,,1441,278,outlook.com,1
KP303732,14-06-2021,CL,persona,3,no,1873,1647,kipu.cl,1
KP304127,28-11-2019,CL,persona,3,1,2437,3,kipu.cl,1
KP303094,2026-01-21,CL,persona,,1,191,81,gmail.com,0
KP302153,2021-04-06,CL,comercio_grande,2,,1942,17,gmail.com,0
KP302318,01-05-2020,cl,persona,,1,2282,1039,yahoo.com,1
KP301922,2022-09-03,CL,individuo,1,,1427,0,gmail.com,1
KP303352,13-04-2026,CL,persona,0,1,109,13,yahoo.com,1
KP303607,04/08/2021,US,persona,2,,1822,7,hotmail.com,1
KP304221,27/01/2019,CL,persona,0,1,2742,0,gmail.com,1
KP302528,04-05-2021,AR,persona,3,0,1914,19,outlook.com,1
KP303926,15-01-2022,CL,comercio_pequeno,3,1,1658,109,yahoo.com,
KP300613,2019-08-05,BR,Persona,2,1,2552,12,kipu.cl,1
KP300497,12-03-2022,BR,persona,2,1,1871,3,outlook.com,1
KP300245,05/10/2019,CL,comercio_pequeno,,1,2491,2,yahoo.com,0
KP300763,31/01/2026,CL,comercio_pequeno,0,0,181,1726,gmail.com,1
KP303434,23/05/2022,Perú,individuo,2,,-71,1,yahoo.com,
KP301154,2025-06-16,CL,persona,3,,410,91,kipu.cl,1
KP301795,2022-12-22,CO,persona,3,si,1317,12,outlook.com,
KP304785,2018-07-22,CL,persona,3,1,2931,93,outlook.com,1
KP303162,21-07-2020,chile ,persona,1,1,2201,20,gmail.com,1
KP301425,12/06/2019,CL,individuo,1,1,2606,291,gmail.com,1
KP302411,2020-03-20,ARGENTINA,persona,1,0,2324,22,outlook.com,
KP301714,2025-02-13,CL,persona,1,1,533,1324,yahoo.com,1
KP304076,25/03/2026,BRASIL,comercio_pequeno,2,si,128,258,outlook.com,1
KP301469,2022-05-15,US,persona,1,1,1538,16,icloud.com,1
KP303828,2020-07-12,CL,pyme,2,0,2210,9,icloud.com,1
KP304110,2021-06-15,US,PERSONA,3,0,1872,238,gmail.com,1
KP301614,2025-02-21,CL,PERSONA,2,0,525,20,icloud.com,0
KP302017,11/03/2019,CL,comercio_pequeno,1,1,2699,7,outlook.com,1
KP302696,2026-07-01,CL,persona,2,1,30,218,hotmail.com,1
KP304863,2024-07-06,CHILE,COMERCIO_PEQUENO,1,si,755,0,outlook.com,
KP301660,17/11/2024,CO,comercio_grande,3,1,621,184,gmail.com,1
KP300460,2020-11-21,BRASIL,persona,2,1,2078,61,hotmail.com,1
KP303540,2023-09-03,Perú,Persona,1,1,1062,20,outlook.com,1
KP304827,2019-03-22,CL,persona,-1,1,2688,4,hotmail.com,1
KP303191,06-10-2021,Brasil,individuo,2,0,1759,223,kipu.cl,1
KP304778,26/02/2020,CL,individuo,2,1,2347,1337,kipu.cl,0
KP300636,29/10/2020,CL,persona,1,1,2101,201,kipu.cl,1
KP302466,2022-05-11,CL,persona,2,0,1542,3,gmail.com,1
KP302578,07/10/2026,CL,persona,1,0,0,75,kipu.cl,1
KP303477,08/01/2021,CL,persona,2,1,2030,25,hotmail.com,1
KP302362,05/06/2019,CL,persona,2,1,2766,171,hotmail.com,1
KP301467,01/02/2020,CL,comercio_pequeno,2,0,2372,56,yahoo.com,1
KP301481,10-01-2026,CL,persona,2,1,202,13,kipu.cl,
KP300309,19-08-2024,Chile,persona,0,1,711,4,outlook.com,1
KP300480,27-11-2024,CL,persona,1,no,611,98,yahoo.com,0
KP300771,06-11-2024,CL,persona,1,0,632,2928,kipu.cl,0
KP301717,2021-02-20,cl,comercio_pequeno,2,1,2665,13,icloud.com,
KP303748,16-11-2018,CL,empresa,0,1,2814,2735,gmail.com,
KP302341,27/10/2021,CL,persona,2,0,2466,174,gmail.com,
KP304294,2019-01-31,AR,persona,1,1,2738,0,hotmail.com,
KP300425,2025-02-05,PE,PERSONA,1,1,541,284,10minutemail.com,0
KP301699,2020-11-13,CL,pyme,0,1,2086,10,icloud.com,1
KP303230,04/01/2021,chile ,comercio_pequeno,2,0,-181,385,icloud.com,0
KP300568,06/03/2026,CL,PERSONA,1,0,147,163,hotmail.com,1
KP302941,09-06-2026,chile ,persona,2,1,52,1637,gmail.com,
KP301502,14-07-2026,AR,PERSONA,1,1,317,2481,outlook.com,1
KP304015,29/12/2020,ARGENTINA,PERSONA,,0,2040,119,hotmail.com,0
KP303293,2019-06-27,CL,persona,2,1,2591,8,outlook.com,1
KP302188,15-12-2020,US,persona,,1,2054,11,hotmail.com,0
KP300574,2024-10-18,CHILE,PERSONA,1,1,651,5,yahoo.com,
KP300627,09-01-2019,Nigeria,comercio_pequeno,1,1,2760,225,kipu.cl,1
KP300632,2022-01-17,CL,persona,2,1,1980,50,icloud.com,1
KP300353,29-06-2019,chile ,persona,3,1,2589,226,icloud.com,1
KP303924,15/01/2026,BR,persona,2,1,197,293,hotmail.com,1
KP304195,31/07/2018,CL,persona,0,1,2922,178,gmail.com,
KP304365,08/03/2022,CL,persona,1,1,1606,,kipu.cl,1
KP300383,2023-09-26,chile ,persona,1,1,1039,180,yahoo.com,1
KP301213,27-09-2019,Brasil,comercio pequeño,,0,2499,264,icloud.com,1
KP304477,21/11/2023,CL,persona,2,1,-184,406,hotmail.com,
KP302657,11-02-2026,cl,comercio_pequeno,0,1,170,8,kipu.cl,
KP301285,12-09-2019,CL,persona,1,0,2514,110,outlook.com,1
KP304355,2025-07-01,CL,PERSONA,1,1,395,291,hotmail.com,1
KP304824,2020-03-25,ARGENTINA,persona,1,,2319,20,,0
KP304970,2019-08-23,US,persona,1,1,-59,11,gmail.com,0
KP301587,16-10-2023,US,persona,2,,1019,1891,outlook.com,1
KP303550,04/06/2021,CL,persona,0,1,1883,54,guerrillamail.com,1
KP303955,25/03/2019,VE,pyme,2,1,2685,3185,gmail.com,0
KP302221,07-06-2020,CL,Persona,2,0,2245,259,icloud.com,0
KP301997,28-09-2022,CL,persona,0,1,1402,8,icloud.com,
KP304256,19-09-2019,US,persona,1,0,2507,2755,,1
KP303279,23/11/2023,cl,persona,2,1,981,0,yahoo.com,0
KP302064,24/05/2021,US,individuo,,0,1894,243,,0
KP302142,05/11/2021,chile ,persona,2,0,1729,0,icloud.com,1
KP301793,24-09-2022,CL,persona,2,si,1982,25,kipu.cl,0
KP300904,09-10-2018,VE,comercio_pequeno,3,0,2852,16,icloud.com,1
KP301103,21-10-2019,CO,comercio_pequeno,1,0,2475,23,icloud.com,1
KP303616,02/05/2020,CL,comercio_grande,1,1,3082,524,kipu.cl,0
KP301094,2026-05-21, CL,persona,1,si,71,3937,,1
KP302698,04-05-2021,AR,persona,1,no,1914,198,icloud.com,
KP302055,14-08-2023, CL,persona,1,1,1082,223,outlook.com,0
KP301893,10/06/2018,CL,persona,2,0,2973,128,,0
KP302721,22-03-2024,CL,persona,3,1,861,16,yahoo.com,0
KP302716,2024-03-05,CL,persona,3,1,878,1073,icloud.com,1
KP304003,25-05-2026,CO,persona,1,0,67,252,hotmail.com,0
KP300487,22/10/2023,Estados Unidos,persona,2,1,1013,75,yahoo.com,0
KP301475,04-06-2021,CHILE,persona,2,0,1883,217,kipu.cl,0
KP302212,2025-12-26,cl,persona,1,1,217,15,outlook.com,1
KP300465,16/07/2022,CL,persona,3,0,1476,61,yahoo.com,0
KP301258,2020-08-08,US,PERSONA,0,,2183,57,outlook.com,1
KP304602,2021-02-11,CO,persona,-1,si,1996,20,kipu.cl,1
KP301987,2024-09-30,CL,persona,2,1,669,2837,yahoo.com,
KP303739,14/09/2020,CL,persona,2,1,-87,80,yahoo.com,1
KP301668,23-08-2019,CL,persona,1,si,2534,,icloud.com,1
KP303317,2020-09-15,RU,persona,0,1,2145,,kipu.cl,1
KP301612,05/02/2019,AR,COMERCIO_PEQUENO,2,si,2733,0,yahoo.com,1
KP301236,2019-04-03,CL,PERSONA,2,1,2676,462,icloud.com,1
KP302659,01-03-2022,CL,Persona,1,0,1613,125,outlook.com,1
KP304201,2019-10-20,chile ,persona,3,1,2476,,kipu.cl,1
KP303084,17-05-2025,CL,COMERCIO_PEQUENO,0,1,440,137,icloud.com,0
KP302549,2020-04-19,CL,comercio_pequeno,0,0,2294,,hotmail.com,1
KP301035,26-12-2019,PERU,COMERCIO_PEQUENO,2,0,2409,3326,yahoo.com,1
KP303953,20/12/2019,CL,individuo,0,1,2415,299,gmail.com,
KP304126,08/04/2020,cl,persona,1,1,2305,366,hotmail.com,1
KP300730,15/01/2026,CL,persona,2,,197,19,hotmail.com,1
KP303385,03/06/2018,CL,comercio_grande,3,1,2980,4,icloud.com,1
KP301216,16-03-2025,US,PERSONA,1,1,615,213,gmail.com,
KP302757,2019-03-15,CL,individuo,2,si,2695,276,kipu.cl,0
KP303847,2025-10-18,chile ,comercio_pequeno,1,,-102,14,kipu.cl,1
KP300251,25-11-2025,CL,persona,2,1,248,16,hotmail.com,0
KP304540,10-07-2024,BR,persona,1,si,751,1303,gmail.com,
KP304931,11/10/2020,CL,persona,1,1,2119,2023,kipu.cl,1
KP301408,10-04-2021,Chile,comercio_grande,3,no,1938,36,icloud.com,
KP302526,04-04-2024,CL,Persona,1,0,848,871,hotmail.com,
KP303664,16-02-2022, CL,comercio_grande,1,1,1626,243,icloud.com,1
KP303037,25-06-2024,CL,persona,1,1,1076,183,gmail.com,1
KP304215,2018-09-30,CL,persona,3,1,2861,197,,1
KP301224,06-10-2018,CL,persona,3,1,2855,251,hotmail.com,0
KP300418,2026-05-17,CHILE,persona,3,1,75,16,icloud.com,0
KP300726,01/11/2020,CL,persona,0,0,2098,146,icloud.com,
KP301680,10-08-2025,CL,individuo,0,1,355,3381,gmail.com,
KP301247,2026-05-06,AR,individuo,2,1,86,0,outlook.com,0
KP302627,15/05/2019,CL,PERSONA,2,si,2634,267,icloud.com,1
KP302970,11/01/2023,Chile,PERSONA,2,1,1297,9,icloud.com,0
KP300729,19-08-2022,CHILE,persona,2,1,1442,16,outlook.com,0
KP303833,07-10-2019,PE,Persona,1,si,3018,187,outlook.com,0
KP301528,2023-08-26,CL,individuo,3,si,1070,14,hotmail.com,1
KP300071,17-12-2020,CL,comercio grande,2,no,2052,75,gmail.com,1
KP304142,12/04/2026, CL,persona,2,1,110,2034,kipu.cl,1
KP304016,04/09/2024,VE,persona,1,no,695,18,icloud.com,1
KP302393,06-02-2019,CL,persona,3,,2732,16,,
KP302420,2021-07-07,CHILE,persona,1,1,1850,,yahoo.com,1
KP301242,2023-09-26,CL,persona,1,1,1039,11,kipu.cl,1
KP302596,16-12-2022,CL,persona,1,no,1323,294,outlook.com,1
KP301545,27/08/2021,CL,PERSONA,2,1,2496,254,outlook.com,
KP300779,02-06-2021,CL,Persona,2,1,1885,273,kipu.cl,1
KP300107,28/10/2024,US,persona,2,1,641,273,kipu.cl,1
KP303050,16/02/2023,CL,persona,2,1,1261,117,hotmail.com,
KP301601,2023-11-17,AR,persona,1,1,987,203,10minutemail.com,0
KP301424,14/11/2020,BRASIL,persona,3,si,2085,3327,kipu.cl,1
KP303677,28/12/2022,US,persona,3,0,1311,271,gmail.com,0
KP300566,09/07/2021,CL,persona,2,0,1848,16,outlook.com,1
KP303863,23-09-2019,CL,persona,1,1,2503,17,outlook.com,1
KP300254,11-02-2021,CL,persona,2,0,1996,1,outlook.com,0
KP304019,14-02-2022,CL,persona,1,1,1628,155,hotmail.com,0
KP300746,29/08/2021,PERU,persona,1,1,1797,2620,hotmail.com,1
KP304004,19-07-2019,CL,individuo,0,1,2569,14,,1
KP304315,15/10/2020,chile ,persona,2,,2115,18,hotmail.com,1
KP300358,09/02/2021,CL,persona,3,0,1998,206,yahoo.com,0
KP303502,2021-03-17,CL,comercio_pequeno,1,0,2174,1,yahoo.com,0
KP300211,04/12/2019, CL,comercio grande,3,0,2431,1,yahoo.com,1
KP301750,04-06-2022,CL,persona,0,0,1518,252,gmail.com,1
KP302619,30-12-2024,CL,persona,0,1,578,221,kipu.cl,0
KP300224,05-02-2021,CL,persona,2,si,2002,98,hotmail.com,1
KP301172,19/07/2025,CL,persona,0,1,377,96,yahoo.com,0
KP302422,30/11/2020,AR,persona,1,1,2069,,tempmail.io,0
KP301675,08-04-2022,Venezuela,persona,2,0,1575,7,outlook.com,1
KP302894,13/01/2024,CL,persona,2,1,930,133,kipu.cl,1
KP303072,2022-05-08,CL,persona,1,1,1545,17,hotmail.com,1
KP301117,15/11/2018, CL,persona,2,0,2815,99,hotmail.com,1
KP301566,07/05/2022,AR,PERSONA,2,no,1546,54,yahoo.com,0
KP304363,06/10/2018,Chile,persona,2,si,2855,63,kipu.cl,1
KP302506,05/12/2018,VE,comercio_pequeno,2,0,2795,91,outlook.com,1
KP301279,13/05/2023,CL,persona,2,1,1175,185,kipu.cl,1
KP301599,2025-01-07,Peru,pyme,3,no,570,16,gmail.com,1
KP300577,02-08-2021,chile ,comercio_pequeno,3,si,1824,1675,hotmail.com,
KP300924,02-10-2023,PE,comercio_pequeno,0,1,1033,18,outlook.com,1
KP304041,12/11/2025,PE,persona,2,no,261,123,icloud.com,1
KP304056,22-03-2020,BR,individuo,1,1,2322,83,icloud.com,0
KP304687,2020-02-05,CL,Persona,2,1,2368,19,hotmail.com,0
KP301277,03/06/2020,Chile,comercio pequeño,2,0,2249,196,outlook.com,1
KP300386,02-11-2023,CL,Persona,3,1,1002,,icloud.com,0
KP303786,2019-11-14,Rusia,comercio_pequeno,2,1,2451,5,outlook.com,1
KP302130,09/04/2024,Chile,persona,2,1,843,917,hotmail.com,0
KP303316,08/01/2021,PE,persona,2,,2030,1982,guerrillamail.com,1
KP304465,31/08/2018,CL,individuo,1,0,2891,183,kipu.cl,
KP300605,2023-04-25,CL,persona,2,1,1781,149,icloud.com,1
KP304485,30-09-2020,AR,persona,2,1,-175,1432,gmail.com,1
KP300239,29-03-2026,Colombia,persona,2,1,124,204,hotmail.com,1
KP300544,22-11-2019,CL,persona,2,0,2443,11,guerrillamail.com,1
KP302609,17-05-2022,CL,COMERCIO_PEQUENO,0,0,1536,12,kipu.cl,1
KP303369,12/04/2021,CL,PERSONA,2,1,1936,207,kipu.cl,1
KP300402,04-04-2021,CL,persona,3,1,1944,5,hotmail.com,1
KP300585,20/11/2023,CL,persona,2,1,984,77,kipu.cl,1
KP300799,17-10-2023,Colombia,persona,0,1,1018,15,,1
KP302694,04/03/2024,COLOMBIA,persona,0,0,879,11,hotmail.com,1
KP302390,2019-09-16,BRASIL,persona,1,0,3029,224,icloud.com,
KP304523,2025-04-28,NG,comercio_grande,1,,459,227,outlook.com,1
KP302413,2026-06-24,chile ,persona,2,1,37,3621,kipu.cl,0
KP302959,12/07/2022,cl,persona,2,si,1480,19,icloud.com,1
KP301080,2021-09-14,VE,persona,1,1,1781,286,icloud.com,1
KP303805,24-05-2021,US,individuo,2,1,1894,2034,hotmail.com,
KP303403,2026-02-15,AR,PERSONA,3,,166,264,gmail.com,0
KP301532,22-09-2022,Chile,comercio_pequeno,2,1,1408,4,kipu.cl,1
KP303176,30/11/2024,NG,persona,1,1,608,20,yahoo.com,
KP300130,21-09-2023,RU,persona,0,1,1044,1446,gmail.com,0
KP303151,02-10-2024,Chile,persona,1,,667,178,hotmail.com,1
KP301298,03/01/2021,CL,pyme,2,1,2035,0,kipu.cl,1
KP301767,10-07-2025,CL,comercio grande,2,0,386,305,hotmail.com,1
KP301360,15-02-2019,VE,persona,3,0,2723,8,kipu.cl,1
KP302391,09/07/2019,CL,persona,2,0,2579,292,yahoo.com,
KP304857,21/11/2020,CL,PERSONA,2,,2078,7,icloud.com,
KP303131,12/04/2026,CHILE,persona,3,1,382,9,icloud.com,
KP304238,2019-11-15,CL,individuo,2,0,2450,177,hotmail.com,1
KP302860,11-10-2020,CL,comercio pequeño,1,1,2119,42,gmail.com,1
KP302333,23/08/2021,CO,persona,1,1,1803,12,icloud.com,1
KP302544,25/06/2023,CL,persona,-1,1,1132,14,gmail.com,1
KP300174,30-09-2019,CL,persona,3,,2496,116,icloud.com,1
KP303058,2021-08-19,Venezuela,COMERCIO_PEQUENO,,0,1807,3627,gmail.com,0
KP300556,20-05-2022, CL,persona,2,si,1533,3224,outlook.com,1
KP303303,15-09-2022,CL,individuo,2,0,1415,9,yahoo.com,1
KP302145,2022-12-12,CL,comercio_pequeno,1,1,1327,10,yahoo.com,
KP302854,06-07-2025, CL,persona,2,0,390,278,hotmail.com,1
KP300931,27/05/2026,CL,persona,2,1,65,,icloud.com,1
KP301872,2023-02-06, CL,individuo,2,,1271,9,outlook.com,1
KP302570,2024-11-14,Rusia,persona,1,0,624,170,icloud.com,
KP303881,2021-06-25,CL,comercio_pequeno,1,0,1862,117,hotmail.com,1
KP304642,20-01-2020, CL,COMERCIO_PEQUENO,2,1,2384,3934,icloud.com,1
KP300914,2019-12-30,CL,persona,2,0,2405,19,outlook.com,1
KP303220,21/01/2025,CL,comercio_grande,,1,556,2022,yahoo.com,1
KP304928,10-12-2023,VE,persona,0,1,964,1445,,1
KP301939,07/08/2025,CL,persona,2,1,358,14,gmail.com,0
KP304377,27/03/2020,cl,persona,1,0,2993,,kipu.cl,
KP303198,25/10/2023,chile ,persona,2,0,1010,7,guerrillamail.com,1
KP303617,03-09-2019,CL,persona,0,1,2523,274,hotmail.com,0
KP304815,02-09-2023,CL,comercio_pequeno,,1,1063,15,gmail.com,1
KP304829,15-06-2026,CL,comercio pequeño,2,0,46,3677,yahoo.com,1
KP300365,16-02-2024,cl,comercio_pequeno,2,0,1396,2,icloud.com,1
KP302126,2022-08-05,AR,individuo,,1,1456,3510,yahoo.com,1
KP301030,24/12/2024,AR,persona,2,1,584,252,kipu.cl,1
KP303750,2022-04-08,CL,empresa,1,1,1976,231,,
KP302279,24-06-2018,CL,persona,2,,2959,3235,hotmail.com,
KP300437,2024-11-27,CL,persona,2,0,611,118,yahoo.com,1
KP302991,06/10/2022,PE,persona,0,1,1394,16,yahoo.com,1
KP302227,26-06-2019,CL,persona,2,1,2592,32,gmail.com,1
KP304912,13-08-2022,AR,persona,3,0,1738,3,kipu.cl,
KP304166,15/05/2026,Chile,persona,2,0,77,265,gmail.com,1
KP301813,16/09/2022,CO,persona,3,1,1414,,outlook.com,1
KP301666,04/12/2022,US,persona,1,si,1335,169,outlook.com,1
KP304865,17/08/2019,CL,persona,2,0,2540,258,yahoo.com,1
KP302995,2026-04-05,CL,persona,0,1,117,81,yahoo.com,
KP301281,2021-03-11,NG,PERSONA,1,si,2381,93,kipu.cl,0
KP304064,19-05-2019,CL,comercio_pequeno,2,1,2630,3811,hotmail.com,0
KP300127,05/09/2022,CL,individuo,3,0,1425,8,outlook.com,1
KP304386,2023-11-06,Perú,persona,3,1,998,73,,1
KP301455,2024-06-11,CL,persona,0,si,780,107,gmail.com,
KP302887,16-03-2023,CL,persona,2,0,1233,1144,gmail.com,
KP300525,2022-08-14,CL,persona,2,0,1447,13,kipu.cl,
KP303593,01-07-2024,PE,PERSONA,1,1,760,30,,1
KP303530,19-08-2018,COLOMBIA,persona,1,1,2903,171,outlook.com,
KP302403,08-12-2019,CL,persona,1,1,2427,87,hotmail.com,1
KP302494,25/11/2018, CL,comercio_pequeno,0,1,2805,2,hotmail.com,1
KP302121,14/04/2023,CL,pyme,1,1,1204,49,hotmail.com,0
KP302521,03/08/2024,US,comercio_pequeno,3,1,727,17,kipu.cl,
KP300356,08-08-2024,CL,persona,2,si,1616,87,tempmail.io,1
KP304396,12-08-2018,cl,comercio_grande,1,1,3657,224,hotmail.com,0
KP302802,11/06/2020,CO,persona,1,1,2241,13,gmail.com,0
KP301139,02-11-2022,cl,persona,1,,1367,44,10minutemail.com,1
KP304417,04/04/2025,CL,persona,0,1,483,209,outlook.com,1
KP301733,30-09-2022,CHILE,comercio_grande,2,1,1400,1871,outlook.com,
KP304242,2021-08-31,CL,persona,3,1,1795,2222,hotmail.com,1
KP300468,2024-09-12,CL,individuo,3,,687,200,kipu.cl,0
KP302208,2024-02-01, CL,pyme,2,1,1561,283,hotmail.com,1
KP303597,15-02-2021,PE,persona,2,0,1992,11,hotmail.com,1
KP300143,2023-10-07,CL,persona,1,si,1028,232,kipu.cl,0
KP301061,2020-10-17,PE,persona,2,0,2113,17,kipu.cl,0
KP302194,22-08-2023,AR,PERSONA,1,1,-97,242,outlook.com,1
KP304990,01/02/2019,Peru,persona,3,1,2737,880,outlook.com,1
KP300123,2019-04-11,CL,individuo,0,1,2668,17,,1
KP303005,01/04/2024,CHILE,persona,3,1,851,162,kipu.cl,1
KP300352,14/09/2019,cl,COMERCIO_PEQUENO,1,1,2512,1800,outlook.com,1
KP300913,14-09-2018,CL,individuo,2,1,2877,0,kipu.cl,
KP300138,24/11/2020,US,PERSONA,2,no,2075,82,outlook.com,0
KP301828,29/10/2019,cl,persona,3,1,2467,9,yahoo.com,
KP301904,2019-05-17,CL,Persona,2,1,2632,269,yahoo.com,0
KP302294,2019-10-04,CL,comercio_pequeno,3,0,2492,0,outlook.com,1
KP300625,29-08-2018,BR,comercio_grande,2,,2893,34,hotmail.com,1
KP304571,2025-08-05,CL,Persona,1,1,360,7,gmail.com,1
KP303196,18-08-2021,CL,persona,2,1,1808,15,icloud.com,
KP301373,2020-11-20,CL,persona,1,1,2079,0,hotmail.com,
KP302012,2025-11-27,CL,persona,2,si,-7,3678,outlook.com,0
KP300561,2021-01-07,CHILE,Persona,1,1,2031,2,yahoo.com,0
KP304707,04/03/2020,BRASIL,persona,3,0,2340,8,outlook.com,1
KP301773,03-08-2025,RU,persona,1,0,362,95,gmail.com,1
KP304769,2022-05-24,CL,individuo,2,1,1529,72,outlook.com,0
KP301507,28/04/2026,CL,individuo,2,,94,217,,0
KP304818,15-01-2020,Perú,Persona,2,1,2389,,hotmail.com,1
KP300235,10-05-2025,CHILE,persona,2,1,447,4,hotmail.com,1
KP303439,2026-03-15,CO,comercio_pequeno,2,si,138,62,outlook.com,1
KP300735,22/08/2023,BR,persona,1,,1074,57,icloud.com,1
KP303663,14-12-2021,CL,persona,2,1,1690,16,outlook.com,0
KP300615,2023-08-30,CL,persona,2,,1066,2035,kipu.cl,0
KP301776,12/11/2019,PERU,persona,0,1,2453,197,hotmail.com,1
KP303715,30/10/2019,CL,persona,1,,2466,2626,kipu.cl,1
KP302442,2023-02-24,chile ,persona,2,1,1253,263,hotmail.com,0
KP300298,25-11-2024,US,comercio_pequeno,2,1,613,18,gmail.com,0
KP300684,06-03-2025,Argentina,comercio_pequeno,1,1,676,6,hotmail.com,1
KP302645,2019-04-03,CL,empresa,1,1,-162,815,yahoo.com,0
KP300299,15-08-2022,CL,persona,2,1,1446,6,gmail.com,1
KP303272,2019-12-15,CL,persona,3,0,2420,148,outlook.com,1
KP302795,10/11/2018,CL,comercio_pequeno,2,,2820,85,gmail.com,0
KP302899,07-01-2019,CL,persona,,no,2762,74,outlook.com,
KP300276,2025-04-08,CL,persona,2,0,479,20,outlook.com,1
KP302753,2026-03-21,Peru,persona,1,1,132,0,hotmail.com,1
KP300631,26/04/2020,CL,individuo,1,si,2287,201,yahoo.com,0
KP304954,17/06/2026,Peru,persona,2,1,-160,14,icloud.com,1
KP303267,2020-05-29, CL,persona,1,,2254,59,outlook.com,0
KP301652,29-12-2023,Chile,PERSONA,1,1,945,87,hotmail.com,0
KP304233,11/04/2026,CL,persona,1,,111,7,outlook.com,1
KP303720,2024-10-29, CL,individuo,1,1,640,24,yahoo.com,0
KP302919,2019-09-23, CL,persona,1,1,2503,0,yahoo.com,0
KP301565,16-06-2022,CL,PERSONA,2,0,1506,1531,outlook.com,1
KP303507,28/09/2024,CL,persona,0,0,671,78,hotmail.com,
KP302232,2025-07-06,cl,persona,,1,390,295,icloud.com,1
KP302681,2024-05-22,CL,comercio_pequeno,2,1,800,87,gmail.com,1
KP300645,17/06/2024,CL,Persona,0,1,774,10,,1
KP302917,27-02-2019,Chile,individuo,,1,2711,2,hotmail.com,0
KP302615,15-09-2024,CL,PERSONA,2,0,684,119,kipu.cl,1
KP300160,03/08/2022,cl,comercio pequeño,3,si,1458,240,icloud.com,1
KP302384,06/12/2022,CL,persona,3,1,1333,291,gmail.com,1
KP304903,2023-07-26, CL,persona,1,1,1101,3792,icloud.com,0
KP302662,04/12/2022,cl,persona,1,1,1335,2968,hotmail.com,1
KP301385,23/12/2020,CL,persona,2,1,2046,213,kipu.cl,1
KP304137,2025-09-26,BR,persona,0,1,308,3875,yahoo.com,1
KP303394,2024-11-26,CL,COMERCIO_PEQUENO,0,,612,5,icloud.com,1
KP300196,2025-11-28,CL,persona,2,1,245,,gmail.com,
KP303746,25-11-2018,CL,persona,2,0,2805,4,hotmail.com,1
KP304989,03-08-2020,CL,PERSONA,1,1,2188,286,outlook.com,0
KP302929,19/11/2024,CL,PERSONA,1,1,619,20,yahoo.com,
KP302977,16-02-2024,CL,persona,2,0,1087,204,yahoo.com,0
KP302927,23-12-2022,Perú,individuo,1,0,1316,204,gmail.com,1
KP301370,10/10/2024,CL,persona,2,1,659,256,hotmail.com,0
KP301766,05/07/2018,CL,individuo,2,1,2948,209,hotmail.com,0
KP303033,05-02-2025,CL,persona,2,,541,12,kipu.cl,
KP300182,24-09-2020,CL,PERSONA,0,,2136,140,outlook.com,0
KP302735,04/10/2018,CO,individuo,1,1,2857,237,kipu.cl,0
KP301162,30/12/2021,CL,comercio_pequeno,1,0,1674,16,gmail.com,0
KP300639,30-10-2023,CL,Persona,0,1,1005,11,yahoo.com,0
KP301788,12-06-2021,cl,persona,1,1,1875,7,kipu.cl,1
KP300162,2026-02-19,COLOMBIA,individuo,3,si,162,124,kipu.cl,1
KP304212,2019-08-13,CL,pyme,2,,2544,267,hotmail.com,0
KP302878,25-04-2020,AR,PERSONA,2,,2288,15,outlook.com,0
KP303269,28-02-2025,CL,pyme,2,1,518,32,icloud.com,1
KP300965,02-12-2020,CL,persona,1,1,2067,3540,hotmail.com,0
KP304330,15/04/2022,CL,persona,2,1,1568,,yahoo.com,1
KP301230,2019-06-06,CL,persona,0,1,2612,0,kipu.cl,1
KP300054,14-08-2020,CL,persona,0,,2402,148,kipu.cl,0
KP301596,2020-01-04,ARGENTINA,persona,2,si,2400,3,kipu.cl,0
KP302203,2021-11-18,Peru,persona,3,0,1716,98,yahoo.com,1
KP304755,25/05/2026,CL,persona,1,1,67,487,gmail.com,
KP304524,2022-09-22,CL,persona,3,si,1408,14,hotmail.com,
KP302875,2020-05-26,CL,comercio_pequeno,1,1,2257,279,outlook.com,0
KP304862,2023-01-26,CL,persona,-1,0,1282,246,icloud.com,0
KP302445,2022-05-24,CL,persona,2,0,1529,2875,hotmail.com,0
KP303645,03/09/2021,CL,comercio_pequeno,1,1,2653,9,outlook.com,1
KP302005,20/04/2021,CL,PERSONA,0,1,1928,190,gmail.com,1
KP304882,2025-02-16,CL,Persona,2,0,530,92,gmail.com,
KP303259,28-10-2020,Colombia,PERSONA,2,0,2102,186,gmail.com,1
KP304334,22/07/2020,Venezuela,persona,2,1,2200,2976,hotmail.com,1
KP301149,11-11-2019,CL,comercio_pequeno,2,1,2454,10,tempmail.io,1
KP301451,03-06-2019,CL,persona,0,1,2615,2,kipu.cl,1
KP303455,30-07-2024,CL,persona,2,si,731,,hotmail.com,1
KP302797,2018-09-25,CL,persona,-1,1,2866,190,yahoo.com,0
KP300987,30/03/2022,CL,persona,3,,1584,297,kipu.cl,1
KP302711,27-05-2022,PE,persona,3,1,1526,19,kipu.cl,
KP303731,30-07-2020,CL,comercio pequeño,0,1,2192,141,gmail.com,0
KP303909,18/10/2024,CL,persona,2,1,765,5,outlook.com,1
KP303092,01/08/2024,CL,comercio_pequeno,1,0,729,206,hotmail.com,0
KP301282,2022-01-30,VE,COMERCIO_PEQUENO,0,0,1643,2165,outlook.com,1
KP300220,04/09/2022,CL,persona,1,0,1426,,hotmail.com,1
KP301499,2024-03-09,US,persona,1,,874,19,icloud.com,1
KP304299,20/01/2021,Chile,persona,2,1,2018,15,gmail.com,
KP303619,12-03-2026,CL,persona,0,si,141,9,yahoo.com,1
KP303701,2024-08-07,CL,pyme,3,,723,140,kipu.cl,1
KP303292,20-12-2020,CL,comercio_pequeno,3,si,2049,569,outlook.com,1
KP303238,16-02-2019,Peru,COMERCIO_GRANDE,3,1,2722,1982,outlook.com,1
KP303116,20/03/2022,US,persona,2,0,1594,,,1
KP300744,07-11-2021,PERU,Persona,3,si,1727,3965,gmail.com,0
KP300209,10-10-2020,Argentina,persona,0,,2120,2074,icloud.com,0
KP304891,2022-03-04,CO,persona,2,1,1610,160,yahoo.com,
KP302011,09-01-2023,CL,comercio_pequeno,1,,1299,220,kipu.cl,1
KP304348,18-12-2025,CL,comercio grande,2,0,329,106,outlook.com,
KP302589,25-09-2023,CL,persona,2,si,1040,16,yahoo.com,1
KP300336,2025-08-29,CL,persona,1,1,336,3924,yahoo.com,1
KP303444,24/09/2024,PE,individuo,2,1,675,13,yahoo.com,0
KP301058,02-02-2021,chile ,individuo,0,1,2005,136,hotmail.com,0
KP300414,29-06-2022,CL,Persona,3,si,1493,3547,yahoo.com,
KP304362,2021-04-19,CL,persona,0,si,1929,0,gmail.com,1
KP301722,18-08-2024,CL,persona,2,1,712,48,outlook.com,
KP301682,2023-08-12,PE,Persona,2,1,1084,8,icloud.com,0
KP300016,2025-01-04,CL,persona,2,1,573,1863,kipu.cl,1
KP303398,14/06/2019,PERU,persona,1,si,2604,205,yahoo.com,1
KP304578,04/03/2022,CHILE,persona,3,0,1610,287,hotmail.com,1
KP304448,29/10/2025,CHILE,PERSONA,2,0,275,3982,outlook.com,1
KP300664,01-10-2021,BR,persona,0,,1764,6,hotmail.com,0
KP300451,2018-09-08, CL,persona,3,,2883,1752,gmail.com,1
KP300137,2026-03-11,CL,persona,3,1,142,,gmail.com,1
KP303002,18-05-2026,BR,persona,2,0,74,7,gmail.com,1
KP302159,19-11-2025,CL,persona,0,si,254,11,hotmail.com,1
KP302491,12-06-2018,CL,comercio_pequeno,1,1,2971,168,yahoo.com,0
KP303608,10/11/2021,CL,persona,3,1,1724,56,gmail.com,1
KP301153,28-07-2021,CL,persona,0,1,1829,192,,
KP304135,03-06-2018,CHILE,comercio_pequeno,3,si,2980,4,hotmail.com,1
KP301689,09/11/2020,CL,persona,0,1,2090,68,hotmail.com,
KP301961,21/09/2018,CL,Persona,2,1,2870,2,gmail.com,1
KP304618,12-02-2026,CO,persona,1,0,169,126,outlook.com,1
KP304878,09/02/2026,CL,persona,1,1,172,227,gmail.com,1
KP301653,2026-05-13,PE,individuo,2,1,79,271,kipu.cl,0
KP301261,14-08-2023,CL,persona,2,1,1082,135,icloud.com,1
KP302412,07/10/2022,CL,Persona,2,1,1393,213,gmail.com,1
KP302205,2021-07-18,CL,persona,2,1,1839,101,hotmail.com,1
KP300859,23/04/2024,Argentina,persona,2,0,829,16,hotmail.com,1
KP300140,06-02-2025,US,persona,2,0,540,246,outlook.com,1
KP301856,2022-04-01,CL,persona,0,1,1582,105,outlook.com,
KP302233,20/08/2022,CL,Persona,2,1,1441,11,outlook.com,1
KP300772,15/09/2020,CL,Persona,2,1,2145,14,yahoo.com,
KP303481,28/08/2018,CL,persona,2,,2894,58,kipu.cl,
KP302637,31/01/2019,CO,persona,2,0,2738,9,hotmail.com,1
KP304374,2026-07-22,CL,comercio pequeño,2,0,9,,hotmail.com,1
KP301190,15/05/2019,CL,persona,0,1,2634,1904,gmail.com,1
KP300692,07/07/2021,AR,persona,1,,1850,41,outlook.com,0
KP304921,2026-05-05,CL,persona,3,,-175,687,gmail.com,1
KP303143,21/12/2020,cl,PERSONA,1,1,2048,1329,hotmail.com,0
KP304530,2025-01-22,CL,persona,2,1,555,234,gmail.com,1
KP301347,11/06/2024,CO,persona,1,1,780,159,hotmail.com,1
KP302266,2025-04-27,Brazil,persona,2,0,-156,3,yahoo.com,1
KP302162,2021-11-08,CL,Persona,2,1,1726,130,kipu.cl,0
KP301024,21/09/2024,US,Persona,1,,678,238,gmail.com,1
KP304948,2021-12-25,Brasil,persona,3,no,1679,21,outlook.com,0
KP302190,2024-07-11, CL,persona,2,si,1369,140,hotmail.com,
KP302910,2024-09-03,CL,persona,3,si,696,714,icloud.com,1
KP300125,2026-06-23,CL,persona,2,1,38,78,gmail.com,
KP302169,28/02/2022,CL,persona,1,,1614,20,kipu.cl,1
KP304708,01/03/2022,CHILE,comercio_pequeno,2,1,-81,2599,icloud.com,
KP301890,21-08-2022,CO,persona,3,0,1440,4,outlook.com,0
KP304106,24/02/2025,CL,PERSONA,2,1,865,123,gmail.com,
KP303973,21-09-2024,CL,persona,1,1,1172,16,gmail.com,0
KP301166,06/09/2020,CL,PERSONA,2,1,2154,8,outlook.com,1
KP301883,06/10/2024,PE,persona,2,1,663,17,gmail.com,1
KP303315,2020-11-10,Perú,PERSONA,1,1,2089,200,icloud.com,1
KP300942,10-02-2022,chile ,PERSONA,1,0,1632,22,hotmail.com,0
KP300790,2022-01-26,PE,persona,0,1,1647,14,yahoo.com,1
KP300940,2023-05-10,cl,persona,3,0,1178,273,gmail.com,1
KP304240,2020-07-08,CL,persona,0,1,2214,3674,mailinator.com,1
KP302882,2022-07-31,cl,PERSONA,1,1,1461,137,outlook.com,
KP302811,29-06-2023,Chile,persona,1,1,1128,59,icloud.com,
KP301211,2019-12-17,CL,persona,2,1,2418,259,gmail.com,1
KP300939,15/09/2018,CL,comercio_pequeno,2,,2876,16,yahoo.com,1
KP302432,14-12-2022,Perú,persona,0,1,1325,251,outlook.com,1
KP304836,2023-05-12, CL,persona,2,,1176,260,yahoo.com,0
KP301168,08-11-2024,chile ,comercio pequeño,2,si,630,800,gmail.com,1
KP303864,20/03/2024,CL,persona,3,,1497,10,yahoo.com,
KP300643,2021-07-29,CL,persona,1,,1828,17,icloud.com,1
KP300786,2021-08-14,CL,comercio_pequeno,3,1,1812,249,yahoo.com,0
KP303121,30-09-2019,chile ,persona,0,,2496,2404,icloud.com,1
KP301580,11-07-2020,chile ,persona,3,0,2211,,kipu.cl,0
KP304319,09-12-2025,CL,persona,3,1,234,2634,gmail.com,
KP302134,2025-02-18,CL,Persona,3,1,528,153,outlook.com,1
KP302328,27/04/2022,CL,persona,2,1,1556,215,outlook.com,1
KP301464,31-08-2025,chile ,persona,3,0,334,509,icloud.com,1
KP301755,03-01-2021,CL,individuo,3,1,2035,17,kipu.cl,1
KP302138,29/03/2020,CL,persona,2,1,2315,,icloud.com,1
KP300410,18-03-2025,CHILE,persona,2,si,500,93,icloud.com,
KP300747,10-03-2019,CL,persona,1,1,2700,210,icloud.com,1
KP301613,24-05-2021,Argentina,Persona,2,1,1894,9,kipu.cl,0
KP303653,2018-12-16,CL,persona,0,0,2784,1714,,1
KP304105,03/12/2019,VE,persona,3,1,2432,196,yahoo.com,
KP303484,03/09/2022,Chile,PERSONA,2,0,1427,285,kipu.cl,1
KP300619,22/12/2025,Colombia,individuo,3,1,221,6,outlook.com,1
KP302925,2026-01-29,CL,comercio_grande,2,1,183,213,yahoo.com,1
KP304744,2025-09-06,CO,persona,1,1,328,14,icloud.com,1
KP302913,2020-01-11,CL,individuo,2,1,2393,,kipu.cl,1
KP300479,24/10/2018,CL,persona,2,1,2837,0,gmail.com,1
KP301744,2018-07-24,CO,persona,1,0,2929,1,yahoo.com,
KP303949,20/06/2021,Venezuela,Persona,1,0,1867,44,kipu.cl,1
KP303304,23-05-2024,CL,persona,2,,-75,7,yahoo.com,1
KP303086,19-12-2021,CL,persona,1,0,1685,288,gmail.com,0
KP301603,14/07/2023,CL,persona,2,1,1515,,kipu.cl,1
KP303825,2021-04-20,CL,persona,2,no,1928,11,gmail.com,1
KP300800,2019-09-23,CL,persona,2,0,2503,236,hotmail.com,
KP304468,2021-07-08,Nigeria,persona,1,1,1849,5,kipu.cl,1
KP302909,27-10-2019,CHILE,comercio_grande,3,,2469,2208,outlook.com,
KP302903,21-01-2022,CL,persona,2,1,2025,20,outlook.com,
KP302469,26-01-2023,CL,comercio_pequeno,2,1,1282,676,icloud.com,1
KP304694,20/02/2025,CL,Persona,2,1,526,184,hotmail.com,
KP303355,2018-11-05,CL,persona,2,1,2825,13,icloud.com,1
KP301721,2026-07-31,CL,individuo,1,1,0,8,gmail.com,
KP303758,18-09-2021,CL,persona,2,0,1777,2283,icloud.com,
KP302509,01/05/2023,CL,PERSONA,2,0,1187,4,kipu.cl,
KP301957,15/03/2023,CL,persona,2,si,1234,13,icloud.com,1
KP303466,2021-04-22, CL,pyme,1,,1926,3,icloud.com,1
KP303420,08/07/2025,CL,comercio_pequeno,2,0,388,65,outlook.com,
KP300339,20-02-2022, CL,persona,2,1,1622,2765,kipu.cl,
KP300753,28-01-2025,AR,Persona,1,1,549,1940,icloud.com,0
KP304867,09-07-2021,CL,persona,0,1,2522,142,kipu.cl,1
KP300237,17-05-2023,CL,persona,3,1,1171,1680,gmail.com,1
KP300126,20-12-2020,chile ,persona,1,0,2049,10,icloud.com,0
KP303326,09/08/2018,chile ,persona,3,,2913,65,gmail.com,1
KP303508,21-04-2024,CL,individuo,,1,831,187,yahoo.com,1
KP302137,07-06-2018,Peru,persona,0,1,2976,20,kipu.cl,1
KP301050,13/12/2019,CL,pyme,2,0,2422,495,hotmail.com,1
KP300385,04/08/2024,cl,persona,3,,726,299,gmail.com,1
KP301097,07-02-2023,CL,persona,3,1,1270,268,icloud.com,1
KP302140,20/03/2019,CHILE,persona,2,1,-29,3,hotmail.com,1
KP301590,24/10/2025,AR,comercio_pequeno,2,0,280,12,yahoo.com,0
KP301270,08-12-2020,CL,persona,1,no,2061,,kipu.cl,1
KP304532,08-08-2024,CL,comercio_pequeno,3,0,722,2823,kipu.cl,1
KP302967,11-08-2023,ARGENTINA,comercio_pequeno,1,si,1085,18,gmail.com,1
KP303514,2026-03-03,cl,comercio_pequeno,1,1,150,59,hotmail.com,0
KP302679,19/03/2026,Chile,PERSONA,3,0,134,214,icloud.com,0
KP303658,09-03-2020,CL,comercio_pequeno,1,no,2335,5,kipu.cl,0
KP300469,26-01-2024,PE,persona,2,1,917,2958,hotmail.com,1
KP302713,2024-12-08, CL,individuo,0,1,600,1272,yahoo.com,0
KP304225,13/07/2018,cl,Persona,3,0,2940,85,hotmail.com,1
KP300463,29-12-2025,CL,PERSONA,0,0,214,88,gmail.com,1
KP304661,01-08-2023,CO,Persona,0,1,1095,102,outlook.com,0
KP302522,27/09/2024,PE,individuo,3,si,672,3,kipu.cl,1
KP304410,2020-03-28,CL,PERSONA,1,1,2316,285,mailinator.com,1
KP304174,18-12-2025,CL,persona,1,1,225,85,kipu.cl,
KP300085,31-07-2026,Colombia,persona,1,1,0,245,kipu.cl,1
KP302828,08/04/2025,CL,Persona,2,1,479,1139,icloud.com,1
KP300985,2019-05-18,CL,persona,2,1,2631,51,gmail.com,
KP304685,28-04-2020,cl,persona,2,1,2285,2283,kipu.cl,0
KP304275,28-07-2025,CL,comercio_pequeno,3,0,368,11,yahoo.com,1
KP304356,21-01-2024,CL,comercio pequeño,2,1,922,12,icloud.com,0
KP304790,2023-01-19,CL,persona,1,,1289,11,10minutemail.com,1
KP301008,2020-04-04,CHILE,Persona,2,1,2309,0,gmail.com,0
KP301466,2019-05-09,CL,persona,3,no,3313,140,outlook.com,1
KP303454,20-12-2020,CL,persona,2,0,2049,7,kipu.cl,1
KP303187,03-12-2025,US,comercio_pequeno,2,no,240,36,outlook.com,0
KP301085,19-04-2021,CHILE,comercio_pequeno,0,1,1929,3561,hotmail.com,1
KP303983,2024-05-04,CL,persona,1,,818,57,kipu.cl,
KP301898,09/06/2023,CL,Persona,1,,1148,248,outlook.com,1
KP303030,11/06/2026,Chile,persona,2,0,50,3904,outlook.com,0
KP302770,2018-06-16,CL,Persona,2,1,2967,9,icloud.com,
KP304252,03/12/2020,CL,comercio_grande,3,1,2066,,kipu.cl,1
KP302768,18/09/2024,CHILE,comercio pequeño,2,,681,231,icloud.com,1
KP300384,15/10/2019,CL,persona,2,1,2481,138,kipu.cl,1
KP301950,07-05-2023,BR,PERSONA,0,0,1181,,yahoo.com,1
KP302607,31-10-2018,CL,persona,2,1,2830,158,kipu.cl,1
KP301296,2025-01-27,CL,Persona,2,1,550,,kipu.cl,1
KP303204,27-05-2023,CL,persona,2,1,1161,3440,hotmail.com,1
KP300856,15/04/2020,CL,persona,,no,2298,299,hotmail.com,1
KP304595,2025-12-07,CL,individuo,2,,236,251,yahoo.com,
KP303933,09/01/2022,CL,comercio_pequeno,2,1,1664,271,outlook.com,1
KP301205,18-12-2021,CL,Persona,2,1,1686,,gmail.com,1
KP301000,13/10/2025,CL,persona,2,1,291,,gmail.com,
KP303402,06/09/2023,cl,persona,2,1,1059,1963,icloud.com,1
KP303441,2021-02-21,USA,persona,3,,1986,6,kipu.cl,1
KP303685,15/03/2022,CL,persona,1,no,1599,3565,gmail.com,
KP304029,10/01/2025,CHILE,persona,3,0,567,12,hotmail.com,
KP302697,28-07-2021,cl,Persona,1,si,1829,759,hotmail.com,1
KP300580,11/11/2022,CL,persona,2,1,1358,287,outlook.com,1
KP300899,2024-03-08,CO,persona,3,no,875,11,hotmail.com,1
KP301165,17-09-2021,CL,PERSONA,3,,1778,72,hotmail.com,0
KP302095,31/08/2023,CL,comercio_grande,2,1,1065,0,hotmail.com,1
KP303823,2025-07-14,Chile,persona,2,0,382,220,gmail.com,
KP300624,03/09/2025,ARGENTINA,comercio_pequeno,2,,-135,181,hotmail.com,0
KP301090,17/10/2019,AR,Persona,2,1,2479,1816,yahoo.com,1
KP300850,31-03-2019,chile ,persona,2,no,2679,3073,yahoo.com,1
KP302710,12-04-2019,CL,persona,2,1,2667,3,,1
KP303513,09-03-2020,CL,comercio_pequeno,3,no,2335,187,yahoo.com,1
KP301620,10-01-2019,AR,persona,0,0,2759,142,,0
KP304197,10/04/2022, CL,comercio_pequeno,1,no,1573,2489,hotmail.com,1
KP300382,12-08-2024,CL,persona,2,1,718,233,gmail.com,
KP300191,19-03-2024,CL,persona,3,0,864,233,kipu.cl,1
KP302498,20/11/2019,BR,comercio_pequeno,1,0,2445,19,yahoo.com,
KP301020,07/08/2018, CL,persona,0,no,2915,135,kipu.cl,1
KP304705,28-11-2018,CL,individuo,2,,2802,3434,hotmail.com,0
KP300609,2026-05-28,CL,Persona,2,,64,0,yahoo.com,1
KP304306,08/10/2020,AR,persona,2,,2122,63,hotmail.com,
KP302109,20/06/2026,CL,persona,1,0,41,14,icloud.com,
KP300338,22/06/2024,CL,persona,3,,769,16,yahoo.com,
KP301539,22-10-2022,Peru,COMERCIO_PEQUENO,2,,1378,,gmail.com,1
KP302033,2021-02-22,Chile,PERSONA,2,1,1985,7,kipu.cl,1
KP301967,2024-12-19,Chile,persona,1,1,589,173,outlook.com,1
KP301934,2026-06-16,CL,persona,2,,45,225,,1
KP303193,22-05-2024,Chile,PERSONA,1,1,-66,3406,outlook.com,
KP302690,13-09-2024,CL,persona,2,1,686,11,kipu.cl,
KP303889,08/02/2020,CL,persona,2,1,2365,18,yahoo.com,0
KP301009,23-03-2025,CL,persona,2,0,495,64,kipu.cl,1
KP300022,22-07-2026,CL,comercio_pequeno,2,1,9,3,icloud.com,
KP301358,17/02/2024,CL,persona,1,1,895,126,hotmail.com,
KP300741,2022-08-23,CL,persona,2,si,1438,2299,guerrillamail.com,1
KP302392,11-11-2019,Rusia,persona,,0,2454,87,kipu.cl,0
KP301646,2023-11-01,chile ,comercio_pequeno,2,1,1003,6,mailinator.com,1
KP300333,2021-08-13,CL,persona,0,0,1813,15,kipu.cl,1
KP300505,2020-08-25,CL,persona,2,1,2166,237,gmail.com,0
KP302057,03/11/2018,chile ,Persona,2,1,2827,49,hotmail.com,1
KP302490,2023-03-06,CL,persona,2,1,1243,168,hotmail.com,1
KP304394,26/08/2024,US,persona,2,no,704,1016,outlook.com,1
KP301621,2021-05-20,CL,comercio_pequeno,3,si,1898,170,hotmail.com,1
KP303869,2023-09-21,chile ,Persona,,0,1044,2,gmail.com,0
KP303767,29-12-2018,CO,persona,2,0,2771,12,yahoo.com,0
KP304257,2025-03-27,CL,PERSONA,3,si,491,6,gmail.com,0
KP304706,17-07-2022,VE,comercio_pequeno,2,1,1475,2,kipu.cl,1
KP302534,03-12-2019,CL,persona,2,1,2432,270,hotmail.com,0
KP304742,07-03-2022,CL,comercio_grande,1,1,1607,18,icloud.com,1
KP304907,08/10/2019,CL,persona,1,0,2488,,yahoo.com,1
KP301994,05/03/2026,BRASIL,PERSONA,1,0,148,20,,
KP301862,2024-11-22,PE,persona,0,1,1042,219,yahoo.com,
KP301518,2024-02-28,CO,persona,1,1,884,105,hotmail.com,
KP301215,31-10-2019,CL,persona,0,1,2465,205,yahoo.com,
KP304705,28-11-2018,CL,individuo,2,,2802,3434,hotmail.com,0
KP301876,09/04/2026,CL,persona,1,0,-5,12,icloud.com,
KP300830,06/07/2021,Estados Unidos,persona,1,1,1851,3364,icloud.com,1
KP300673,2020-05-26,PE,persona,2,1,2257,1889,icloud.com,1
KP300257,02/02/2021,CL,persona,2,1,2005,2,kipu.cl,1
KP301791,2022-02-03,CL,individuo,2,1,1639,4,yahoo.com,1
KP301176,09-10-2019,CL,persona,1,1,2487,473,kipu.cl,1
KP301779,16/12/2023,cl,persona,1,1,958,1509,outlook.com,0
KP302036,17-11-2023,CL,comercio_pequeno,2,1,987,49,gmail.com,
KP301319,2020-04-08,chile ,persona,2,,2305,10,yahoo.com,1
KP304451,27/09/2020,CL,persona,1,1,2133,10,gmail.com,
KP302166,28-03-2019,CL,comercio_pequeno,1,1,2682,294,icloud.com,1
KP302761,01/04/2024,chile ,comercio_grande,3,1,851,253,outlook.com,
KP303982,11-05-2019,Chile,persona,1,,2638,10,yahoo.com,1
KP304579,2020-07-23,Venezuela,comercio_grande,1,1,2199,53,hotmail.com,
KP303387,2020-04-11,CL,persona,2,1,2681,165,outlook.com,
KP304952,06/06/2023,CL,PERSONA,1,1,1151,262,hotmail.com,
KP301826,2018-06-02,BR,persona,1,1,2981,235,gmail.com,
KP301529,26/10/2024, CL,persona,1,1,643,20,icloud.com,0
KP302820,08/09/2024,CL,persona,1,1,691,24,gmail.com,1
KP301227,25-08-2019,CL,persona,0,si,2532,3491,yahoo.com,
KP300855,08/11/2019,PERU,persona,2,no,2457,6,hotmail.com,1
KP303495,2018-08-05,US,persona,2,1,2917,2096,outlook.com,
KP302471,31/05/2023,VE,persona,2,1,1157,123,yahoo.com,1
KP302154,2021-12-02,RU,PERSONA,0,1,1702,125,kipu.cl,1
KP301008,2020-04-04,CHILE,Persona,2,1,2309,0,gmail.com,0
KP303843,2020-01-31,CL,individuo,1,1,2373,0,gmail.com,
KP301926,07-02-2021,Chile,persona,3,1,2000,291,hotmail.com,
KP303496,14/08/2023,chile ,persona,2,1,1082,287,gmail.com,0
KP302923,2026-07-27,NG,individuo,1,1,4,5,hotmail.com,1
KP300169,15-01-2023,CL,persona,1,1,1293,1717,gmail.com,1
KP301520,16/07/2024,CL,PERSONA,1,1,745,264,gmail.com,1
KP301307,2025-09-24,AR,persona,3,0,310,9,kipu.cl,1
KP302302,2023-12-03,CL,individuo,1,1,971,3,gmail.com,1
KP301439,01-04-2019,chile ,persona,0,1,2678,297,kipu.cl,0
KP301494,25-02-2027,CL,persona,2,1,0,,hotmail.com,1
KP301745,22/10/2025,CL,comercio_grande,2,1,282,,gmail.com,0
KP300514,2021-07-02,chile ,persona,1,1,1855,264,kipu.cl,1
KP300602,09/12/2020,CL,Persona,3,,2060,16,gmail.com,1
KP304490,02-10-2019,chile ,comercio_pequeno,1,1,2494,19,icloud.com,0
KP301732,2026-05-04,PE,persona,2,1,88,10,hotmail.com,0
KP304652,13-02-2023,CL,PERSONA,1,0,1264,131,yahoo.com,
KP301754,2021-08-28,CL,Persona,0,1,1798,2,icloud.com,1
KP303095,14/05/2021,CHILE,persona,1,,1904,15,kipu.cl,1
KP302186,2025-09-04,VE,comercio_pequeno,1,1,330,3079,icloud.com,0
KP303690,24-04-2022,CHILE,individuo,1,1,1559,1,hotmail.com,1
KP302861,19-10-2024,CL,comercio_pequeno,1,1,650,18,outlook.com,1
KP301572,28-06-2023,cl,persona,0,no,1612,262,gmail.com,1
KP304741,2024-07-20,CL,PERSONA,1,1,741,,yahoo.com,0
KP301454,2020-09-27,NG,persona,0,1,2133,5,gmail.com,
KP303838,2021-07-12,CL,comercio pequeño,2,1,1845,208,yahoo.com,1
KP303235,2024-12-24,CL,persona,1,si,1045,0,yahoo.com,0
KP303853,2020-03-14,CL,persona,0,0,2330,39,,1
KP302246,23/02/2025,CL,PERSONA,3,1,523,0,yahoo.com,1
KP301322,08-08-2024,CL,persona,,1,722,131,outlook.com,0
KP304766,25-08-2025,CL,persona,0,,-190,211,icloud.com,1
KP303031,22-10-2019,CHILE,Persona,3,0,2474,177,outlook.com,0
KP302554,02-12-2024,CL,Persona,1,1,606,102,kipu.cl,1
KP300079,2026-02-06,CL,comercio_pequeno,1,0,175,1045,kipu.cl,0
KP303682,2022-06-13,VE,persona,2,1,1509,107,kipu.cl,1
KP304546,2022-07-25,CHILE,persona,2,1,1467,106,outlook.com,1
KP302083,28-08-2024,cl,individuo,2,1,702,104,icloud.com,1
KP300122,2025-04-10,CL,PERSONA,3,0,477,40,hotmail.com,1
KP302238,24-11-2022,CL,persona,2,0,1345,2856,,1
KP301377,2024-03-20,CL,Persona,3,si,863,128,hotmail.com,1
KP303728,31-12-2020,BR,persona,1,,2038,247,icloud.com,0
KP300034,22/12/2025,CL,pyme,1,1,221,3039,,0
KP303672,10/08/2021,cl,PERSONA,3,si,1816,2755,yahoo.com,1
KP302877,2018-09-07,CL,comercio_pequeno,3,1,2884,1538,yahoo.com,0
KP304749,2024-10-22,CL,comercio_pequeno,3,0,647,11,yahoo.com,1
KP300549,27-10-2022,PE,persona,2,si,1373,15,gmail.com,
KP302344,2018-10-08,CL,persona,3,1,2853,12,yahoo.com,1
KP304848,13-07-2023,CL,persona,2,si,1114,245,icloud.com,
KP301908,08/08/2022,CL,individuo,3,1,1453,14,kipu.cl,0
KP302414,2025-01-03,Chile,persona,2,0,574,488,gmail.com,1
KP304721,30/03/2024,CL,persona,0,0,853,20,outlook.com,
KP302249,2020-08-12,CL,persona,0,,-124,12,yahoo.com,1
KP303051,26/04/2020,CL,persona,3,1,2287,15,outlook.com,
KP301293,2023-11-14,Perú,individuo,2,1,990,4,yahoo.com,0
KP302539,2021-08-23,BRASIL,persona,3,0,1803,2,outlook.com,
KP303836,2023-01-27,CL,comercio grande,1,0,1281,292,tempmail.io,1
KP304419,18/01/2024,Argentina,persona,1,1,925,131,hotmail.com,1
KP303587,29-05-2024,US,persona,2,,793,711,kipu.cl,0
KP302588,17-05-2026,CL,PERSONA,1,1,75,,icloud.com,1
KP304031,2024-07-24,CL,individuo,2,1,737,2428,hotmail.com,1
KP301057,06-08-2020,CL,persona,2,,2185,16,yahoo.com,1
KP303449,12-12-2019,Chile,persona,3,1,2423,166,yahoo.com,1
KP303357,22-12-2021,CL,individuo,3,,1682,88,gmail.com,
KP304627,12/09/2022,PERU,comercio_pequeno,1,si,1418,297,yahoo.com,
KP301201,29-11-2025,CL,persona,3,1,244,210,icloud.com,0
KP300099,07/03/2019,CL,comercio_grande,3,0,2703,16,guerrillamail.com,1
KP301410,30/09/2022,CL,individuo,2,,1400,19,,1
KP304729,2024-07-30,Chile,persona,0,1,731,,hotmail.com,1
KP303733,2024-10-23,CL,PERSONA,2,si,646,204,kipu.cl,0
KP301551,06/09/2020,CL,COMERCIO_PEQUENO,2,1,2154,266,kipu.cl,
KP302950,2026-05-19,CHILE,persona,1,1,73,72,hotmail.com,0
KP301591,02-06-2025, CL,persona,2,0,424,242,kipu.cl,
KP302046,19/06/2019,cl,persona,2,1,2599,0,outlook.com,1
KP300500,13/06/2020,CL,individuo,3,no,2239,145,icloud.com,
KP300945,09-08-2020,CL,persona,2,0,2182,0,icloud.com,1
KP304770,26-09-2019,CO,persona,2,1,2500,1939,hotmail.com,1
KP304314,15/07/2020,PE,persona,2,0,2207,8,kipu.cl,1
KP302120,12-08-2018,cl,persona,2,1,2910,18,yahoo.com,0
KP304100,2023-01-17,cl,persona,3,1,1291,19,gmail.com,
KP304014,2022-09-08,CL,persona,2,si,1422,115,hotmail.com,0
KP300233,2018-09-01,CL,comercio_grande,1,1,2890,126,hotmail.com,0
KP303665,19/04/2023,CL,pyme,0,1,1199,,outlook.com,0
KP304839,2019-12-10,Chile,comercio_pequeno,2,1,2425,0,outlook.com,1
KP304937,22-08-2023,CL,PERSONA,1,1,1074,57,hotmail.com,
KP300794,2025-09-30,BR,individuo,2,1,819,66,gmail.com,1
KP302470,15/07/2019,CL,persona,0,0,2573,19,hotmail.com,1
KP302940,11/02/2020,CL,persona,2,1,2362,243,guerrillamail.com,
KP301220,19-10-2024,CL,individuo,3,,650,35,hotmail.com,
KP304945,2020-07-26,BR,persona,1,1,2196,193,outlook.com,1
KP304617,26/10/2020,CL,Persona,2,1,2104,31,hotmail.com,1
KP301158,05-06-2018,CO,comercio pequeño,0,si,2978,10,icloud.com,1
KP301573,2026-01-11,PERU,persona,3,1,201,174,gmail.com,1
KP301692,2021-10-18,CL,PERSONA,0,1,1747,133,kipu.cl,1
KP302144,22/02/2025,chile ,individuo,3,,524,1,hotmail.com,1
KP304213,07/10/2023,BR,persona,1,1,1028,82,gmail.com,1
KP301880,12/06/2022,CL,persona,2,1,1510,1039,outlook.com,0
KP301167,23/11/2022,CHILE,persona,3,0,1346,0,kipu.cl,1
KP301679,02-08-2018,CL,persona,1,0,3484,191,hotmail.com,
KP303577,08-03-2024,CL,individuo,1,1,875,52,10minutemail.com,1
KP300340,09/06/2019,CHILE,persona,3,1,2609,222,hotmail.com,
KP301860,20-05-2020,CHILE,persona,0,1,2263,13,outlook.com,1
KP303971,2019-02-11,Chile,Persona,2,,2727,357,kipu.cl,0
KP302043,2024-12-03,VE,comercio_pequeno,2,0,605,20,hotmail.com,
KP303782,02-07-2026,CL,persona,3,,29,22,outlook.com,
KP300405,20-02-2019,CL,PERSONA,0,,2718,12,kipu.cl,
KP300504,31/08/2025,CL,comercio_pequeno,3,1,334,18,outlook.com,
KP302210,2022-09-08,Chile,persona,3,0,1422,194,,
KP302347,2026-02-09,cl,persona,1,0,172,3651,gmail.com,1
KP303793,2023-09-10,CL,persona,2,1,1055,89,outlook.com,0
KP303613,16-04-2020,CL,pyme,1,0,2297,201,gmail.com,0
KP302814,12/07/2021,CL,persona,2,1,1845,265,icloud.com,
KP300047,10/10/2025,US,persona,2,si,294,3980,yahoo.com,1
KP300057,09-02-2025,COLOMBIA,pyme,,0,537,7,hotmail.com,1
KP304805,18-09-2023,CL,persona,2,1,1047,198,hotmail.com,1
KP301681,01/07/2018, CL,persona,3,1,2952,185,yahoo.com,
KP302872,2025-06-20,AR,persona,2,0,406,7,outlook.com,0
KP301022,02/12/2020,CL,comercio_pequeno,1,1,2067,2628,gmail.com,0
KP304902,21/01/2025,chile ,comercio_pequeno,0,1,556,6,hotmail.com,1
KP302273,13-12-2021,CL,persona,,si,1691,3855,yahoo.com,1
KP304232,09-02-2024,CL,PERSONA,2,0,903,266,icloud.com,1
KP303118,20-10-2021,CL,persona,0,0,1745,56,hotmail.com,1
KP301476,2024-02-09,PE,comercio pequeño,0,0,903,64,,
KP303168,2018-06-08,CL,Persona,,1,2975,0,outlook.com,1
KP304393,2019-02-27,US,PERSONA,1,,2711,6,icloud.com,0
KP304834,14-05-2025,CL,persona,2,1,443,19,gmail.com,0
KP301113,16/06/2019,chile ,PERSONA,3,1,2602,25,icloud.com,0
KP303535,21-11-2025,CL,persona,2,1,252,111,yahoo.com,1
KP304884,2021-10-08,CL,pyme,2,,2102,20,outlook.com,1
KP301664,2019-04-26,Chile,Persona,0,1,2653,232,outlook.com,0
KP303380,14/05/2026,chile ,persona,-1,1,78,5,kipu.cl,1
KP301053,30/10/2023,CL,individuo,2,1,1005,239,kipu.cl,1
KP300808,09-08-2022,chile ,persona,2,1,1452,7,hotmail.com,1
KP304250,02/04/2019,CL,persona,2,si,2677,8,icloud.com,
KP301306,31-08-2021,CHILE,persona,2,1,1795,50,outlook.com,1
KP300213,2024-06-20,CL,persona,2,1,771,16,gmail.com,1
KP304759,20/02/2020,CL,persona,0,si,2353,1,kipu.cl,1
KP300540,2023-05-17,cl,persona,3,0,1171,126,icloud.com,1
KP301895,13-05-2025,CL,PERSONA,2,si,444,281,kipu.cl,1
KP302947,28-02-2024,Chile,individuo,0,1,884,14,gmail.com,1
KP304089,01-01-2022,PE,comercio_pequeno,1,1,1672,284,yahoo.com,0
KP301232,2023-04-26,CL,comercio_pequeno,2,1,1192,137,outlook.com,0
KP300780,2019-10-14,Chile,Persona,2,1,2482,6,outlook.com,
KP303704,19-09-2022,CL,persona,1,si,1411,2,gmail.com,0
KP303177,11-04-2019,CL,individuo,1,1,-2,12,icloud.com,1
KP302327,09-12-2022,cl,Persona,2,1,1330,11,outlook.com,
KP300964,22-11-2022,CL,PERSONA,3,1,1347,2285,outlook.com,1
KP304379,29-10-2019,CL,PERSONA,,1,2467,836,yahoo.com,1
KP303458,2019-08-22, CL,persona,1,1,2535,3432,gmail.com,1
KP304074,2018-10-17,CL,persona,2,1,2844,189,icloud.com,0
KP304716,2021-05-27,ARGENTINA,comercio_pequeno,2,1,1891,12,outlook.com,1
KP303561,01-07-2021,cl,persona,0,1,1856,2907,yahoo.com,1
KP300814,25/12/2022,chile ,persona,2,si,1314,15,icloud.com,1
KP304426,07/09/2024,chile ,persona,1,no,692,1705,kipu.cl,1
KP304846,19/03/2026,CL,persona,3,no,134,103,hotmail.com,1
KP304052,02/07/2021,CL,Persona,0,,1855,89,kipu.cl,0
KP304923,13-07-2021,CL,individuo,2,1,1844,,outlook.com,1
KP302097,2025-04-07,AR,persona,2,1,1375,0,outlook.com,1
KP300161,2023-05-10,PE,comercio_grande,2,0,1178,5,gmail.com,0
KP301104,2026-02-19,VE,persona,1,0,162,60,gmail.com,0
KP300954,2024-02-04,US,persona,2,1,908,195,hotmail.com,1
KP303412,15-01-2023,ARGENTINA,persona,-1,1,1772,75,hotmail.com,1
KP300026,21/04/2021,CO,comercio_pequeno,1,0,1927,3376,icloud.com,
KP302444,13-11-2023,CL,persona,3,0,991,2142,kipu.cl,0
KP303582,07-05-2021,CHILE,Persona,2,1,-174,133,yahoo.com,0
KP301944,2021-06-12,CL,comercio_pequeno,1,0,1875,2399,kipu.cl,1
KP300324,27-02-2019,CL,Persona,0,0,2711,,hotmail.com,1
KP304562,29-03-2024,VE,comercio_pequeno,1,1,854,15,hotmail.com,
KP304837,29/03/2023,chile ,comercio_pequeno,,0,1220,258,icloud.com,1
KP301524,12-07-2023,CL,Persona,0,0,1115,1976,outlook.com,1
KP302577,2023-10-15,CL,persona,2,,-43,1242,icloud.com,1
KP304188,2026-06-25,AR,persona,2,1,36,20,kipu.cl,0
KP304812,2018-06-07, CL,individuo,2,1,2976,310,hotmail.com,
KP301145,21/10/2024,CL,persona,2,0,648,274,yahoo.com,0
KP303509,2022-01-15,CL,persona,2,1,1658,196,hotmail.com,0
KP304680,18/12/2018,CL,comercio_pequeno,2,0,2782,7,outlook.com,
KP301563,07-01-2021,CL,persona,0,1,2031,11,gmail.com,
KP301897,06/09/2021,cl,persona,2,0,1789,1462,outlook.com,0
KP303956,19-08-2022,AR,persona,1,0,1442,257,icloud.com,1
KP304345,12/06/2026,CL,persona,1,1,49,122,yahoo.com,
KP302933,22/01/2019,USA,comercio_pequeno,1,0,2747,18,icloud.com,
KP302147,20-03-2020,CL,persona,3,1,2324,0,mailinator.com,1
KP302792,19/02/2024,VE,persona,2,1,893,3815,outlook.com,1
KP303899,2019-02-27,CL,Persona,2,1,3553,48,kipu.cl,1
KP303714,10/03/2023,BR,persona,2,1,1239,1599,gmail.com,1
KP300012,12/05/2020, CL,persona,0,1,2271,3287,gmail.com,1
KP302489,2020-07-30,CL,individuo,2,1,2192,3884,,0
KP304247,16/07/2018,Chile,PERSONA,0,1,2937,1291,kipu.cl,
KP301110,07/03/2019,cl,persona,1,1,2703,8,yahoo.com,
KP304794,05/09/2021,CL,Persona,2,,1790,154,gmail.com,1
KP304080,20-07-2018,CHILE,persona,3,1,2933,152,gmail.com,1
KP304462,2021-04-13, CL,persona,2,0,1935,11,kipu.cl,1
KP303630,27/10/2025,CL,comercio_pequeno,3,1,277,254,outlook.com,
KP304704,25/07/2019,Russia,comercio_pequeno,1,1,-51,1274,kipu.cl,1
KP302338,2022-03-17,AR,persona,0,,1597,14,yahoo.com,1
KP301742,07-05-2020,cl,PERSONA,1,1,2276,12,icloud.com,1
KP300612,2024-11-24,CL,persona,2,0,614,2301,gmail.com,1
KP303179,07-11-2020,CL,persona,1,1,2092,193,gmail.com,0
KP303683,22/06/2021,PE,persona,2,0,1865,109,kipu.cl,1
KP303129,2022-04-08,CL,PERSONA,3,1,1575,1414,hotmail.com,1
KP303919,24-04-2026,Chile,comercio_pequeno,3,0,98,18,icloud.com,1
KP302151,26-07-2020,CL,persona,1,1,2196,56,icloud.com,1
KP300948,10/09/2022,cl,persona,2,1,1420,11,icloud.com,1
KP303323,15/04/2019,CL,comercio_pequeno,,0,2664,,,
KP300346,2018-09-29,CHILE,comercio_pequeno,2,1,2862,1595,icloud.com,1
KP303918,03/09/2018,CL,PERSONA,3,1,2888,73,icloud.com,
KP304454,21-11-2019,CL,Persona,2,0,2444,53,guerrillamail.com,1
KP301456,10/01/2020,CO,persona,2,no,2394,92,hotmail.com,1
KP302251,15-04-2026,PE,persona,2,,107,133,kipu.cl,
KP302862,19-10-2023,CL,persona,1,0,1016,3413,outlook.com,0
KP301497,14/12/2021,cl,persona,1,si,1690,,yahoo.com,1
KP303896,15-03-2022,AR,persona,3,0,1599,2751,hotmail.com,0
KP301527,20-04-2022,US,persona,2,1,1563,30,hotmail.com,0
KP303627,17/02/2022,CL,persona,2,1,1625,9,icloud.com,1
KP302692,12/03/2026,CHILE,comercio_pequeno,2,1,141,85,outlook.com,1
KP300809,2023-01-09,CL,persona,0,,1299,14,icloud.com,
KP304083,2022-06-26,CL,comercio_pequeno,1,1,1496,,kipu.cl,1
KP300189,31-03-2023,Argentina,empresa,1,0,1218,135,outlook.com,0
KP304410,2020-03-28,CL,PERSONA,1,1,2316,285,mailinator.com,1
KP300037,2021-06-13,CL,persona,2,,1874,266,kipu.cl,1
KP303961,19/02/2024,cl,persona,1,no,1680,79,outlook.com,0
KP303361,29-08-2019,chile ,comercio_grande,2,1,2528,233,outlook.com,
KP303001,2022-08-05,CL,comercio_pequeno,1,0,1456,9,hotmail.com,1
KP302876,2020-03-15,PE,comercio pequeño,0,1,2329,195,icloud.com,1
KP302075,16-09-2020,Chile,persona,3,1,2679,196,hotmail.com,1
KP303626,11/10/2024,BR,persona,2,1,658,3,hotmail.com,1
KP300077,20/04/2026,CL,persona,0,,102,158,hotmail.com,
KP302217,07/06/2021,Brazil,comercio_pequeno,3,1,1880,1215,outlook.com,0
KP301299,2025-07-20,CL,persona,2,1,376,116,kipu.cl,0
KP301792,15-04-2020,Chile,comercio_pequeno,2,,2298,264,yahoo.com,1
KP300586,2024-02-28,CL,individuo,0,1,884,3,hotmail.com,1
KP301993,2020-06-30,Chile,persona,1,,2222,0,mailinator.com,0
KP303414,25-02-2019, CL,persona,3,0,2713,978,outlook.com,1
KP302889,2024-11-17,CL,persona,2,si,621,18,kipu.cl,
KP303566,27-02-2020,CL,persona,0,0,2346,110,kipu.cl,0
KP300187,2023-09-04,CL,persona,3,,1061,176,outlook.com,1
KP304658,06/05/2025,CL,persona,2,1,1335,163,gmail.com,1
KP303453,25/04/2022,CL,Persona,2,1,1558,23,gmail.com,1
KP301398,08-08-2019, CL,comercio_pequeno,1,1,2549,194,hotmail.com,
KP300368,10-03-2023,BR,Persona,2,no,1239,6,hotmail.com,1
KP303139,12-06-2026,CL,persona,3,1,49,210,hotmail.com,
KP300409,14-03-2019,cl,persona,2,1,2696,2855,hotmail.com,0
KP304192,2024-08-08,CL,PERSONA,1,1,722,13,kipu.cl,
KP304746,14/07/2021,CL,persona,2,0,1843,201,kipu.cl,1
KP303404,21/11/2022,CL,comercio_pequeno,3,1,1348,243,kipu.cl,1
KP303506,24/02/2025,CL,persona,2,no,522,71,gmail.com,0
KP303228,16/03/2021,CL,pyme,1,1,1963,4,tempmail.io,1
KP302772,2023-10-19,CL,persona,2,1,1016,0,hotmail.com,0
KP301663,2020-05-26,Brasil,comercio_grande,3,,2257,225,hotmail.com,1
KP300316,2018-08-16,Brasil,persona,2,1,2906,,kipu.cl,1
KP300909,14/09/2018,PE,persona,2,1,2877,197,yahoo.com,1
KP301305,2025-05-01,CL,Persona,2,no,456,159,gmail.com,1
KP300853,07-11-2024,CL,persona,2,0,631,278,outlook.com,1
KP304153,21/08/2020,CL,pyme,1,,2170,15,icloud.com,1
KP304974,22/10/2021,CL,persona,3,0,1743,185,gmail.com,0
KP303135,29/12/2025,BR,PERSONA,1,1,214,233,outlook.com,0
KP303689,14-01-2024,PE,persona,2,0,929,145,outlook.com,0
KP301808,28-05-2025,CL,comercio_pequeno,2,0,429,14,yahoo.com,1
KP301495,2023-06-30,CL,Persona,1,0,1127,18,kipu.cl,1
KP301458,28/05/2023,CL,persona,3,si,1508,1495,outlook.com,1
KP300695,16-03-2023,CL,individuo,2,1,2057,8,gmail.com,0
KP300133,2023-06-01,CHILE,comercio_pequeno,1,1,1156,177,gmail.com,1
KP300199,28/05/2024, CL,Persona,3,1,794,11,yahoo.com,0
KP304731,05/07/2019,cl,persona,1,1,2583,7,,0
KP301647,2019-04-03,CL,persona,1,1,2676,14,hotmail.com,0
KP303984,2018-08-18,CL,persona,2,0,2904,20,yahoo.com,
KP302658,07/04/2019,CL,persona,3,1,2672,1,icloud.com,1
KP302359,2023-01-25,Chile,persona,2,si,1283,6,icloud.com,0
KP303886,16/06/2018,CL,persona,1,1,2967,6,gmail.com,1
KP302114,10/02/2022,BR,persona,1,si,1632,3763,gmail.com,1
KP304305,27-04-2025,AR,persona,0,1,460,2963,outlook.com,1
KP302780,11/05/2023,CL,individuo,2,0,1177,290,gmail.com,1
KP301823,14/01/2019, CL,persona,3,1,2755,,hotmail.com,0
KP300478,17-06-2023,CL,COMERCIO_PEQUENO,2,1,1140,,hotmail.com,
KP304693,2024-03-27,CL,comercio_pequeno,1,0,856,10,gmail.com,1
KP302155,2019-04-01,BR,persona,2,1,2678,179,hotmail.com,1
KP303388,18-04-2026,CL,persona,2,,104,101,gmail.com,0
KP303485,27-07-2024, CL,individuo,,1,734,89,outlook.com,1
KP302542,25-07-2026, CL,persona,2,1,6,2,outlook.com,1
KP304324,2020-05-31,cl,comercio_pequeno,1,1,2867,3,yahoo.com,1
KP300508,19/05/2022,CL,persona,1,0,1534,,outlook.com,1
KP302625,07/05/2021,CL,persona,,1,1911,14,kipu.cl,1
KP303478,25-06-2024,chile ,persona,0,1,766,3433,yahoo.com,1
KP300717,19/09/2023,chile ,individuo,1,1,1046,9,yahoo.com,1
KP303719,2022-11-27,CL,persona,2,1,1342,8,hotmail.com,1
KP302837,22/10/2025,CL,persona,2,0,282,246,kipu.cl,1
KP300244,20/07/2026,CL,Persona,0,0,11,19,icloud.com,1
KP302263,28/09/2018,CL,comercio pequeño,2,,2863,13,,1
KP303124,2023-01-13,CL,PERSONA,2,0,1295,,gmail.com,1
KP303742,11/06/2026,CL,individuo,0,no,50,,gmail.com,1
KP300581,02-12-2023,CL,persona,1,1,972,,outlook.com,1
KP303288,21-11-2018,CL,persona,1,1,2809,226,icloud.com,1
KP303544,11-02-2020,BR,individuo,1,0,2362,2,yahoo.com,1
KP303644,14/08/2025,CHILE,comercio_pequeno,1,1,351,2108,hotmail.com,1
KP301276,23-03-2019,AR,persona,1,1,2687,0,,0
KP304924,23/05/2020,CL,persona,2,1,2260,18,hotmail.com,1
KP300492,14-04-2020,CL,persona,2,1,2714,11,icloud.com,1
KP302848,21/10/2020,CL,persona,2,0,2109,97,outlook.com,
KP304057,06-02-2020,CL,persona,3,1,2367,46,gmail.com,1
KP303565,28-04-2024,CL,persona,2,1,824,8,hotmail.com,
KP300159,2024-10-04,CL,persona,2,0,665,252,gmail.com,1
KP304034,09-04-2021,BR,persona,2,0,1939,203,gmail.com,1
KP302264,15/06/2024,CL,persona,1,0,776,8,icloud.com,1
KP303465,2022-10-27,CL,PERSONA,2,1,1373,14,kipu.cl,0
KP304320,29/10/2019,ARGENTINA,PERSONA,1,1,2467,2961,hotmail.com,0
KP303182,04/01/2022,CL,comercio_pequeno,2,1,1669,208,outlook.com,0
KP304844,15/09/2020,CL,persona,2,1,2145,5,gmail.com,1
KP300019,2024-02-18,CL,COMERCIO_PEQUENO,2,no,894,191,outlook.com,1
KP301037,20-05-2022,CL,persona,2,1,1533,0,outlook.com,1
KP303401,18-12-2018,PE,persona,3,0,2782,255,kipu.cl,1
KP300538,22-05-2021,CL,persona,0,si,1896,3789,gmail.com,
KP302562,07-09-2020,ARGENTINA,persona,2,1,2153,246,kipu.cl,0
KP301477,2023-06-28,chile ,persona,3,1,1129,17,hotmail.com,
KP303308,19-06-2018,Venezuela,Persona,2,0,3670,171,hotmail.com,
KP303265,2024-07-20,AR,comercio_pequeno,2,1,741,9,icloud.com,0
KP301229,2019-04-22,CO,persona,2,1,2657,225,gmail.com,1
KP301204,2021-02-08, CL,persona,1,1,1999,1,kipu.cl,1
KP301386,2021-02-24,CL,comercio_pequeno,0,,1983,3,outlook.com,0
KP301194,13-07-2018,CL,persona,1,0,2940,218,tempmail.io,0
KP300236,2024-12-15,chile ,Persona,3,1,593,2693,gmail.com,0
KP304432,03/06/2018,CL,PERSONA,2,0,2980,117,yahoo.com,1
KP302699,2018-09-07,CL,comercio_grande,2,1,2884,0,gmail.com,1
KP303713,2026-04-30,CL,individuo,0,0,-45,3,yahoo.com,1
KP302010,22/06/2021,CL,Persona,3,1,1865,190,hotmail.com,1
KP301943,09/02/2023,AR,persona,2,1,1268,3867,icloud.com,1
KP300458,11-06-2026,chile ,persona,2,si,50,,gmail.com,
KP301129,29/04/2024,AR,PERSONA,3,0,823,,yahoo.com,0
KP303407,04/07/2022,CL,persona,2,1,1488,3748,outlook.com,1
KP303970,02-04-2021,CL,persona,2,si,1946,95,gmail.com,
KP303945,2020-11-19,CL,persona,3,1,2080,2,icloud.com,1
KP303795,18-11-2024,CL,persona,1,1,620,10,yahoo.com,1
KP301264,2024-05-01,CL,persona,2,0,821,265,hotmail.com,1
KP300112,08/01/2026,CL,individuo,1,0,204,6,hotmail.com,0
KP304822,17/02/2020,Perú,comercio_grande,0,1,2356,3569,hotmail.com,1
KP304337,20/06/2019,CL,persona,2,0,2598,,yahoo.com,1
KP301924,28-08-2025,CL,comercio_grande,2,0,337,759,kipu.cl,1
KP301780,22/08/2021,chile ,persona,3,1,1804,19,hotmail.com,1
KP304543,2026-02-21,CL,persona,2,1,160,16,tempmail.io,1
KP300953,11/06/2018,BR,Persona,2,0,-10,230,outlook.com,1
KP300231,2026-01-02,CL,PERSONA,2,0,210,17,outlook.com,0
KP303952,24-04-2023,CL,individuo,2,1,1194,129,yahoo.com,1
KP303855,2019-10-23,CL,persona,2,0,2473,68,outlook.com,1
KP301945,02-07-2026,chile ,persona,2,1,29,82,yahoo.com,1
KP300764,15/04/2025,US,persona,2,si,472,0,hotmail.com,1
KP301965,11/04/2025,CL,persona,3,1,476,16,outlook.com,
KP303904,23-10-2021,CL,persona,0,,1742,17,gmail.com,0
KP301711,20-08-2025,RU,persona,3,1,345,1915,gmail.com,0
KP301638,07/05/2023,CL,comercio pequeño,1,0,1181,6,icloud.com,1
KP304046,28/01/2020,chile ,persona,0,0,2376,1639,hotmail.com,1
KP300393,05/01/2019,RU,PERSONA,1,1,2764,2144,yahoo.com,
KP300230,2023-05-05,CHILE,persona,2,0,1183,2,kipu.cl,1
KP303959,23-12-2021,CL,Persona,1,si,1681,14,yahoo.com,1
KP300647,14/10/2023,CL,Persona,2,0,1021,1714,icloud.com,
KP300530,2022-03-03,CL,comercio_grande,1,0,1611,0,kipu.cl,
KP300686,20/05/2020,VE,persona,3,1,2263,3994,hotmail.com,0
KP300518,2021-07-19,cl,persona,1,1,1838,58,yahoo.com,1
KP301163,2023-07-02,CL,comercio_pequeno,2,0,1125,20,yahoo.com,0
KP301309,30/10/2024,CL,persona,0,,639,1934,,1
KP304538,25/05/2020,Chile,Persona,-1,si,2258,2,yahoo.com,0
KP301089,2021-01-17,CL,persona,1,no,-87,59,hotmail.com,1
KP303425,17/11/2021,CL,PERSONA,0,,1717,11,hotmail.com,
KP303532,02/05/2019,CHILE,PERSONA,2,1,2647,8,kipu.cl,0
KP302760,15-07-2020,chile ,persona,2,1,2207,2,outlook.com,0
KP301016,2022-06-30,CHILE,persona,3,si,1492,2,yahoo.com,1
KP300228,16/05/2026,chile ,persona,2,si,76,,kipu.cl,0
KP301361,2025-04-03,Argentina,persona,1,1,-126,26,icloud.com,1
KP304461,2019-01-30,CL,comercio_pequeno,2,1,2739,71,icloud.com,1
KP303467,2021-07-04,CL,comercio_grande,2,1,-114,215,icloud.com,1
KP304567,2019-04-01,CL,comercio_pequeno,2,1,2678,31,gmail.com,1
KP302805,06-07-2025,CL,persona,1,1,390,3,outlook.com,1
KP301804,04/07/2025,AR,persona,1,1,392,107,outlook.com,1
KP304634,05-02-2021,chile ,persona,0,1,2002,1550,kipu.cl,1
KP304624,19/04/2019,BR,persona,1,,2660,8,yahoo.com,0
KP303900,2026-01-03,CL,PERSONA,3,,209,65,hotmail.com,1
KP303957,12-12-2020,PE,persona,1,,2057,3275,guerrillamail.com,1
KP302357,2018-12-11,PERU,persona,2,0,2789,1055,gmail.com,0
KP301091,25-10-2018,PE,persona,2,no,2836,3176,yahoo.com,1
KP304038,27-04-2022,CL,pyme,3,0,1556,230,gmail.com,0
KP300994,08/12/2023,CL,persona,0,,966,2881,,
KP301937,2024-02-12,chile ,persona,2,1,900,24,gmail.com,
KP303605,20-11-2021,CL,persona,1,1,1714,94,hotmail.com,
KP304906,29/09/2021,CL,comercio_pequeno,2,1,1766,13,outlook.com,0
KP302901,2023-02-17,PE,persona,0,,1260,11,gmail.com,1
KP304040,02-05-2019, CL,persona,2,1,2647,143,icloud.com,
KP304647,17-01-2025,CHILE,persona,2,1,560,244,kipu.cl,0
KP304425,12/12/2023,CL,persona,3,0,962,298,hotmail.com,1
KP303098,19/03/2022,Chile,persona,3,si,1595,0,kipu.cl,0
KP303600,2023-04-04,CL,persona,1,1,1214,292,gmail.com,
KP301931,16/06/2022, CL,PERSONA,2,1,1506,211,10minutemail.com,1
KP302218,2025-09-18,chile ,PERSONA,0,1,316,9,yahoo.com,1
KP303245,2026-07-02,CL,persona,2,0,29,89,10minutemail.com,
KP302481,2022-12-28,chile ,persona,0,,1311,19,outlook.com,1
KP304159,2025-01-22,US,persona,2,1,555,3832,hotmail.com,1
KP303396,13-06-2025,CHILE,persona,3,0,413,48,outlook.com,0
KP300407,2023-11-27,CL,comercio_pequeno,-1,si,977,155,outlook.com,0
KP300788,2022-02-14,CL,comercio_pequeno,2,si,2488,458,gmail.com,
KP301513,02-03-2025,chile ,PERSONA,2,1,516,10,outlook.com,1
KP301671,2022-01-25,CL,persona,1,1,1648,51,yahoo.com,1
KP303634,13-04-2022,CL,comercio_pequeno,1,1,1570,17,yahoo.com,1
KP303367,23-12-2018,CL,persona,0,no,2777,258,gmail.com,0
KP303111,09/01/2023,BR,individuo,3,,1299,10,outlook.com,0
KP303787,28/04/2019,CL,PERSONA,,no,2651,258,hotmail.com,1
KP302275,25-05-2020,chile ,persona,2,0,2258,3626,yahoo.com,0
KP303551,01/07/2023,CL,Persona,0,0,1126,1524,,
KP303790,2024-02-26,CL,individuo,2,1,886,9,outlook.com,
KP302612,08/08/2018,BRASIL,Persona,1,si,2914,210,kipu.cl,1
KP301157,26/09/2019,CL,persona,2,1,2500,213,yahoo.com,
KP303271,2019-07-25,CL,persona,3,,2563,2,gmail.com,1
KP302895,02/09/2019,CL,persona,1,1,2524,255,icloud.com,0
KP300894,2023-05-21,Chile,persona,3,,1167,285,gmail.com,0
KP303347,21/10/2021,Chile,comercio_pequeno,2,1,1744,2,kipu.cl,1
KP302574,15-09-2021,CL,persona,1,0,1780,190,yahoo.com,1
KP303470,2023-06-22,CL,persona,2,0,1135,1668,icloud.com,0
KP301019,03-05-2024,AR,persona,2,,819,289,icloud.com,0
KP303221,23-06-2022,CL,persona,,no,1499,0,icloud.com,0
KP304020,24/08/2023,CL,individuo,2,0,1072,296,yahoo.com,
KP300090,01-07-2025,PE,persona,0,,395,16,yahoo.com,1
KP303932,2022-10-30,CL,persona,1,0,1370,277,hotmail.com,1
KP302061,16/05/2026,CL,persona,2,0,76,29,yahoo.com,0
KP300757,18/09/2018,CL,Persona,2,1,2873,0,outlook.com,1
KP301325,2024-03-14,CL,comercio_pequeno,1,1,869,2554,10minutemail.com,1
KP300646,15-04-2024,CO,persona,3,1,837,1832,outlook.com,0
KP303015,01/10/2024,CL,PERSONA,3,1,668,20,gmail.com,
KP300355,2023-01-06,CL,PERSONA,2,0,1302,2740,icloud.com,1
KP304302,22-07-2025, CL,comercio_pequeno,2,1,374,20,gmail.com,
KP300598,26-10-2025,chile ,persona,1,1,677,,icloud.com,1
KP301713,28-07-2022,Chile,persona,2,0,1464,3,,1
KP303775,25/10/2025,CL,persona,0,0,279,0,icloud.com,
KP303822,15-11-2024,CL,persona,1,si,623,242,icloud.com,1
KP301355,10-12-2024,CL,individuo,2,1,752,274,outlook.com,
KP303170,2019-10-02,CL,persona,,0,2494,3170,gmail.com,1
KP304599,2023-07-14,cl,persona,0,1,1113,3630,guerrillamail.com,1
KP301902,2019-01-30,PERU,persona,1,si,2739,122,gmail.com,
KP301645,04-08-2024,CL,persona,2,0,726,228,outlook.com,0
KP300755,24/08/2018,chile ,Persona,1,0,3736,217,hotmail.com,
KP304868,28-03-2027,CL,persona,2,si,0,20,guerrillamail.com,1
KP300920,20-10-2024,CL,persona,3,0,649,128,outlook.com,0
KP303650,28-06-2019,CL,individuo,1,si,2590,288,outlook.com,0
KP300038,13-01-2026,CL,persona,2,0,199,5,kipu.cl,1
KP303950,2025-10-13,Brazil,Persona,3,1,291,,outlook.com,
KP301729,02-03-2020,AR,Persona,,1,2342,154,yahoo.com,1
KP304747,31/01/2026,Chile,pyme,2,1,-111,100,outlook.com,1
KP300760,19/04/2020,CL,comercio_pequeno,1,1,2294,31,kipu.cl,1
KP300105,10/02/2022,CL,persona,-1,no,1632,49,kipu.cl,1
KP301372,2024-10-08,Rusia,individuo,2,1,1205,73,yahoo.com,0
KP301794,2024-08-22,Colombia,PERSONA,0,,708,98,icloud.com,1
KP300027,2019-11-03,BRASIL,persona,0,si,2462,195,kipu.cl,1
KP300001,31-03-2024,US,persona,0,0,852,126,icloud.com,0
KP303301,07-09-2021,CL,comercio_grande,3,1,1788,3871,kipu.cl,0
KP302586,29/08/2019, CL,persona,2,1,2528,0,outlook.com,1
KP301246,2024-06-20,CL,COMERCIO_PEQUENO,2,,771,10,icloud.com,0
KP301734,30-10-2018,cl,persona,1,,2831,99,outlook.com,1
KP302231,2024-03-13,CL,persona,0,1,870,42,icloud.com,1
KP300229,2020-12-25,chile ,persona,2,0,2044,179,hotmail.com,1
KP302634,11-12-2018,CL,PERSONA,1,1,2789,10,yahoo.com,0
KP303912,25-04-2023,CL,comercio_pequeno,2,,1193,1623,kipu.cl,0
KP300933,02-09-2020, CL,persona,2,1,2158,,hotmail.com,1
KP303885,24-11-2022,CL,PERSONA,3,si,1345,211,outlook.com,0
KP300101,17-04-2021,cl,PERSONA,2,1,1931,220,,0
KP301031,18/02/2023,CL,persona,2,si,1259,226,guerrillamail.com,
KP303260,2021-10-25,CL,persona,2,,1740,235,outlook.com,0
KP300329,2019-12-28,CL,persona,2,,2407,196,mailinator.com,1
KP304053,26/05/2023,CL,persona,2,0,1162,0,gmail.com,1
KP304114,05/05/2020,ARGENTINA,persona,2,1,2278,88,yahoo.com,1
KP301511,09-05-2019, CL,persona,3,no,2640,315,gmail.com,1
KP303264,29/01/2022,CL,persona,3,1,1644,223,gmail.com,0
KP301695,03/03/2019,CL,comercio_pequeno,3,si,2707,17,icloud.com,0
KP302153,2021-04-06,CL,comercio_grande,2,,1942,17,gmail.com,0
KP304968,07/11/2020,CL,persona,2,1,2092,19,yahoo.com,1
KP300807,23/12/2023,CHILE,persona,2,si,1534,1860,yahoo.com,0
KP301388,2024-10-06,PE,persona,2,1,663,16,10minutemail.com,0
KP300666,21-09-2018,VE,persona,1,1,2870,1247,kipu.cl,1
KP301328,2021-02-05,Chile,persona,1,no,2002,,yahoo.com,0
KP301656,04-12-2019,PERU,persona,3,no,2431,156,tempmail.io,0
KP304307,2022-09-11,Brazil,comercio_pequeno,0,1,1419,11,mailinator.com,
KP300776,2026-04-14,CL,persona,2,1,794,120,outlook.com,1
KP301728,11-01-2026,CL,persona,2,0,906,0,hotmail.com,1
KP304227,02-07-2021,chile ,comercio_pequeno,2,no,1855,99,guerrillamail.com,0
KP301043,2020-03-06,CL,persona,2,1,2338,2838,gmail.com,0
KP303185,2024-04-20,Chile,persona,1,1,832,75,outlook.com,
KP301391,15-02-2022,ARGENTINA,persona,2,no,1627,10,hotmail.com,1
KP300806,03/10/2023,CHILE,PERSONA,2,1,1032,290,kipu.cl,0
KP301540,17-09-2023,CL,persona,2,0,1048,2799,outlook.com,
KP304802,2024-08-17,Chile,persona,0,,713,13,kipu.cl,1
KP304497,15/11/2018,CL,persona,1,1,2815,5,hotmail.com,0
KP302149,03/10/2022, CL,persona,2,0,1397,3253,icloud.com,0
KP304180,2023-10-23,CL,COMERCIO_PEQUENO,1,0,1012,65,kipu.cl,1
KP301803,03/05/2022,CL,PERSONA,3,1,1550,8,outlook.com,1
KP303008,18/11/2020,CL,persona,1,,2081,7,,1
KP303055,2021-09-17,CL,comercio_grande,1,1,1778,250,gmail.com,1
KP302337,19-12-2018,Chile,COMERCIO_PEQUENO,2,0,-154,62,yahoo.com,0
KP300594,2022-01-27,cl,persona,1,0,2201,1246,kipu.cl,1
KP302943,16/11/2020,CL,individuo,2,1,2083,0,kipu.cl,1
KP300679,14/03/2020,CL,comercio_pequeno,3,no,2330,79,yahoo.com,1
KP302079,2020-11-16,CL,PERSONA,1,1,2851,229,gmail.com,
KP304329,2021-05-29,CL,persona,2,si,1889,0,yahoo.com,1
KP304613,2018-07-11,CL,persona,1,1,2942,51,outlook.com,1
KP300440,2024-10-28,Chile,persona,2,1,641,3,yahoo.com,0
KP304996,2019-08-06,CL,persona,2,1,2551,2692,icloud.com,1
KP304758,2022-10-19,Chile,persona,1,0,1381,74,kipu.cl,1
KP304625,2025-07-01,CL,comercio_pequeno,1,1,395,2,icloud.com,
KP301548,29-05-2025,CL,PERSONA,2,,603,1377,yahoo.com,0
KP301351,2018-12-09,CL,persona,2,0,2791,1656,icloud.com,
KP303948,05-08-2018,CL,comercio_grande,2,0,3111,3,kipu.cl,0
KP300745,07-02-2024, CL,Persona,3,1,905,267,hotmail.com,
KP301052,2023-12-06,CL,persona,3,1,968,1390,outlook.com,1
KP300180,23/10/2024,CL,comercio_pequeno,2,1,646,3878,yahoo.com,0
KP302201,19-02-2024,CL,persona,2,1,893,12,yahoo.com,
KP303826,06/02/2022,CL,persona,3,0,1636,162,,0
KP302371,23/10/2024,CL,persona,1,1,646,2,kipu.cl,1
KP302325,03/09/2025,CL,individuo,2,0,331,0,hotmail.com,0
KP304659,09-06-2021,CL,persona,2,1,2444,,gmail.com,
KP302378,2019-08-15,CL,Persona,3,0,2542,140,hotmail.com,1
KP300003,16/02/2023,CL,persona,1,1,1261,9,kipu.cl,0
KP300204,06-01-2021,CL,persona,2,1,2032,47,outlook.com,1
KP301344,02/12/2018,CL,PERSONA,3,,2798,16,outlook.com,1
KP301636,21/10/2022,CL,PERSONA,3,si,1379,74,outlook.com,0
KP300171,14/09/2024,CL,persona,3,,685,222,hotmail.com,1
KP302847,2025-01-15,CL,persona,3,,562,290,outlook.com,1
KP304761,27/06/2020,CL,PERSONA,1,,2225,,gmail.com,0
KP303138,24-05-2020,CHILE,persona,2,,2259,5,icloud.com,1
KP303482,09-05-2022,CO,persona,3,0,1544,282,kipu.cl,1
KP302118,29/09/2023,CL,persona,1,,1036,265,gmail.com,1
KP304339,28/03/2019,cl,comercio_pequeno,0,0,2682,4,hotmail.com,
KP300555,26/04/2019,NG,persona,1,0,2653,227,,1
KP303229,29-06-2024,Chile,persona,1,1,762,1264,yahoo.com,0
KP303105,2021-08-04,BR,PERSONA,1,1,1822,7,gmail.com,1
KP300968,2020-02-28,chile ,persona,2,0,2345,2034,icloud.com,1
KP301417,18-04-2025,Brasil,individuo,1,1,469,1582,hotmail.com,0
KP303423,2023-01-10,CL,persona,2,si,1298,275,icloud.com,0
KP302416,2024-06-27,CL,persona,2,1,764,11,yahoo.com,1
KP302031,2026-07-31,Argentina,persona,0,1,0,2,kipu.cl,1
KP302436,03-11-2020,CL,persona,1,no,2546,1,kipu.cl,1
KP302590,01-07-2020,AR,persona,1,0,2221,,gmail.com,1
KP304147,02/06/2023,CL,persona,0,,1155,1912,icloud.com,1
KP300878,23/01/2021,Chile,individuo,3,1,2015,2047,outlook.com,1
KP301440,2024-04-05,ARGENTINA,Persona,3,1,1275,239,kipu.cl,
KP304078,2018-12-20,CHILE,persona,2,1,2780,1433,gmail.com,1
KP302366,2023-09-24,CL,persona,1,1,1041,228,yahoo.com,1
KP301538,26-07-2019,CL,persona,1,1,2562,30,icloud.com,1
KP301560,25-11-2019,Argentina,persona,2,1,2440,18,yahoo.com,0
KP301326,2022-10-17,AR,persona,2,0,1383,13,kipu.cl,1
KP302601,15/09/2019,CL,persona,2,no,2511,11,hotmail.com,0
KP302400,17/04/2021,CL,PERSONA,2,1,1931,1140,kipu.cl,0
KP303612,30/06/2026,CL,persona,3,no,31,2393,kipu.cl,1
KP303891,06/05/2019,CL,persona,0,1,2643,58,gmail.com,
KP304773,11-10-2021,chile ,persona,2,1,1754,156,hotmail.com,1
KP300751,2024-08-24,CHILE,individuo,1,0,706,267,gmail.com,1
KP302962,22-03-2024,Russia,comercio_pequeno,2,1,861,3013,outlook.com,
KP301140,19-07-2019,Brazil,persona,2,1,2569,0,yahoo.com,1
KP300201,2023-08-28,CL,comercio_grande,3,1,1068,,outlook.com,
KP304779,17-02-2019,RU,persona,1,1,2721,117,kipu.cl,
KP302750,23/06/2025,CL,individuo,2,1,403,1050,icloud.com,
KP303810,23-09-2022,CL,persona,2,1,1407,0,outlook.com,1
KP302700,13/11/2020, CL,persona,3,0,2086,264,icloud.com,
KP302192,24/03/2025,CL,persona,2,0,494,12,icloud.com,1
KP301005,20/07/2019,CL,PERSONA,1,0,2568,16,outlook.com,
KP300320,05-09-2018,CL,PERSONA,2,0,2886,1941,kipu.cl,1
KP301077,2020-07-29, CL,PERSONA,1,0,2193,76,guerrillamail.com,0
KP301941,2024-06-19,CL,Persona,2,1,-1,16,outlook.com,
KP303799,2018-06-25,Brazil,persona,3,1,2958,232,hotmail.com,
KP301428,2021-04-28,CL,persona,2,1,1920,156,hotmail.com,1
KP304035,2022-03-11,CL,comercio_grande,1,1,1603,2204,kipu.cl,1
KP302600,16-07-2022,CL,persona,2,si,1476,162,kipu.cl,1
KP300947,19-08-2018,CL,PERSONA,3,1,2903,2,icloud.com,1
KP304963,19/01/2026,CL,persona,0,si,193,241,icloud.com,1
KP300129,04-06-2018,CL,persona,3,si,2979,258,yahoo.com,1
KP302107,2025-04-05,PE,COMERCIO_PEQUENO,2,si,482,21,yahoo.com,0
KP302873,29-01-2024,Chile,comercio_grande,1,1,1062,3641,gmail.com,
KP304372,2023-06-04,CHILE,persona,1,,1153,69,hotmail.com,1
KP300874,2018-09-22,CHILE,persona,0,,2869,10,kipu.cl,0
KP303254,2026-05-26,CL,comercio pequeño,2,0,66,0,hotmail.com,0
KP300461,2022-10-20,CL,persona,1,1,1380,204,icloud.com,1
KP304593,10-12-2021,cl,persona,1,,1694,150,outlook.com,
KP300681,14/09/2019,PE,PERSONA,2,1,2512,934,outlook.com,0
KP304267,09/08/2019,CL,Persona,1,1,2548,90,gmail.com,0
KP300714,27-02-2023,NG,persona,1,0,1250,603,yahoo.com,0
KP304452,21-09-2021,NG,persona,2,si,1774,18,gmail.com,1
KP301360,15-02-2019,VE,persona,3,0,2723,8,kipu.cl,1
KP303448,13/12/2025,CL,persona,2,1,230,1271,kipu.cl,0
KP304280,14/08/2021,Chile,persona,2,1,1812,224,yahoo.com,1
KP300015,2022-10-02,CL,persona,0,1,1398,2,,0
KP301851,09/02/2021,CL,individuo,3,1,1998,2544,gmail.com,1
KP304525,2023-03-18,PE,comercio_pequeno,2,1,1950,,kipu.cl,
KP303219,02/01/2025,CL,persona,2,0,575,20,hotmail.com,1
KP303527,30/05/2021, CL,PERSONA,2,1,1888,3414,gmail.com,1
KP304555,22-11-2021,Chile,Persona,3,1,1712,9,hotmail.com,1
KP303136,17-07-2021,CL,Persona,2,0,1840,2250,hotmail.com,1
KP301492,31-10-2020,CL,pyme,3,1,2099,1974,gmail.com,1
KP300072,2026-03-24,CL,PERSONA,,1,526,116,hotmail.com,1
KP302316,04/02/2020,CL,pyme,2,1,2369,,kipu.cl,1
KP303578,2021-11-24,chile ,persona,2,1,1710,2728,gmail.com,1
KP303938,10/05/2021,CL,persona,3,1,1908,40,outlook.com,1
KP301252,12/06/2020,CL,persona,3,1,2240,1596,icloud.com,1
KP303548,2018-06-19,ARGENTINA,persona,2,1,2964,11,kipu.cl,1
KP302100,2022-04-12,CL,persona,2,0,2453,126,outlook.com,1
KP303897,2023-01-05,CL,persona,2,1,1303,20,icloud.com,1
KP301998,21/10/2018,CL,persona,2,0,2840,136,kipu.cl,1
KP300690,12/07/2023,CL,Persona,2,0,1115,249,icloud.com,
KP303491,16-12-2023,BR,persona,0,1,958,3452,outlook.com,0
KP302754,01/02/2026,CHILE,persona,1,si,180,1284,hotmail.com,1
KP303469,06-11-2025,CHILE,persona,0,1,267,289,gmail.com,1
KP301975,2023-09-21,cl,persona,0,0,1044,120,hotmail.com,1
KP301191,06-01-2025,PE,comercio_pequeno,2,1,571,0,icloud.com,
KP304823,02/12/2021,Colombia,COMERCIO_PEQUENO,1,1,1702,2692,outlook.com,0
KP301384,03/04/2022,CL,comercio_pequeno,0,0,1580,20,hotmail.com,1
KP300860,18/11/2023,CL,persona,1,1,986,3,kipu.cl,1
KP300040,15-10-2019,CL,persona,1,1,2481,30,gmail.com,
KP300840,04/06/2025,NG,persona,2,1,422,8,outlook.com,
KP302195,05-06-2021,AR,PERSONA,1,0,1882,,tempmail.io,1
KP304139,13/07/2023,VE,persona,3,1,1114,50,icloud.com,1
KP302415,2024-09-13,CL,persona,2,1,686,,icloud.com,0
KP300013,11/07/2023,CO,persona,0,si,1116,1704,kipu.cl,
KP300167,21-07-2018,AR,PERSONA,0,1,2932,8,yahoo.com,1
KP300517,2020-02-22,CL,comercio pequeño,1,1,2351,,kipu.cl,0
KP301785,2020-12-06,cl,comercio_pequeno,0,0,2564,3,yahoo.com,0
KP302580,2022-03-27,Chile,persona,2,1,1587,0,gmail.com,0
KP300424,18-06-2025,Chile,persona,2,1,521,140,kipu.cl,0
KP304437,2020-05-15, CL,persona,-1,1,-114,,hotmail.com,1
KP304254,2020-03-08,chile ,persona,3,1,2962,236,yahoo.com,1
KP302987,27-08-2025,CL,COMERCIO_GRANDE,0,1,338,12,gmail.com,0
KP300472,20-01-2021,Argentina,persona,,0,2018,2538,outlook.com,1
KP304873,2019-04-18,PE,comercio_pequeno,0,0,2661,,hotmail.com,1
KP300558,19-03-2020,Chile,Persona,2,1,2325,122,kipu.cl,1
KP304880,04/05/2020,CL,persona,1,1,2279,3813,outlook.com,0
KP300086,2022-05-16,CL,persona,2,0,1537,222,,1
KP303349,2025-07-26,CL,PERSONA,2,1,370,21,kipu.cl,1
KP304594,2022-09-01,CL,persona,2,1,1429,2832,outlook.com,1
KP303549,05-10-2024,CL,comercio_pequeno,1,1,664,166,outlook.com,0
KP304637,25-06-2021,CHILE,comercio_pequeno,1,si,1862,1999,hotmail.com,1
KP303662,21/06/2025,US,PERSONA,2,,405,0,kipu.cl,0
KP303734,05-02-2023,CHILE,Persona,,0,1272,13,kipu.cl,
KP302793,30/08/2019,Perú,persona,-1,1,2688,78,outlook.com,
KP302541,2023-12-24,CL,persona,2,si,950,13,kipu.cl,1
KP300443,31/08/2019,cl,persona,2,1,2526,1978,kipu.cl,1
KP302492,2020-10-29,CL,persona,2,0,2101,237,kipu.cl,0
KP301301,04-09-2025,CHILE,persona,,,330,29,kipu.cl,1
KP302024,2027-03-29,CL,persona,1,1,0,11,yahoo.com,
KP302518,04/10/2019,Chile,persona,1,1,2492,230,yahoo.com,
KP300669,2024-05-27,CL,comercio_pequeno,1,,795,241,icloud.com,1
KP303631,11-12-2022, CL,persona,1,1,1328,9,icloud.com,0
KP300020,2020-05-18,chile ,persona,1,0,2265,81,kipu.cl,
KP300080,2021-01-21,CL,persona,0,0,2017,104,outlook.com,1
KP301547,30/11/2024,PE,PERSONA,2,si,608,128,icloud.com,1
KP303042,2025-05-24,PE,PERSONA,2,1,433,138,,1
KP304908,11/01/2020,CL,persona,2,1,2393,1,yahoo.com,1
KP301978,01-08-2022,CL,persona,2,1,1460,297,gmail.com,1
KP300838,16-02-2021,CO,persona,1,1,1991,7,outlook.com,0
KP303242,12/04/2025, CL,comercio_grande,3,0,475,1389,kipu.cl,1
KP303028,01/11/2019,CL,persona,2,0,2464,11,icloud.com,1
KP303137,09/03/2023,chile ,persona,,no,1240,72,kipu.cl,1
KP303583,2019-05-02,CL,Persona,2,si,2647,175,hotmail.com,0
KP301608,14/01/2024,CL,persona,-1,1,929,147,icloud.com,1
KP303937,07-12-2020,CL,persona,2,si,2062,2535,yahoo.com,1
KP302184,2021-10-27,ARGENTINA,individuo,2,si,1738,232,gmail.com,1
KP301412,2024-06-19,CL,persona,3,1,772,,kipu.cl,1
KP302247,23/10/2021,CL,pyme,0,1,1742,171,icloud.com,1
KP300879,2023-04-18,CL,PERSONA,0,0,1200,11,outlook.com,1
KP300551,2024-09-22,chile ,comercio_grande,1,1,677,3435,hotmail.com,1
KP302870,25/02/2019,CL,persona,0,0,2713,15,hotmail.com,1
KP301865,2023-09-13,CO,persona,,0,1052,53,gmail.com,1
KP302803,06/03/2020,cl,comercio_pequeno,2,0,2338,13,yahoo.com,1
KP303936,2020-07-09,CL,comercio_pequeno,2,1,2213,17,icloud.com,0
KP302054,2019-06-05, CL,comercio_pequeno,1,0,2613,3943,hotmail.com,1
KP303766,2026-06-10, CL,Persona,3,1,51,201,yahoo.com,1
KP301770,2023-09-29, CL,persona,2,1,1206,1336,icloud.com,
KP303362,2021-11-11,Chile,persona,3,0,1723,299,gmail.com,1
KP302200,15/12/2024,Rusia,persona,1,0,593,266,tempmail.io,1
KP300445,18-12-2019,Argentina,persona,1,0,2417,1761,gmail.com,1
KP303258,29-05-2026,cl,persona,1,1,63,18,icloud.com,1
KP300901,19-10-2022,chile ,persona,2,si,1381,255,yahoo.com,1
KP301160,11-08-2018, CL,persona,3,si,3606,268,mailinator.com,1
KP302439,10-08-2023,CL,persona,1,si,1086,17,yahoo.com,1
KP300186,09-07-2026,VE,Persona,2,1,22,239,yahoo.com,1
KP303831,29/07/2025,CL,pyme,2,1,367,2309,gmail.com,0
KP302944,2019-11-03,Russia,persona,2,1,2462,112,gmail.com,
KP304184,15-06-2022,CL,persona,3,si,1507,2989,hotmail.com,1
KP302648,2019-07-02,Chile,individuo,2,1,2586,3718,outlook.com,0
KP302093,28/02/2023,CL,persona,1,0,1249,201,icloud.com,1
KP300693,21/08/2025, CL,persona,2,0,344,231,outlook.com,1
KP301404,2019-02-13,CHILE,comercio_pequeno,2,1,2725,,icloud.com,1
KP304264,2025-02-28,cl,persona,2,0,518,70,gmail.com,
KP303820,2025-12-03,RU,persona,-1,0,240,24,outlook.com,0
KP303363,11-04-2026,Brasil,comercio_pequeno,2,no,111,139,outlook.com,0
KP301938,2018-12-06,CL,persona,2,1,2794,3971,hotmail.com,0
KP303850,16/06/2019,CL,persona,2,0,2602,136,kipu.cl,1
KP301159,2025-10-31,CHILE,PERSONA,2,si,-24,37,kipu.cl,
KP304797,06-02-2021,CL,persona,2,,2001,8,gmail.com,1
KP302566,03-08-2018,CL,persona,3,,2919,137,gmail.com,0
KP302187,04/10/2021,CL,PERSONA,1,0,1761,4,hotmail.com,1
KP300907,11-07-2018,CL,persona,1,,2942,259,yahoo.com,
KP301127,2022-03-14,CL,persona,2,si,1600,,gmail.com,0
KP303534,10/05/2020,CHILE,comercio_pequeno,2,,2273,533,outlook.com,1
KP302853,2022-06-27,AR,persona,2,1,1495,,yahoo.com,0
KP302076,23/07/2022,chile ,persona,2,1,1469,1023,gmail.com,1
KP303036,10/02/2023,cl,persona,1,1,1267,19,kipu.cl,1
KP301400,05/06/2018,CL,individuo,2,0,2978,224,icloud.com,0
KP303025,28/04/2023,CL,persona,2,0,1190,278,hotmail.com,1
KP303803,2024-02-14,CHILE,PERSONA,2,0,898,,yahoo.com,1
KP302185,09-08-2022,CHILE,individuo,,1,1452,17,icloud.com,
KP301712,28-05-2024,CL,persona,3,1,794,3099,yahoo.com,1
KP303943,2024-03-17,CL,individuo,3,si,866,12,outlook.com,1
KP301882,2018-06-07,CL,persona,1,1,2976,454,kipu.cl,1
KP301235,14-02-2020,CL,persona,3,1,2359,4,gmail.com,1
KP304293,2020-12-19,chile ,PERSONA,2,1,2050,269,kipu.cl,1
KP302952,06-08-2018,Chile,individuo,2,1,3392,17,icloud.com,
KP301705,2021-01-20,PE,persona,2,,2018,62,icloud.com,
KP302353,20-02-2019,Chile,persona,2,,2718,294,gmail.com,1
KP304397,17-12-2025,cl,comercio_pequeno,1,si,226,129,outlook.com,1
KP301763,2023-07-13,cl,persona,0,si,1114,253,outlook.com,1
KP302906,22-09-2019,chile ,Persona,1,,2504,251,yahoo.com,0
KP302851,02/03/2024,CO,persona,2,si,881,2872,outlook.com,
KP302624,05-07-2026,CL,persona,0,0,26,170,outlook.com,1
KP304094,26-01-2023,AR,persona,0,1,1282,11,gmail.com,0
KP300716,2018-07-13,chile ,Persona,0,1,2940,3893,gmail.com,
KP303525,2022-03-31,Chile,comercio pequeño,2,0,1583,7,hotmail.com,1
KP304592,2020-09-09,CL,Persona,3,no,2151,33,outlook.com,1
KP300600,12/08/2020,CO,Persona,3,1,2179,250,icloud.com,1
KP303521,2019-03-19,CL,individuo,1,,2691,971,hotmail.com,1
KP303126,2020-11-02,CL,persona,2,0,2097,39,kipu.cl,0
KP301996,2022-09-10,CHILE,persona,-1,1,-129,2580,yahoo.com,1
KP302843,2023-06-17,CL,individuo,2,1,1140,87,gmail.com,0
KP301114,24-01-2024,CL,comercio grande,1,1,919,0,hotmail.com,1
KP301188,17/09/2025,PE,persona,3,1,317,195,gmail.com,0
KP304660,01-07-2025,CL,Persona,-1,,395,276,,
KP300004,08-02-2022,CL,persona,2,1,1634,66,hotmail.com,0
KP301555,2023-02-25,US,comercio_pequeno,0,0,1252,60,hotmail.com,0
KP303214,2018-09-14,RU,comercio_pequeno,2,0,2877,1500,yahoo.com,1
KP300436,16-11-2021,CL,persona,2,1,1718,1766,yahoo.com,1
KP304248,2019-02-28,BR,persona,1,0,2710,18,outlook.com,1
KP303911,28/06/2023,CL,persona,1,,1129,223,kipu.cl,1
KP304395,21/06/2021,CL,persona,1,0,1866,241,outlook.com,1
KP300305,2024-12-16,CL,persona,2,0,592,217,icloud.com,
KP302881,12/03/2022,PE,persona,3,,1602,2546,gmail.com,0
KP300750,30/06/2019,CL,persona,2,0,2588,85,kipu.cl,1
KP301335,21-05-2023,US,comercio_pequeno,1,,1167,139,icloud.com,
KP301429,2018-08-27,CL,persona,2,0,2895,,hotmail.com,0
KP303302,2024-11-20,CL,comercio_grande,3,1,618,2,,0
KP303311,2023-07-17,CHILE,persona,3,0,1110,261,icloud.com,1
KP304021,06/07/2023,Argentina,persona,1,0,1121,18,yahoo.com,
KP303314,13/10/2018,CL,persona,1,1,2848,1938,kipu.cl,0
KP304085,2021-11-19,PE,persona,1,1,1715,230,icloud.com,
KP302886,12/01/2021,CL,persona,0,0,2811,7,yahoo.com,1
KP302451,20-06-2018,Chile,comercio_pequeno,2,0,2963,2572,kipu.cl,1
KP304879,14-04-2025,CHILE,persona,1,1,473,3650,hotmail.com,
KP301027,01-09-2025,CL,persona,1,1,333,11,hotmail.com,0
KP303763,25/07/2018,chile ,persona,2,1,2928,206,kipu.cl,1
KP302993,18-10-2023,CL,Persona,1,1,1017,362,outlook.com,1
KP300258,02/08/2023,VE,persona,3,0,1094,217,icloud.com,1
KP304460,09/11/2025,CL,persona,1,si,264,7,kipu.cl,
KP304672,23/02/2021,AR,persona,2,1,1984,978,gmail.com,0
KP303923,03-03-2020,CL,PERSONA,2,,2341,1613,outlook.com,0
KP301373,2020-11-20,CL,persona,1,1,2079,0,hotmail.com,
KP302960,18/02/2026,CL,COMERCIO_GRANDE,3,,-39,81,icloud.com,0
KP304517,28/07/2025,CL,persona,2,,368,112,kipu.cl,1
KP302888,16/04/2026,CL,persona,3,1,106,0,hotmail.com,0
KP302759,10/06/2025,CL,persona,1,1,416,25,gmail.com,1
KP300421,2018-09-08,CL,PERSONA,1,0,2883,9,yahoo.com,1
KP302885,27/05/2020,Chile,comercio_pequeno,1,1,2256,3578,gmail.com,0
KP303071,2025-11-14,CL,comercio_pequeno,3,1,259,73,outlook.com,1
KP304715,30/01/2023,cl,persona,1,1,1278,202,hotmail.com,0
KP303780,04/06/2021,CL,persona,2,,1883,159,tempmail.io,0
KP302737,16/01/2020,CL,comercio_pequeno,0,no,2388,277,kipu.cl,
KP300274,2022-03-05,cl,persona,2,,1609,3681,icloud.com,
KP304929,14/12/2023,CL,persona,0,no,960,81,10minutemail.com,0
KP302020,02-07-2019,PERU,PERSONA,0,si,2586,3286,yahoo.com,0
KP304669,14-05-2022,PE,persona,0,no,1539,145,10minutemail.com,
KP302317,13/05/2021,BR,persona,3,1,1905,48,gmail.com,
KP303854,02/08/2021,Venezuela,persona,2,1,1824,40,yahoo.com,
KP304285,2024-04-06, CL,persona,3,1,1417,254,hotmail.com,0
KP304985,12-07-2025,CL,persona,2,1,384,923,kipu.cl,0
KP304961,21-11-2025,BR,persona,3,1,252,,kipu.cl,1
KP300671,13-04-2021,CHILE,empresa,2,1,1935,106,hotmail.com,
KP301936,2025-09-05,BR,comercio_grande,0,1,329,12,hotmail.com,1
KP304512,2022-11-11,CL,Persona,2,0,1358,201,gmail.com,1
KP300110,20-08-2025,CO,persona,0,1,345,3693,gmail.com,1
KP304587,23/06/2022,CO,Persona,3,1,2003,,yahoo.com,1
KP300590,26-11-2021,CHILE,persona,1,1,1708,18,icloud.com,0
KP304590,2020-11-30,Argentina,individuo,2,1,2069,171,kipu.cl,1
KP300392,10-05-2024,CL,persona,0,,812,14,gmail.com,1
KP300851,07/05/2020,CHILE,pyme,3,0,2276,143,outlook.com,1
KP303486,02/05/2024,USA,individuo,2,0,820,1772,yahoo.com,0
KP303166,2018-08-22,CL,Persona,2,0,2900,17,outlook.com,1
KP303081,26-11-2021,CL,persona,3,no,2486,6,kipu.cl,1
KP301894,2022-06-18,NG,persona,3,no,1504,16,kipu.cl,0
KP302461,16-11-2022,CL,persona,1,1,1353,,gmail.com,1
KP300839,15/10/2024,CL,persona,2,0,654,217,,
KP301677,29/04/2026,PE,persona,2,1,93,164,kipu.cl,0
KP304439,2021-06-19,chile ,persona,2,0,1868,1916,outlook.com,1
KP300536,2025-06-30,CL,persona,3,1,396,186,yahoo.com,1
KP302363,16/04/2020,CL,persona,,1,2297,290,icloud.com,1
KP302044,2024-08-18,RU,comercio_pequeno,3,1,712,,hotmail.com,0
KP301673,20-09-2022,CL,persona,2,no,1410,10,yahoo.com,1
KP302531,18-04-2025,CL,persona,3,1,469,1,yahoo.com,1
KP304789,24-08-2020,CL,comercio_pequeno,0,no,2167,19,hotmail.com,1
KP300087,2025-02-26,CL,persona,1,no,520,3,outlook.com,1
KP302171,19-09-2018,CL,comercio_grande,1,1,2872,287,yahoo.com,0
KP300535,12/03/2024,CL,comercio_pequeno,1,1,871,19,yahoo.com,1
KP302297,03/07/2023,CL,Persona,0,no,1635,0,hotmail.com,0
KP304268,2026-04-06,chile ,persona,1,,116,13,outlook.com,1
KP304809,13-09-2024,CL,individuo,1,1,686,0,gmail.com,1
KP304075,2023-11-25,CL,persona,2,,979,20,gmail.com,1
KP303837,27/12/2018,CL,persona,0,1,2773,7,hotmail.com,1
KP301984,03-05-2021,cl,persona,3,1,1915,0,outlook.com,1
KP304777,22/03/2023,CL,individuo,0,0,1227,49,hotmail.com,1
KP303421,26-01-2020,CL,comercio_pequeno,2,0,2378,5,hotmail.com,
KP303752,30/05/2019,NG,Persona,1,1,2619,,kipu.cl,
KP304702,09/09/2020,CL,persona,2,1,2151,122,icloud.com,
KP301625,25/02/2023,CL,COMERCIO_GRANDE,2,1,1252,245,icloud.com,1
KP301806,19-07-2026,CL,persona,,0,342,228,outlook.com,1
KP301473,2020-01-30,US,persona,0,0,2374,10,yahoo.com,1
KP304655,09-10-2021, CL,comercio_pequeno,2,1,1756,160,gmail.com,0
KP304113,26-10-2019,CL,persona,2,1,2470,9,icloud.com,
KP303747,07/02/2020,Chile,persona,2,0,2366,18,gmail.com,1
KP304486,20-05-2026,CL,empresa,3,0,72,281,hotmail.com,1
KP301185,2026-02-14,CL,persona,3,0,167,136,hotmail.com,1
KP302322,25/06/2022,Chile,comercio_grande,2,si,1497,251,icloud.com,0
KP301333,2019-10-30,CL,persona,2,,2466,18,gmail.com,1
KP304097,03/02/2024,CL,persona,1,si,909,3445,gmail.com,1
KP301083,23-12-2019,CL,individuo,3,1,2797,108,icloud.com,
KP303237,09/05/2024,AR,individuo,2,1,813,133,icloud.com,1
KP300736,21/09/2022,CHILE,persona,3,si,1409,12,yahoo.com,1
KP301013,2020-12-04,CO,persona,3,0,2065,19,yahoo.com,1
KP301489,11/05/2019,RU,persona,2,si,2638,224,hotmail.com,0
KP301574,20/04/2024,CL,individuo,,1,832,2986,yahoo.com,1
KP300709,22-08-2021,AR,individuo,2,1,1804,172,gmail.com,1
KP304905,2023-07-04,CL,individuo,1,1,1123,154,gmail.com,1
KP300148,2025-07-30,BRASIL,comercio_grande,0,1,366,289,gmail.com,1
KP300816,06-06-2019,AR,individuo,1,0,3100,2729,gmail.com,0
KP301067,03-05-2019,CL,individuo,1,0,2646,,gmail.com,1
KP302225,21-06-2020,COLOMBIA,persona,3,1,2231,282,icloud.com,0
KP303814,14/02/2021,CL,comercio_pequeno,2,1,1993,3827,icloud.com,0
KP300620,30-12-2020,CL,persona,1,1,2039,52,icloud.com,1
KP300650,23-01-2021,CL,individuo,2,1,2132,2156,outlook.com,0
KP303156,02/06/2020,AR,persona,0,1,2250,251,kipu.cl,1
KP302846,12/01/2026, CL,persona,0,0,200,0,gmail.com,0
KP304616,03/10/2020,Estados Unidos,persona,2,0,2127,266,kipu.cl,1
KP304584,05/01/2023,CL,persona,3,no,1303,2,kipu.cl,1
KP301962,2023-10-04, CL,COMERCIO_PEQUENO,2,,1031,11,icloud.com,0
KP303066,2023-05-10,CL,COMERCIO_PEQUENO,1,0,1178,116,hotmail.com,0
KP304086,2022-08-09,CL,persona,2,1,1452,50,outlook.com,0
KP302050,06-03-2020,CL,COMERCIO_GRANDE,1,1,2338,10,icloud.com,1
KP303846,25-07-2019,CL,persona,2,1,2563,9,yahoo.com,1
KP303020,09/05/2020,CL,persona,2,1,2274,,,
KP303894,01/06/2025,CL,Persona,3,1,425,13,outlook.com,1
KP303801,2025-05-15,Venezuela,persona,2,1,442,2573,kipu.cl,1
KP302742,13/04/2025,CL,persona,2,1,474,102,yahoo.com,1
KP302661,19/05/2019, CL,persona,0,1,2630,,outlook.com,1
KP301841,2026-01-28,CL,persona,2,1,184,147,yahoo.com,0
KP300153,2021-10-06,CL,Persona,0,1,1759,10,kipu.cl,1
KP300018,16-07-2025,CL,persona,2,1,546,8,icloud.com,1
KP304551,2018-12-04,CL,persona,2,0,2796,176,yahoo.com,1
KP303120,2018-09-05, CL,persona,2,0,3617,278,mailinator.com,1
KP303595,18/07/2025,CL,persona,2,,378,2,kipu.cl,
KP304081,2020-08-03,CL,persona,1,1,2188,3009,kipu.cl,1
KP302123,07/09/2020,CL,persona,2,1,2153,168,icloud.com,
KP303503,16-12-2021, CL,comercio_grande,1,0,1688,1512,outlook.com,1
KP301818,08-07-2023,CL,persona,1,0,1119,4,icloud.com,1
KP304023,18-07-2022,CL,comercio_pequeno,3,0,1474,,,
KP302955,2020-03-28,CL,persona,2,1,2316,10,hotmail.com,1
KP303183,2024-02-19,CL,PERSONA,2,1,893,12,hotmail.com,1
KP301095,12/12/2019,cl,persona,2,0,3097,269,icloud.com,1
KP304230,21-11-2022,CL,persona,2,1,1348,60,icloud.com,1
KP300873,13-07-2021,CL,persona,2,1,2725,7,kipu.cl,
KP304278,25-01-2021,CL,COMERCIO_PEQUENO,0,1,2013,243,gmail.com,1
KP304782,18/02/2024,CL,comercio pequeño,2,1,894,272,kipu.cl,1
KP304915,28-08-2023,CL,pyme,1,1,1068,220,gmail.com,1
KP302167,15-04-2021,RU,Persona,0,0,2063,1147,hotmail.com,0
KP302994,2018-08-18,CL,COMERCIO_PEQUENO,1,1,2904,1,yahoo.com,
KP300928,08/01/2020,chile ,persona,3,0,2396,48,kipu.cl,1
KP303537,10-02-2023,CL,persona,3,1,1267,1571,icloud.com,1
KP301368,2020-11-28,CL,persona,0,0,2071,3,outlook.com,1
KP302504,2021-03-14,ARGENTINA,persona,1,1,1965,256,gmail.com,1
KP303110,19/03/2024,CL,persona,2,1,864,0,10minutemail.com,0
KP301449,23-03-2022,CL,persona,3,0,1591,155,outlook.com,1
KP304960,10/01/2022,CL,persona,2,0,1663,2831,yahoo.com,1
KP303798,2026-04-06,CL,pyme,2,1,116,1996,outlook.com,1
KP303350,2023-01-31, CL,individuo,2,si,1277,119,gmail.com,0
KP303148,2023-03-10,CL,comercio_pequeno,2,no,1239,3,yahoo.com,0
KP302177,28-01-2019,PE,persona,-1,0,2741,18,outlook.com,1
KP301437,15/11/2018,CL,persona,2,,2815,52,hotmail.com,
KP301207,2021-11-10,CL,individuo,1,si,1724,1,hotmail.com,1
KP303294,12-08-2025,cl,Persona,2,1,830,45,hotmail.com,1
KP304453,17/08/2020,AR,persona,3,1,2174,84,yahoo.com,
KP302462,16-05-2023,CHILE,persona,2,1,1172,176,hotmail.com,0
KP301049,14/07/2018,CL,persona,2,no,2939,5,gmail.com,1
KP300439,10/04/2021,CL,comercio pequeño,2,,1938,9,outlook.com,
KP304520,2022-12-11,CHILE,PERSONA,1,0,1328,81,kipu.cl,1
KP302370,28/05/2019,CL,persona,2,1,2621,122,yahoo.com,1
KP301885,07/05/2026,Brasil,persona,2,1,85,296,outlook.com,1
KP303327,2022-04-08,CL,Persona,1,0,1575,7,yahoo.com,
KP303965,2019-03-03,CL,persona,2,no,2707,7,kipu.cl,0
KP303641,29-10-2023,CL,persona,3,si,1006,278,outlook.com,0
KP301812,18/09/2019,CL,PERSONA,3,1,2508,15,mailinator.com,1
KP302128,18-09-2018,CL,persona,2,si,-186,203,hotmail.com,1
KP300696,2024-05-20,CL,persona,2,,802,16,icloud.com,1
KP302077,16-01-2025,CL,persona,0,1,561,282,,1
KP300471,2021-12-03,Brazil,individuo,1,si,1701,9,yahoo.com,1
KP300707,07/07/2022,chile ,persona,3,no,2276,260,hotmail.com,1
KP302389,14/07/2023,CL,persona,1,1,1113,281,yahoo.com,
KP301364,2020-05-21,Colombia,individuo,2,1,2262,221,icloud.com,1
KP303643,13-11-2021,CL,persona,3,1,1721,149,yahoo.com,1
KP302078,29-07-2022,CL,persona,1,1,1463,38,hotmail.com,0
KP302540,19/08/2021,AR,comercio_pequeno,2,0,1807,272,kipu.cl,1
KP300787,2024-11-27,USA,individuo,1,0,611,142,yahoo.com,0
KP302502,2021-05-27,CL,persona,1,0,1891,91,hotmail.com,0
KP304322,2018-10-08, CL,Persona,2,1,2853,627,kipu.cl,1
KP301658,18/12/2024,PE,persona,1,1,1466,49,gmail.com,1
KP301586,08-07-2019,PE,individuo,2,1,3194,13,,0
KP304942,2024-04-21,CL,persona,2,1,831,0,yahoo.com,1
KP302773,2019-05-25,Brazil,persona,2,1,2624,672,yahoo.com,
KP304894,02-06-2019,chile ,individuo,0,1,2616,828,outlook.com,0
KP303492,2026-05-20,BR,persona,3,no,72,190,kipu.cl,1
KP301411,23-06-2019,CL,persona,1,1,2595,14,kipu.cl,1
KP304665,11/03/2024,chile ,PERSONA,2,no,872,3556,yahoo.com,0
KP304067,2020-05-02,cl,persona,2,1,2281,18,mailinator.com,1
KP304586,2026-04-28,COLOMBIA,persona,0,si,-40,15,mailinator.com,
KP302776,2021-05-26,CL,comercio_grande,0,si,1892,38,yahoo.com,0
KP301920,03-04-2023,CHILE,persona,1,1,1215,3148,hotmail.com,
KP301759,2023-12-28,CHILE,individuo,1,,946,2455,gmail.com,1
KP303356,2023-06-26,CL,Persona,3,1,1412,162,icloud.com,0
KP300486,23-09-2021,US,individuo,2,1,1772,128,tempmail.io,1
KP302561,27-08-2021,chile ,persona,1,0,1799,161,yahoo.com,1
KP302986,22-12-2021,Chile,persona,0,0,1682,18,hotmail.com,
KP301801,28/12/2021,CL,comercio_grande,2,,1676,256,yahoo.com,1
KP301362,2026-02-11,BR,comercio_grande,3,0,-110,186,outlook.com,
KP302514,08-07-2022,CL,persona,2,1,1484,403,gmail.com,1
KP303152,13-07-2023,CHILE,persona,1,1,1114,18,kipu.cl,0
KP302311,07/02/2023,CL,Persona,2,1,1270,0,gmail.com,0
KP303669,2021-02-05,CHILE,persona,2,no,2002,3161,kipu.cl,1
KP301278,15-02-2025,AR,Persona,1,1,531,77,kipu.cl,1
KP303306,27/08/2019,CL,persona,2,1,2530,7,yahoo.com,1
KP301526,01-12-2021,cl,persona,2,no,1703,30,icloud.com,0
KP301337,26-01-2023,RU,PERSONA,2,1,1282,18,outlook.com,0
KP303988,2026-06-03,CL,comercio_pequeno,0,0,58,91,icloud.com,1
KP304332,11-10-2022,CL,persona,0,no,1389,,hotmail.com,0
KP304259,2025-06-24,CL,persona,0,1,402,280,yahoo.com,1
KP301521,19/01/2024,CL,persona,1,,924,11,icloud.com,
KP301805,20-04-2019,chile ,Persona,2,0,2659,,outlook.com,0
KP303276,03-05-2025,CL,persona,3,0,454,3390,icloud.com,1
KP302269,18-04-2023,CL,PERSONA,2,si,1200,0,gmail.com,
KP300271,2023-10-11,PE,persona,2,si,1024,8,kipu.cl,0
KP303261,05/02/2019,CL,Persona,2,0,2733,198,hotmail.com,0
KP304163,07/01/2023,CL,persona,1,,1301,11,yahoo.com,0
KP301183,24-08-2024,AR,persona,0,si,1000,2,kipu.cl,0
KP304795,2025-01-11,CL,persona,3,si,566,1007,hotmail.com,
KP301041,06-04-2024,CL,COMERCIO_PEQUENO,0,0,846,,icloud.com,0
KP303236,13/10/2020,CHILE,persona,2,0,2117,193,,0
KP300877,27-01-2025,BRASIL,comercio_pequeno,1,0,550,45,kipu.cl,
KP300274,2022-03-05,cl,persona,2,,1609,3681,icloud.com,
KP301769,2021-10-14,CL,comercio_pequeno,2,,1751,261,icloud.com,0
KP300400,24-10-2023,CL,persona,2,0,1011,20,,1
KP303145,2020-04-07,CL,persona,1,0,2306,17,icloud.com,0
KP303515,2025-09-29, CL,persona,2,0,305,0,outlook.com,1
KP302934,09-02-2022,CL,comercio_pequeno,3,no,1633,87,outlook.com,1
KP303621,2024-10-06,CL,Persona,2,1,663,,yahoo.com,
KP302381,26/07/2020,CL,persona,2,1,2196,24,icloud.com,1
KP300885,05-11-2020,CL,PERSONA,3,1,2094,17,yahoo.com,1
KP302971,07-07-2023,CL,persona,1,,1120,154,outlook.com,1
KP300227,08-03-2020, CL,persona,1,1,2336,3,icloud.com,
KP303560,2024-03-30,CO,Persona,3,0,853,225,icloud.com,1
KP301970,22/10/2022,CL,persona,2,0,1378,88,hotmail.com,
KP302324,2020-11-07,CL,persona,2,1,2674,1,hotmail.com,0
KP302547,2021-04-02,CL,individuo,2,,1946,242,yahoo.com,1
KP302813,15-11-2025,CL,comercio_pequeno,2,0,258,,mailinator.com,1
KP303499,2021-04-28,CL,comercio_grande,2,1,1920,255,gmail.com,1
KP303874,2019-07-14,US,persona,1,,2574,11,yahoo.com,
KP303845,2025-08-23,CL,persona,1,1,342,,,1
KP302778,15-01-2022,CL,persona,1,1,1658,32,gmail.com,
KP302268,27/05/2026,ARGENTINA,persona,2,1,65,11,outlook.com,1
KP300993,10/03/2022,US,persona,,0,1604,20,gmail.com,1
KP301503,02/01/2022,CL,COMERCIO_PEQUENO,2,,1671,34,gmail.com,1
KP300884,2023-02-11,cl,comercio pequeño,2,0,1266,269,icloud.com,0
KP300354,02/10/2019,CL,persona,2,0,2494,186,gmail.com,0
KP301553,2023-05-04,CL,individuo,2,0,1184,8,icloud.com,
KP303048,2020-12-08,CL,individuo,2,0,2061,,kipu.cl,1
KP302202,2025-01-20,CL,PERSONA,2,1,557,1,icloud.com,0
KP301864,2019-11-02,AR,persona,1,si,2463,270,outlook.com,1
KP303325,2019-04-27,CL,persona,2,1,2652,172,icloud.com,1
KP302608,22/07/2020,Chile,individuo,2,1,2200,1396,kipu.cl,1
KP301221,2025-08-01,AR,persona,2,1,705,212,gmail.com,1
KP300091,18/07/2021,RU,persona,2,1,1839,3,kipu.cl,1
KP304542,29-12-2023,Perú,pyme,2,1,945,0,outlook.com,0
KP304266,2024-03-13,CL,persona,3,,870,20,outlook.com,0
KP300668,18-07-2026,CL,persona,2,si,13,,outlook.com,0
KP302253,2026-02-17,CL,persona,1,1,164,127,,0
KP301382,09-04-2023,Venezuela,persona,2,si,1209,18,icloud.com,
KP304762,05/01/2026,CL,Persona,2,1,447,13,gmail.com,1
KP302315,27/10/2021,CL,individuo,3,,1738,1180,outlook.com,1
KP304274,29/07/2022,CL,PERSONA,2,1,1463,,yahoo.com,
KP303011,24-11-2019,CL,Persona,1,1,2441,100,,0
KP302782,06/01/2022,CL,persona,2,0,1667,2847,kipu.cl,1
KP301142,16-05-2024,CL,persona,2,,806,,gmail.com,0
KP300622,03/06/2022,CL,persona,1,1,1519,196,yahoo.com,1
KP302070,2024-11-18,VE,persona,2,0,620,192,outlook.com,0
KP304237,2021-03-14,CL,persona,2,1,1965,144,icloud.com,0
KP300704,26-09-2019,chile ,persona,0,0,2500,485,outlook.com,0
KP301617,26/11/2021,CL,persona,3,,1708,2295,,0
KP304368,06-12-2025,chile ,persona,2,si,237,,outlook.com,0
KP302499,10-04-2023,Peru,Persona,2,,1208,5,hotmail.com,
KP304657,13-08-2022,VE,PERSONA,3,si,1448,3,10minutemail.com,0
KP304150,10/01/2025,CHILE,individuo,1,,567,18,icloud.com,
KP303594,2021-05-27,CL,persona,1,1,1891,1496,icloud.com,1
KP301827,19-04-2023,CHILE,persona,2,1,1199,12,kipu.cl,1
KP303155,13-02-2022,CL,persona,3,1,1629,157,icloud.com,
KP301790,22-07-2022,BR,persona,,no,1470,130,outlook.com,
KP304169,02/06/2021, CL,comercio pequeño,1,1,1885,1516,gmail.com,
KP300323,31-05-2024,CL,persona,2,1,791,197,guerrillamail.com,1
KP301595,08/03/2023,CL,PERSONA,3,no,1241,200,yahoo.com,1
KP304750,2018-12-01,Chile,persona,2,1,2799,57,kipu.cl,1
KP303004,2021-05-04,BR,COMERCIO_PEQUENO,0,1,1914,15,yahoo.com,
KP300002,09/05/2022,CL,persona,,1,1544,12,icloud.com,0
KP302021,12-04-2024,BR,persona,0,1,840,173,yahoo.com,1
KP302342,2022-12-11,CL,persona,3,1,1328,13,hotmail.com,1
KP302051,03-06-2022,cl,persona,1,1,1519,268,kipu.cl,1
KP303172,2025-07-21,CL,persona,2,1,375,9,kipu.cl,1
KP304360,2019-07-19,CHILE,persona,1,1,2569,581,outlook.com,1
KP304065,07/02/2026,CL,PERSONA,2,0,174,16,gmail.com,
KP302354,2019-01-10,AR,persona,0,0,2759,1059,kipu.cl,1
KP304776,04-01-2024,CL,persona,3,si,939,99,outlook.com,1
KP302367,11-08-2020,CL,persona,1,1,2180,8,outlook.com,1
KP301312,2019-11-25,AR,persona,2,si,2440,900,hotmail.com,1
KP301644,2025-10-15,CHILE,comercio_pequeno,,0,289,1,hotmail.com,1
KP304300,18/08/2022,CL,comercio_pequeno,1,1,1654,0,icloud.com,0
KP300183,2018-07-08,CL,persona,2,0,2945,644,hotmail.com,1
KP304011,15-11-2019,VE,persona,0,,2450,107,outlook.com,
KP301738,28-01-2021,CL,persona,3,0,2010,258,gmail.com,1
KP300725,14-01-2020,CL,persona,0,1,2390,803,icloud.com,1
KP300119,2021-06-29,RU,individuo,3,1,1858,52,yahoo.com,
KP300118,2022-06-20,CL,persona,2,no,1809,3383,yahoo.com,
KP302614,18/12/2018,AR,persona,,0,-176,262,kipu.cl,0
KP303628,03/12/2019,CL,persona,2,no,2432,281,outlook.com,1
KP303940,04/12/2020,ARGENTINA,PERSONA,1,1,2065,114,hotmail.com,
KP300777,16/11/2021,CL,Persona,3,0,1718,0,outlook.com,1
KP304792,18-09-2022,CL,persona,,1,1412,11,gmail.com,1
KP303942,26/10/2024,AR,comercio_grande,1,si,643,15,outlook.com,0
KP301815,22/04/2019,CL,persona,1,,2657,963,yahoo.com,1
KP301982,24/09/2018,CL,pyme,2,1,3053,3896,,0
KP302717,2025-05-12,CL,persona,3,1,445,,hotmail.com,
KP304346,2019-08-25,cl,persona,0,1,2532,15,yahoo.com,0
KP300648,31/10/2022,CL,persona,3,1,1369,77,outlook.com,
KP304311,2026-07-12,BR,persona,2,0,19,247,hotmail.com,
KP300567,2019-04-13,PE,comercio grande,2,1,2666,10,kipu.cl,
KP302066,28/06/2026,CL,comercio_grande,1,0,33,82,outlook.com,1
KP303976,17-10-2024,PE,PERSONA,3,1,-159,154,kipu.cl,1
KP300208,06/05/2024,CL,PERSONA,3,1,816,1226,hotmail.com,1
KP300408,22/06/2018,cl,persona,1,0,2961,875,yahoo.com,1
KP301260,17-01-2022,CL,persona,2,,1656,12,tempmail.io,0
KP302799,2021-10-12,CL,comercio_pequeno,2,,1753,2678,kipu.cl,
KP303181,2022-12-13,AR,persona,2,1,1326,953,,0
KP301330,11/03/2025,CL,persona,3,1,507,150,gmail.com,0
KP301405,2020-12-09,CL,persona,3,1,2060,229,icloud.com,
KP304132,2019-08-14,EEUU,persona,2,1,2543,82,icloud.com,1
KP304481,23/04/2019,Chile,Persona,2,0,3132,20,icloud.com,1
KP302052,19-07-2026,US,persona,1,0,12,,yahoo.com,1
KP304298,02-07-2023,CL,individuo,0,no,1125,1249,icloud.com,1
KP304223,14-10-2024,CL,comercio_pequeno,3,0,655,3683,10minutemail.com,
KP304124,2022-05-05,Chile,persona,2,1,1548,152,kipu.cl,0
KP304405,06-01-2026,CL,PERSONA,1,1,206,8,kipu.cl,
KP300720,2019-03-15,CL,persona,0,1,2695,31,outlook.com,1
KP300831,05/06/2026,CL,persona,2,0,56,16,hotmail.com,
KP300226,12/06/2022,CL,persona,1,1,1510,8,yahoo.com,1
KP302787,2024-05-25,CL,persona,3,0,797,18,icloud.com,1
KP304162,2025-01-18,CO,comercio_pequeno,3,1,559,41,gmail.com,1
KP304288,28-03-2021,CL,persona,3,1,1951,1,yahoo.com,1
KP304821,14-02-2026,CL,PERSONA,2,no,167,161,yahoo.com,1
KP302807,11/06/2024,Chile,persona,2,1,780,0,icloud.com,
KP301669,2018-08-19,cl,PERSONA,2,no,2903,1760,hotmail.com,
KP302448,22/06/2023,Chile,persona,3,1,1135,3764,kipu.cl,1
KP301952,06/06/2020,CL,persona,2,1,2246,1175,,1
KP304149,2021-10-30,US,Persona,2,0,1849,0,gmail.com,1
KP301578,17-03-2022,Brazil,comercio pequeño,2,si,1597,8,yahoo.com,1
KP301175,22-07-2019,CL,persona,3,0,2566,89,gmail.com,1
KP301192,2019-01-19,CL,PERSONA,2,1,2750,0,yahoo.com,
KP303528,29/07/2021,CL,persona,2,0,1828,30,outlook.com,1
KP300035,05/06/2019,RU,individuo,2,0,2613,30,outlook.com,1
KP303067,14-10-2021,CL,PERSONA,2,1,1751,11,yahoo.com,1
KP301250,09/06/2023,CL,persona,2,,1148,212,gmail.com,1
KP302524,2023-07-11,Chile,persona,1,1,1116,,gmail.com,1
KP301604,05/05/2022,CL,persona,3,0,1827,,outlook.com,1
KP303452,17/01/2023,CL,persona,0,1,1291,1690,hotmail.com,0
KP300722,2024-01-05,Chile,comercio_pequeno,2,0,938,7,icloud.com,0
KP304022,2020-07-30,CL,persona,1,si,2192,54,yahoo.com,1
KP304938,29/05/2022,CL,individuo,3,1,1524,3855,icloud.com,1
KP304628,30-08-2025,CL,persona,0,1,335,502,kipu.cl,1
KP304804,01-05-2026,CL,persona,3,1,91,179,icloud.com,
KP300083,2019-10-29,CL,individuo,-1,1,2467,162,yahoo.com,1
KP300264,28/02/2023,CL,persona,3,1,1249,7,outlook.com,
KP302408,2023-01-25,Argentina,persona,3,1,-66,44,hotmail.com,1
KP302569,02-03-2022,CL,persona,1,1,1612,1,hotmail.com,
KP303839,14/03/2026,Nigeria,persona,1,1,139,164,yahoo.com,1
KP300956,2018-12-14,BR,persona,3,,2786,18,outlook.com,0
KP302984,2023-01-19,CL,persona,-1,1,1289,3286,yahoo.com,0
KP300713,2023-07-24, CL,persona,1,0,1103,267,,
KP300813,2021-12-04,CL,persona,3,,1700,27,hotmail.com,1
KP301637,2019-10-21,CL,PERSONA,3,1,2475,0,yahoo.com,1
KP300300,2025-01-27,CL,persona,2,si,550,18,yahoo.com,1
KP300391,16-05-2026,CL,persona,2,0,76,,gmail.com,1
KP304695,2022-11-03,chile ,individuo,0,0,1366,14,yahoo.com,0
KP302729,08-04-2019,CL,persona,2,,2671,0,gmail.com,1
KP304473,2020-03-13,CL,persona,3,si,2331,2157,hotmail.com,0
KP303462,02-06-2022,CL,persona,3,1,1520,15,hotmail.com,0
KP304531,2024-01-29,CO,COMERCIO_GRANDE,1,1,914,28,kipu.cl,1
KP302850,29/07/2026,VE,persona,3,1,2,209,icloud.com,1
KP302256,2020-09-01,CL,persona,2,0,2641,39,icloud.com,1
KP301746,2024-12-19,Brazil,Persona,0,,589,,yahoo.com,1
KP304601,07/10/2020,ARGENTINA,persona,3,1,2123,10,icloud.com,1
KP300378,24/08/2024,CL,comercio_pequeno,2,si,706,2469,hotmail.com,1
KP301062,2022-10-14,CL,persona,2,1,1386,16,outlook.com,0
KP302321,27-12-2026,NG,comercio_pequeno,2,0,0,9,kipu.cl,1
KP304589,2023-08-17,CL,PERSONA,1,,1079,6,hotmail.com,
KP300164,08-05-2021,CL,persona,2,no,1910,19,guerrillamail.com,1
KP300024,18-11-2023,chile ,comercio_pequeno,3,0,986,1,hotmail.com,1
KP303123,17/06/2020,BR,persona,2,no,2235,82,gmail.com,1
KP302532,10-09-2025,Chile,persona,0,1,324,121,gmail.com,1
KP303618,2019-04-08, CL,comercio_pequeno,3,0,2671,,kipu.cl,1
KP302953,11/01/2026,CO,persona,2,1,201,7,hotmail.com,1
KP301676,2019-07-03,CL,persona,0,si,2585,2,icloud.com,1
KP300916,2026-04-20,CL,Persona,1,1,102,5,yahoo.com,1
KP303006,30/01/2022,CL,PERSONA,3,1,1643,1027,icloud.com,1
KP300312,04/02/2023,PE,PERSONA,2,1,1273,66,yahoo.com,1
KP302248,2018-11-13,CL,persona,0,0,2817,100,outlook.com,1
KP303637,26/01/2020,PE,persona,3,1,2378,644,icloud.com,1
KP302105,20-01-2021,CL,persona,3,1,2018,13,hotmail.com,1
KP303113,08/12/2018,cl,persona,3,0,2792,13,hotmail.com,1
KP303225,2018-08-15,CL,persona,3,,2907,141,guerrillamail.com,1
KP303268,26/09/2018,CL,Persona,2,,2865,4,gmail.com,1
KP302235,05-02-2022, CL,persona,3,1,1637,222,icloud.com,0
KP301288,24-02-2024,CL,individuo,2,1,888,176,gmail.com,
KP304373,2025-02-14,CL,persona,2,1,532,3043,hotmail.com,0
KP303370,16-08-2021,CL,persona,3,1,1810,47,outlook.com,1
KP301147,23/11/2019,CL,PERSONA,0,0,2442,379,guerrillamail.com,1
KP304949,07/05/2025,CL,persona,2,1,450,,gmail.com,1
KP304352,17-06-2020,CL,persona,1,0,2235,224,outlook.com,1
KP301619,30/07/2020,CL,persona,1,,2192,139,hotmail.com,0
KP303161,2024-09-05,CL,Persona,2,1,694,188,icloud.com,1
KP304006,11-03-2024,Brazil,individuo,3,1,872,12,gmail.com,1
KP300970,09/04/2022,CHILE,comercio_pequeno,1,1,1574,78,icloud.com,1
KP304772,2025-11-11,Chile,persona,0,si,262,201,hotmail.com,
KP300289,18/06/2019,CL,persona,2,no,2600,7,yahoo.com,1
KP301198,21/10/2022,CL,comercio_pequeno,3,1,1379,256,hotmail.com,
KP301782,16/11/2018,CL,persona,2,1,2814,,hotmail.com,0
KP303199,17-05-2022,PERU,persona,2,0,1536,209,gmail.com,0
KP300588,05-02-2023,CHILE,persona,2,1,1272,292,kipu.cl,1
KP301409,2021-07-20,CHILE,comercio_grande,2,1,1837,128,icloud.com,
KP300592,2019-02-03,Chile,persona,3,1,2735,50,kipu.cl,
KP303592,27/08/2024,CL,comercio_pequeno,2,,703,1217,yahoo.com,1
KP300335,2018-10-09,CL,persona,2,1,2852,0,hotmail.com,1
KP302669,2020-11-22, CL,persona,2,1,2077,1,gmail.com,
KP300854,14-08-2024,CL,persona,1,1,716,9,icloud.com,1
KP304560,24-03-2023,CL,persona,2,1,1225,5,icloud.com,0
KP304909,06-08-2025,CL,Persona,1,,359,137,yahoo.com,1
KP302982,09-10-2025,CL,persona,0,no,295,193,outlook.com,0
KP303494,13-05-2020,CL,comercio_grande,0,,2270,39,kipu.cl,1
KP300829,15/03/2025,Venezuela,persona,,1,503,1686,icloud.com,1
KP302223,2022-03-04,CL,persona,1,1,1610,2,tempmail.io,1
KP302165,2020-08-11,CL,persona,0,si,2180,2,outlook.com,1
KP302326,31-07-2020,CL,persona,0,1,2191,2952,hotmail.com,0
KP301365,27/08/2025,CL,persona,3,0,338,752,icloud.com,0
KP304740,09/05/2026,CL,individuo,2,0,83,0,yahoo.com,
KP302777,24-10-2018,CL,persona,2,1,2837,135,icloud.com,0
KP301273,06-02-2022,CL,persona,1,,1636,288,guerrillamail.com,1
KP304612,26/11/2025,PE,comercio pequeño,1,1,247,265,gmail.com,0
KP303913,2022-04-24,PE,PERSONA,3,1,1559,290,yahoo.com,1
KP300699,14-02-2021,CL,comercio_pequeno,,1,1993,250,outlook.com,1
KP301421,15/06/2024,CL,persona,1,0,776,772,icloud.com,1
KP301840,05-02-2025,CL,persona,2,1,541,11,icloud.com,1
KP303992,01/01/2026,BR,persona,2,0,211,111,hotmail.com,
KP302671,2023-11-17,CL,persona,1,1,987,1,yahoo.com,
KP300587,11-04-2025,CL,persona,1,0,476,4,hotmail.com,0
KP304449,09/09/2021,Chile,comercio_pequeno,2,0,-85,39,outlook.com,1
KP301179,16-03-2020,cl,PERSONA,2,0,2328,12,yahoo.com,1
KP304786,2025-12-18,CL,Persona,1,0,225,0,guerrillamail.com,1
KP304069,19-05-2021,Brazil,persona,2,si,1899,10,hotmail.com,1
KP304008,06/07/2025,Chile,Persona,1,1,390,2723,kipu.cl,0
KP302023,2024-06-04,Argentina,persona,2,1,787,41,gmail.com,
KP302796,2026-05-27,CL,individuo,0,1,65,9,kipu.cl,0
KP302794,25/09/2019,CL,persona,0,1,-158,3,icloud.com,
KP301541,23/11/2023,CL,persona,1,,981,77,icloud.com,1
KP301003,2025-10-07,CL,persona,2,,297,153,gmail.com,
KP302841,21-02-2023,US,comercio_grande,3,0,1256,5,yahoo.com,1
KP300687,2022-09-16,Argentina,PERSONA,2,1,1414,20,outlook.com,0
KP302449,11/06/2024,BR,Persona,0,1,780,1,kipu.cl,1
KP302610,19/12/2021,CO,persona,2,1,1685,10,yahoo.com,1
KP302252,2018-10-30,CHILE,persona,1,si,2831,18,outlook.com,1
KP300177,28-06-2023,RU,comercio_pequeno,1,,1709,2145,hotmail.com,1
KP302801,2020-05-12,CL,PERSONA,2,0,2271,3669,icloud.com,1
KP303857,22/12/2022,CL,persona,0,no,1317,537,gmail.com,1
KP303996,30-09-2022,Chile,persona,3,0,1400,219,guerrillamail.com,1
KP301641,04/06/2020,Chile,persona,0,1,2248,193,gmail.com,0
KP300055,23/12/2018,cl,persona,2,no,2777,10,kipu.cl,1
KP303299,2023-09-20,CL,comercio_pequeno,0,1,1045,3378,kipu.cl,
KP303994,10/05/2019,Argentina,persona,3,1,2639,0,tempmail.io,0
KP302173,12/10/2023,CL,persona,2,0,1329,9,gmail.com,1
KP304623,2021-04-02,CL,persona,2,0,1946,9,hotmail.com,1
KP302423,2023-12-30,cl,PERSONA,3,1,944,17,kipu.cl,
KP300732,03-09-2024,PE,comercio_pequeno,1,1,696,2155,hotmail.com,1
KP303284,13/07/2018,CL,individuo,2,no,2940,175,10minutemail.com,
KP301084,2023-10-17,CL,persona,2,1,1528,1370,hotmail.com,0
KP300452,08/03/2026,chile ,persona,2,1,145,11,kipu.cl,0
KP302749,19/12/2018,CL,persona,2,1,2781,1442,gmail.com,0
KP304447,24/11/2018,chile ,persona,2,0,2806,32,hotmail.com,
KP303000,04/11/2019,cl,individuo,3,1,2461,113,hotmail.com,0
KP301727,27/02/2019,Brazil,Persona,0,,2711,75,gmail.com,0
KP304849,02-08-2019,CL,comercio_pequeno,2,,2555,228,outlook.com,
KP304026,2022-08-31,chile ,persona,0,1,2174,240,yahoo.com,1
KP303722,24/11/2025,CL,individuo,1,no,249,99,outlook.com,1
KP304936,31-08-2023,CL,persona,2,1,1065,3573,hotmail.com,1
KP304664,15-02-2024,NG,Persona,2,0,897,287,,0
KP301392,14-06-2026,Chile,Persona,2,1,47,6,hotmail.com,0
KP300570,2023-04-25,BRASIL,persona,2,1,1193,9,outlook.com,0
KP302189,22-10-2022, CL,comercio_grande,3,,1378,0,outlook.com,1
KP302650,05-08-2025,ARGENTINA,persona,3,si,360,154,hotmail.com,1
KP300834,2018-07-25,CL,persona,1,1,2928,1,kipu.cl,0
KP300672,2025-10-10,CL,persona,2,1,294,7,hotmail.com,1
KP300222,22-08-2025,cl,individuo,2,1,343,262,hotmail.com,1
KP301007,2022-07-16,CL,persona,1,1,1476,140,10minutemail.com,
KP301317,2023-05-06,CL,comercio_pequeno,2,1,1182,61,hotmail.com,
KP303963,29/05/2025,VE,persona,2,1,428,3246,tempmail.io,
KP302864,21-10-2019,CL,persona,3,0,2475,276,yahoo.com,1
KP303045,20/12/2025,CL,PERSONA,2,0,223,2772,kipu.cl,1
KP300215,24-06-2023,chile ,comercio_pequeno,2,0,1381,57,gmail.com,
KP303064,2022-06-16,Chile,persona,2,0,1506,298,kipu.cl,0
KP301796,07-08-2022,CL,persona,2,0,1454,131,,
KP300872,08-04-2020,cl,individuo,2,1,2305,271,gmail.com,1
KP302183,2021-08-19,CL,individuo,2,1,1807,250,gmail.com,
KP304241,12/09/2024,CL,persona,2,no,687,7,hotmail.com,1
KP303446,19/02/2026,CHILE,Persona,0,1,770,292,hotmail.com,1
KP303026,2022-11-08,CL,persona,1,1,1361,7,hotmail.com,1
KP300380,05/12/2020,cl,persona,3,0,2064,30,gmail.com,1
KP304433,2021-09-02,PE,individuo,2,1,1793,,hotmail.com,
KP303255,07/04/2022,COLOMBIA,persona,2,,1576,83,kipu.cl,1
KP303500,02/04/2023,CL,individuo,0,1,1216,147,kipu.cl,1
KP301098,28-05-2026,CL,persona,0,si,64,43,10minutemail.com,
KP301310,17-11-2020,US,individuo,2,0,2082,10,hotmail.com,1
KP301040,2022-12-10,CO,persona,2,si,1329,226,gmail.com,
KP300307,2023-10-01,CHILE,persona,,0,1034,,outlook.com,
KP301014,2024-08-03,CL,persona,2,no,727,281,kipu.cl,
KP303815,11/02/2026,cl,persona,0,1,-97,195,yahoo.com,0
KP301210,24-12-2018,chile ,individuo,1,1,2776,,yahoo.com,1
KP304892,2023-07-04,PE,persona,1,1,1123,244,yahoo.com,1
KP301413,19/11/2025,AR,persona,2,1,254,1,outlook.com,0
KP304402,2025-05-01,PE,persona,2,si,456,5,mailinator.com,1
KP303335,2023-12-20,CL,comercio pequeño,1,si,1690,173,yahoo.com,0
KP304406,17/03/2025,CL,persona,1,1,501,7,yahoo.com,1
KP300591,30-10-2018,CO,Persona,2,1,2831,17,icloud.com,0
KP304572,14/07/2024,CL,persona,1,1,747,239,hotmail.com,1
KP300349,17/06/2021,PE,persona,2,1,1870,204,icloud.com,
KP300448,05/06/2018,Chile,comercio_pequeno,3,1,2978,233,hotmail.com,1
KP302058,06-05-2019,US,PERSONA,2,1,2643,3477,gmail.com,0
KP304677,09/06/2023,BR,persona,2,si,1148,262,kipu.cl,1
KP301845,11/03/2019,CHILE,persona,0,0,2699,3110,gmail.com,1
KP302826,2018-12-20,CL,PERSONA,3,0,2780,2734,kipu.cl,1
KP304420,06-12-2020,CL,persona,0,si,2063,19,icloud.com,
KP301700,25/12/2022,CL,persona,1,1,1314,235,gmail.com,
KP303093,18-05-2024,CL,persona,2,1,804,801,hotmail.com,1
KP302161,09/08/2018,AR,persona,2,,2913,15,outlook.com,
KP302973,22/02/2021,CHILE,persona,0,1,1985,12,hotmail.com,1
KP303400,2023-07-28,PE,persona,2,,1099,6,kipu.cl,1
KP304725,2025-12-18,CL,persona,2,si,225,154,yahoo.com,1
KP303090,22/10/2026,PE,comercio_pequeno,2,,0,13,hotmail.com,1
KP303652,2026-01-30,CL,persona,1,0,182,118,hotmail.com,1
KP301544,2020-11-29,chile ,Persona,3,,2070,234,hotmail.com,1
KP304860,23-09-2023, CL,Persona,0,1,1042,2664,outlook.com,0
KP303376,01/06/2022,CL,persona,3,no,1521,992,outlook.com,1
KP300562,2021-12-16,cl,comercio_pequeno,3,1,1688,2489,yahoo.com,1
KP304042,20-05-2025,PE,individuo,3,1,437,,hotmail.com,
KP304720,27/05/2025, CL,COMERCIO_GRANDE,2,1,430,,yahoo.com,1
KP304690,2022-09-28,CL,COMERCIO_PEQUENO,1,1,1402,7,,1
KP303856,2022-02-04,Peru,persona,1,0,1638,18,outlook.com,1
KP304273,21/08/2023,CL,persona,0,0,-188,13,hotmail.com,1
KP302585,2024-11-02,CL,COMERCIO_GRANDE,1,1,636,277,outlook.com,1
KP304400,2020-05-19,Chile,persona,2,0,-89,142,hotmail.com,1
KP302639,2024-06-06,CL,PERSONA,2,0,785,9,10minutemail.com,0
KP302418,25/01/2025,CL,persona,3,1,552,39,gmail.com,0
KP302621,28/02/2019,CL,comercio_pequeno,2,1,3410,0,tempmail.io,1
KP301124,30-01-2021,BR,persona,1,1,2008,,10minutemail.com,0
KP303598,28/10/2020,chile ,Persona,2,0,2102,290,yahoo.com,0
KP300528,11-05-2022,BR,persona,0,,1542,,yahoo.com,0
KP301294,10-05-2019,CL,persona,1,1,2639,2,outlook.com,1
KP300711,2020-10-29,Rusia,persona,-1,1,2101,3542,outlook.com,1
KP304900,29/09/2019,CHILE,Persona,0,1,2497,0,gmail.com,
KP302084,11/06/2020,AR,persona,2,0,2241,,icloud.com,0
KP302676,17/12/2021,CL,persona,1,1,1687,0,yahoo.com,1
KP301125,05-12-2025,BRASIL,persona,2,0,238,4,yahoo.com,1
KP300804,19-05-2023,CL,persona,0,1,1169,8,yahoo.com,1
KP304549,2021-06-08,CL,PERSONA,1,,1879,5,gmail.com,1
KP304181,22-10-2023,CL,individuo,2,,1013,8,icloud.com,
KP301963,10-09-2018,CL,comercio_grande,3,0,2881,,yahoo.com,
KP304656,24/04/2022,CL,persona,1,,1559,2,yahoo.com,1
KP301667,2025-05-14,CL,persona,0,1,443,9,icloud.com,0
KP302067,18/09/2023,AR,persona,0,1,1047,3875,icloud.com,
KP301819,2022-01-21,CL,persona,2,1,1652,2,outlook.com,1
KP302430,10-11-2018,CL,pyme,1,0,2820,154,hotmail.com,1
KP300685,2021-11-22,CL,individuo,2,,1712,119,,1
KP303222,01-05-2019,RU,persona,2,1,2648,225,gmail.com,1
KP304959,01-09-2023,CL,comercio pequeño,2,0,1064,0,icloud.com,1
KP302482,2024-07-15,CL,persona,2,no,746,10,outlook.com,0
KP302981,16-03-2026,chile ,comercio_pequeno,2,1,137,,gmail.com,
KP302508,2022-08-31,AR,persona,1,1,1430,5,yahoo.com,0
KP302211,28-01-2022,CL,persona,2,,1645,14,guerrillamail.com,1
KP303438,25/08/2023,CL,persona,0,1,1071,5,,1
KP303012,2021-08-05, CL,PERSONA,1,1,1821,92,kipu.cl,1
KP302041,12/11/2020,CL,persona,2,0,2087,266,gmail.com,1
KP303142,31-05-2023,cl,persona,1,0,1157,5,yahoo.com,
KP304235,2018-09-29,CHILE,persona,0,1,3706,103,kipu.cl,1
KP303186,14-03-2019,CL,persona,3,0,2696,183,icloud.com,1
KP303879,2022-10-17,CL,individuo,0,,1383,6,hotmail.com,
KP303883,2024-12-04,CL,persona,2,0,1437,46,hotmail.com,1
KP304887,17-01-2025,CL,persona,1,,560,1,mailinator.com,1
KP301356,18/12/2024,CL,PERSONA,1,0,590,69,gmail.com,1
KP300401,21-07-2026,chile ,persona,2,0,10,20,kipu.cl,1
KP302437,2020-04-03,CHILE,persona,2,1,2310,99,yahoo.com,
KP301863,22-07-2019,Chile,persona,1,1,2566,297,gmail.com,0
KP304464,05-11-2020,US,comercio_pequeno,1,1,2094,18,kipu.cl,1
KP302643,2023-10-08,PERU,persona,2,1,1027,13,yahoo.com,1
KP301954,23/09/2023,CL,comercio pequeño,2,no,1042,3,mailinator.com,1
KP303024,29-12-2025,CL,PERSONA,2,1,214,10,yahoo.com,1
KP303543,02/08/2022,CL,persona,1,0,1459,115,kipu.cl,
KP303027,27-10-2019,CL,persona,2,si,2469,20,outlook.com,
KP302250,10/09/2018,cl,comercio pequeño,0,,2881,10,icloud.com,1
KP301004,26-09-2018,CL,comercio_pequeno,2,,2865,,hotmail.com,0
KP303603,18/11/2021,CL,persona,1,1,2163,217,yahoo.com,1
KP301600,16-03-2020,CL,individuo,2,1,2328,116,icloud.com,0
KP301694,2019-11-07,CL,persona,0,1,2458,6,kipu.cl,1
KP303480,19-08-2022,CL,COMERCIO_GRANDE,2,1,1442,,kipu.cl,1
KP300603,27-10-2022,CL,Persona,0,1,1373,135,hotmail.com,0
KP301353,2021-07-08,CL,persona,1,0,1849,531,gmail.com,1
KP300810,2019-05-03,VE,persona,2,0,2646,5,outlook.com,
KP301075,2023-08-12,CL,persona,1,1,1084,146,hotmail.com,1
KP303246,05-06-2021,CL,PERSONA,3,1,1882,220,outlook.com,
KP300706,2024-08-28,CL,persona,0,no,702,2618,kipu.cl,
KP301284,27/12/2018,AR,Persona,2,0,2773,55,gmail.com,
KP303724,2025-11-23,AR,persona,1,0,250,174,,
KP300927,2026-06-10,AR,persona,2,1,51,4,hotmail.com,1
KP301640,13/05/2026,chile ,comercio_pequeno,1,1,79,9,yahoo.com,1
KP302312,12/04/2019,CO,persona,2,0,2667,243,outlook.com,1
KP301870,15-06-2022, CL,persona,2,1,1507,246,icloud.com,0
KP302999,2019-02-17,chile ,comercio_pequeno,3,1,2721,213,kipu.cl,1
KP300727,26/12/2019,CHILE,individuo,2,si,2409,18,icloud.com,0
KP301354,2024-02-15,CL,individuo,2,0,897,219,icloud.com,
KP302346,16/07/2022,CL,Persona,3,1,1476,98,yahoo.com,0
KP302555,2024-08-11,Chile,individuo,0,1,719,60,gmail.com,1
KP303541,2020-06-26,US,persona,3,si,2226,128,,
KP302056,24/12/2024,Perú,persona,2,1,584,2,icloud.com,1
KP301457,2018-10-13,CL,persona,2,0,2848,20,outlook.com,1
KP300869,2026-07-17,CL,comercio_pequeno,2,no,14,14,yahoo.com,1
KP300698,2025-09-21,CL,persona,3,0,313,293,gmail.com,1
KP301981,23-03-2019,PE,persona,2,0,2687,4,hotmail.com,0
KP302174,24/11/2021,US,persona,3,0,1710,12,gmail.com,0
KP302665,2022-10-04,CL,persona,2,1,1396,3108,yahoo.com,1
KP301952,06/06/2020,CL,persona,2,1,2246,1175,,1
KP303818,30-11-2019,CL,comercio_pequeno,3,1,2435,248,yahoo.com,1
KP301324,2022-08-27,CL,Persona,0,,1434,2,yahoo.com,
KP304958,22-04-2021,Argentina,persona,2,1,1926,92,gmail.com,1
KP302764,10-07-2023,US,comercio_pequeno,0,no,1117,260,yahoo.com,1
KP300033,25-01-2022,CHILE,persona,-1,1,1648,7,kipu.cl,1
KP301459,26/11/2020,CL,individuo,1,1,2073,92,kipu.cl,0
KP301315,28/09/2024,cl,comercio_pequeno,2,no,671,0,mailinator.com,0
KP303029,12/09/2020,CL,persona,1,1,2148,11,,
KP303674,27/07/2021,CL,individuo,1,1,1830,105,gmail.com,1
KP304689,15/11/2024,US,individuo,2,si,623,747,yahoo.com,1
KP304370,2022-07-09,CL,persona,3,1,2037,130,yahoo.com,
KP303547,08-04-2025,US,comercio_pequeno,1,1,479,42,gmail.com,
KP304492,12-03-2022,CL,persona,2,0,1602,1,yahoo.com,1
KP302262,03-07-2022,Colombia,PERSONA,0,0,1489,3881,outlook.com,1
KP304754,26/10/2024,CL,persona,2,1,1403,,gmail.com,
KP302961,2020-01-14,Chile,persona,0,1,2390,125,outlook.com,0
KP300740,03/12/2021,CL,persona,2,1,1701,231,gmail.com,1
KP302191,16/04/2020,CL,persona,2,1,2297,928,gmail.com,0
KP302071,22/07/2025,CL,persona,2,1,911,3114,hotmail.com,1
KP301821,2025-08-29,CL,comercio_pequeno,3,1,336,175,hotmail.com,0
KP301701,2019-05-04,US,PERSONA,2,,2645,0,gmail.com,0
KP303406,23/08/2024,CL,persona,3,0,707,293,icloud.com,1
KP302091,01/01/2023,CL,persona,3,1,1307,1692,icloud.com,1
KP300852,2025-07-30,CL,persona,,,366,2704,kipu.cl,1
KP304999,19/04/2019,chile ,persona,3,si,2660,3795,icloud.com,1
KP301867,09-05-2023,CL,persona,1,0,1179,76,gmail.com,1
KP304962,20/02/2024, CL,persona,2,1,892,141,hotmail.com,1
KP300214,2019-05-02,CHILE,persona,,1,2647,2875,kipu.cl,1
KP301217,2025-08-22,CL,PERSONA,1,0,343,3496,hotmail.com,1
KP303840,01-07-2025,CL,persona,1,1,395,231,gmail.com,0
KP300749,09/02/2021,US,comercio_grande,3,,-46,2409,icloud.com,
KP303665,19/04/2023,CL,pyme,0,1,1199,,outlook.com,0
KP302438,2025-02-12,CL,persona,3,0,534,0,icloud.com,
KP303819,2022-09-25,CL,PERSONA,1,,2201,143,hotmail.com,1
KP300818,2026-07-10,AR,individuo,1,,21,41,yahoo.com,0
KP300819,19-11-2019,CHILE,COMERCIO_GRANDE,-1,1,2446,18,icloud.com,
KP300089,09-07-2024,chile ,PERSONA,0,1,752,,gmail.com,1
KP300205,2021-03-12,CL,persona,2,1,1967,0,icloud.com,1
KP302543,2024-05-01, CL,PERSONA,1,0,821,1790,kipu.cl,0
KP303091,06/10/2023,CO,persona,2,1,1029,110,gmail.com,0
KP304251,25/08/2023,CL,Persona,0,1,1071,3113,gmail.com,0
KP303171,05-07-2022,CL,persona,1,0,-112,15,outlook.com,1
KP302288,27/09/2022,RU,Persona,1,si,1403,5,kipu.cl,0
KP303829,23-02-2026,CL,persona,2,si,158,12,yahoo.com,1
KP304099,10/11/2020,CHILE,persona,3,0,2089,19,,1
KP300865,13-12-2022,CL,persona,,1,1617,86,outlook.com,
KP302915,23/03/2022,CL,PERSONA,2,1,-21,2740,,
KP300844,08-07-2018,CL,persona,3,1,2945,,hotmail.com,1
KP303773,29/08/2018,CL,persona,1,,2893,204,yahoo.com,1
KP301915,02-02-2024,USA,persona,2,1,910,578,,0
KP303032,17-12-2019,CL,PERSONA,3,0,2418,1,kipu.cl,1
KP302406,17/09/2018,CL,persona,2,1,2874,,icloud.com,1
KP304644,09-06-2021,CL,persona,3,si,1878,1035,outlook.com,1
KP302523,26/03/2021,cl,persona,2,1,1953,11,gmail.com,0
KP301460,22/10/2025,CL,individuo,3,0,282,29,yahoo.com,0
KP301152,2024-09-23,CL,Persona,0,0,676,4,hotmail.com,1
KP304840,25-08-2019,CL,persona,3,1,2532,229,outlook.com,0
KP304632,08-10-2024,BR,individuo,1,1,661,6,hotmail.com,1
KP301274,23-10-2019,CL,persona,0,si,2473,300,hotmail.com,1
KP304691,28/06/2020,ARGENTINA,comercio_pequeno,1,0,2425,13,outlook.com,1
KP303096,2022-07-06,CL,comercio_pequeno,2,1,1486,111,outlook.com,1
KP300256,23-05-2024,CL,persona,0,1,799,2,icloud.com,1
KP302520,19/11/2025,CL,persona,1,1,254,121,gmail.com,1
KP302299,2018-11-30,cl,COMERCIO_GRANDE,2,1,2800,64,hotmail.com,1
KP301688,2020-03-01,CL,persona,2,1,2343,91,hotmail.com,
KP300063,03-08-2023,RU,individuo,3,,1093,295,yahoo.com,1
KP302517,2021-06-11,Colombia,PERSONA,-1,0,1876,187,gmail.com,0
KP304899,2023-04-03,CL,persona,1,1,1215,107,icloud.com,0
KP303371,25-07-2024,CL,persona,2,1,736,,gmail.com,1
KP301122,25-05-2019,ARGENTINA,comercio_pequeno,3,1,2624,100,yahoo.com,1
KP304709,2026-01-19,AR,persona,2,,193,42,kipu.cl,0
KP304801,20-06-2021,Chile,COMERCIO_GRANDE,2,0,1867,245,gmail.com,0
KP302942,11-04-2026,CL,persona,3,0,111,0,icloud.com,0
KP304207,2019-03-05,CL,persona,1,si,2705,2678,kipu.cl,0
KP304111,03/11/2018,CL,comercio_pequeno,1,1,2827,15,kipu.cl,0
KP303384,18-11-2022,chile ,persona,2,1,1351,682,kipu.cl,1
KP300317,2023-05-12,CL,PERSONA,0,1,1176,7,gmail.com,1
KP303498,05-07-2021,CL,persona,2,1,1852,119,gmail.com,1
KP300912,2018-10-18,Chile,persona,2,1,2843,,kipu.cl,
KP301884,2020-05-31,CL,persona,2,si,2252,16,outlook.com,1
KP301389,2021-08-11,AR,individuo,2,si,1815,226,gmail.com,1
KP300474,2026-07-03, CL,individuo,,1,28,10,gmail.com,0
KP304965,01-03-2023,CL,Persona,0,1,1248,7,,1
KP302104,2018-06-03,cl,persona,2,1,3247,8,hotmail.com,1
KP304609,2020-01-05,CL,comercio_pequeno,1,1,2399,180,yahoo.com,1
KP304055,2024-10-21,CL,persona,3,,648,17,yahoo.com,1
KP303060,16-12-2019,CL,persona,2,1,2419,,10minutemail.com,1
KP302733,15-09-2025,CL,comercio_pequeno,3,1,319,159,gmail.com,0
KP301825,03-06-2025,VE,COMERCIO_PEQUENO,3,0,423,22,kipu.cl,1
KP300996,2022-02-22,CL,comercio_pequeno,2,,1620,2,gmail.com,1
KP300628,2018-08-14,CL,COMERCIO_PEQUENO,2,0,2908,58,outlook.com,0
KP301775,06/03/2021,CL,persona,1,no,1973,213,yahoo.com,1
KP303377,15/06/2023,Argentina,Persona,1,0,1142,,icloud.com,
KP304975,11/11/2024,CL,persona,1,1,627,118,outlook.com,0
KP304691,28/06/2020,ARGENTINA,comercio_pequeno,1,0,2425,13,outlook.com,1
KP300435,22/01/2025, CL,persona,0,1,555,99,hotmail.com,1
KP304284,06/12/2018,CL,persona,0,1,2794,0,,1
KP301044,14/12/2024,chile ,persona,1,,594,946,gmail.com,1
KP302472,2023-06-18,CL,persona,2,0,1139,0,gmail.com,
KP302914,2024-09-21,Brasil,persona,2,1,678,1639,kipu.cl,1
KP302431,2023-11-30,Peru,persona,2,1,974,11,kipu.cl,1
KP304811,2021-06-05,CL,persona,2,no,1882,2650,outlook.com,0
KP304639,25/01/2019,CL,persona,3,1,-193,,outlook.com,0
KP301289,13/04/2025,CL,PERSONA,3,1,474,15,yahoo.com,0
KP301616,2020-02-09,Chile,persona,2,0,2364,270,outlook.com,1
KP304895,29-04-2026,CL,persona,1,0,93,14,icloud.com,1
KP304098,02-03-2019,PE,persona,1,0,2708,0,hotmail.com,1
KP302775,2022-07-10,CL,persona,3,si,1482,3772,outlook.com,
KP303474,14-03-2024,CL,individuo,3,1,869,3,kipu.cl,1
KP303872,2020-11-12,CL,persona,2,1,2087,190,icloud.com,1
KP303339,05/11/2018,CL,persona,1,1,3360,0,icloud.com,1
KP300111,29/01/2024,CL,pyme,2,1,914,,yahoo.com,1
KP302409,2021-01-04,CL,persona,3,,2034,8,gmail.com,1
KP303529,2020-01-16,Chile,persona,1,1,2388,20,kipu.cl,1
KP302282,16/11/2020,CL,comercio_pequeno,2,0,2083,11,yahoo.com,0
KP304654,04-12-2019,CL,persona,0,1,2431,1,outlook.com,1
KP303557,2024-09-10,CL,persona,1,no,689,122,hotmail.com,1
KP302791,13/01/2023,CL,persona,1,1,1295,145,icloud.com,1
KP302911,2027-03-22, CL,persona,1,si,0,10,yahoo.com,
KP300731,02/01/2024,Chile,persona,1,1,941,78,icloud.com,1
KP303830,10-08-2019,CL,Persona,0,1,2547,3205,outlook.com,0
KP300537,07/06/2026,BR,PERSONA,3,1,54,563,gmail.com,1
KP302558,26-03-2021,AR,persona,1,si,1953,2099,yahoo.com,1
KP301369,08-04-2022,CHILE,persona,-1,,1575,5,,1
KP304458,19-06-2019,CL,persona,1,0,2599,568,yahoo.com,
KP301295,2023-11-25,CL,persona,1,1,979,35,yahoo.com,1
KP300653,13/11/2021,CL,persona,2,0,-190,106,hotmail.com,
KP302004,10-01-2025,CL,comercio_pequeno,3,0,567,61,gmail.com,0
KP300918,2022-09-08,CL,comercio_pequeno,2,0,1422,74,hotmail.com,1
KP301662,2018-09-21,CL,persona,-1,no,2870,15,kipu.cl,1
KP303580,25/03/2026,CL,comercio_grande,3,no,128,122,tempmail.io,
KP303069,2026-01-17,CL,persona,3,1,195,11,gmail.com,1
KP303552,09-05-2021,CL,persona,1,1,1909,6,icloud.com,
KP300313,01/01/2019,CL,persona,2,,2768,881,outlook.com,1
KP304435,2020-10-06,chile ,comercio_pequeno,3,0,2124,2834,yahoo.com,1
KP301472,15/07/2020,CL,persona,2,1,2207,105,kipu.cl,0
KP303289,2021-01-17,CL,Persona,3,0,2021,8,hotmail.com,1
KP302477,2026-07-28,Argentina,persona,2,1,3,3262,yahoo.com,1
KP302613,2023-05-25,US,persona,3,si,1163,123,yahoo.com,
KP304411,07/07/2024,CL,persona,0,1,754,231,yahoo.com,1
KP303536,19-06-2024,CL,comercio pequeño,1,1,772,21,yahoo.com,1
KP303772,2023-09-18,CL,persona,-1,si,1047,125,gmail.com,1
KP300604,24/06/2026, CL,comercio_pequeno,2,1,37,283,icloud.com,1
KP303207,28/05/2026,CL,persona,2,1,64,0,tempmail.io,
KP300321,2025-05-27,CL,individuo,1,si,430,26,hotmail.com,1
KP300791,30-04-2022,CL,Persona,2,1,1553,,yahoo.com,1
KP303632,2020-08-03,CL,persona,1,1,2188,,hotmail.com,1
KP302515,17-02-2019,CHILE,persona,,1,2721,279,icloud.com,
KP300108,2024-07-22,CO,individuo,3,1,739,211,yahoo.com,1
KP301960,20/03/2021,CL,persona,3,0,1959,9,,0
KP300210,2021-05-29,Brazil,persona,3,si,1889,229,hotmail.com,1
KP300864,31-10-2024,AR,persona,3,0,638,255,yahoo.com,
KP304455,21-05-2025,BR,persona,2,1,436,9,yahoo.com,0
KP300822,03/12/2020,CL,persona,-1,1,2066,3,icloud.com,0
KP301245,2021-12-13,CL,individuo,3,1,2358,,icloud.com,0
KP302053,22/03/2019,CHILE,PERSONA,1,1,2688,3919,outlook.com,
KP304326,05-04-2022,chile ,persona,0,1,1578,161,outlook.com,1
KP301105,03-06-2021,CL,persona,1,,1884,7,kipu.cl,1
KP304816,19-07-2023,AR,comercio_grande,0,1,1108,2,icloud.com,0
KP300675,2022-09-26,cl,comercio pequeño,3,0,1404,586,icloud.com,0
KP300372,2022-07-30,AR,individuo,1,si,1462,1778,gmail.com,1
KP302822,2022-12-15,CL,persona,1,si,1324,271,outlook.com,0
KP301286,27-05-2026,CL,Persona,2,1,65,2615,gmail.com,1
KP304084,12-01-2024,CHILE,comercio_grande,2,1,931,115,mailinator.com,1
KP300550,26/11/2023,chile ,comercio_pequeno,1,0,978,1955,gmail.com,
KP304982,2025-07-26,PE,Persona,2,1,539,12,yahoo.com,
KP302047,2018-10-28, CL,pyme,2,1,2833,135,icloud.com,1
KP304133,17-09-2024,Nigeria,comercio_pequeno,2,1,682,175,gmail.com,
KP301577,23-10-2025,cl,persona,2,0,281,243,hotmail.com,1
KP303642,2025-07-22,CL,Persona,,1,374,,gmail.com,1
KP300470,2025-06-20,ARGENTINA,persona,1,1,406,4,yahoo.com,0
KP304826,2021-07-21,CL,PERSONA,3,si,1836,,hotmail.com,0
KP300618,12-06-2020,BR,Persona,0,,2240,365,mailinator.com,1
KP300094,2018-06-25,CL,comercio_pequeno,2,1,2958,52,gmail.com,
KP304231,17/06/2026,CL,comercio_pequeno,3,si,44,1,gmail.com,0
KP301109,23-07-2025,CL,persona,0,1,373,11,kipu.cl,1
KP304547,15-05-2022,CL,persona,3,,1538,0,gmail.com,1
KP303451,2018-07-05,Chile,persona,3,1,2948,84,,0
KP304399,2020-10-24,Chile,individuo,1,si,2106,,icloud.com,1
KP303679,2021-04-23,NG,Persona,2,1,1925,139,hotmail.com,1
KP302373,2018-07-09,chile ,persona,1,1,2944,165,kipu.cl,0
KP303667,2024-08-31,Chile,Persona,1,,699,10,yahoo.com,1
KP301935,19/10/2020,CL,persona,2,1,2748,5,yahoo.com,1
KP300362,20/07/2023,CL,persona,2,,1107,196,icloud.com,1
KP301774,2024-12-22,BR,persona,2,1,586,15,icloud.com,1
KP303410,25/09/2018,CL,individuo,2,1,2866,174,icloud.com,1
KP302815,15/03/2023,chile ,Persona,2,1,1234,3,outlook.com,1
KP301562,21-08-2023,CL,Persona,2,1,1075,10,hotmail.com,
KP301786,14/06/2023,CL,comercio_grande,2,1,1143,114,icloud.com,0
KP300515,2020-07-23,CL,persona,2,si,2199,267,icloud.com,1
KP302722,01/08/2021,Chile,persona,1,1,1825,232,outlook.com,1
KP303212,2018-07-28,CL,comercio pequeño,2,1,2925,2,outlook.com,0
KP302146,28/07/2026,CO,persona,2,1,-189,249,yahoo.com,
KP303570,23/12/2025,chile ,persona,0,si,220,101,gmail.com,1
KP301698,23-08-2018,CL,comercio_pequeno,3,1,2899,0,kipu.cl,1
KP302096,30/06/2025,cl,comercio_grande,2,si,396,4,kipu.cl,1
KP302551,23/08/2018,PE,persona,2,1,2899,43,icloud.com,0
KP304956,23-12-2018,CL,persona,2,no,2777,1,icloud.com,1
KP302240,2019-11-20,chile ,empresa,1,,2445,17,kipu.cl,1
KP302065,2025-05-30,CL,persona,1,1,427,4,,1
KP304513,03/02/2022,CL,persona,1,0,1639,1032,gmail.com,0
KP302771,26/02/2023,VE,PERSONA,2,0,-99,4,yahoo.com,
KP302855,2019-08-07,US,comercio_pequeno,1,si,2550,446,hotmail.com,1
KP303660,26-07-2021,PE,persona,2,1,1831,117,kipu.cl,1
KP300665,2024-07-02,CL,persona,2,1,759,260,outlook.com,1
KP303052,15-05-2026,CL,comercio_pequeno,2,1,77,6,outlook.com,1
KP301606,03/01/2020, CL,individuo,2,1,3029,19,outlook.com,1
KP301597,22/09/2025,CL,PERSONA,3,1,312,69,icloud.com,
KP300821,06/12/2018,CL,persona,3,1,2794,209,icloud.com,1
KP300798,2024-09-07,CL,comercio_pequeno,1,0,692,12,gmail.com,1
KP302663,2021-11-17, CL,persona,1,1,1717,125,kipu.cl,0
KP304164,2023-01-17,CL,persona,2,,1291,222,gmail.com,1
KP302725,2022-10-05,CL,persona,2,1,1395,8,outlook.com,0
KP301470,21-07-2022,CL,comercio_pequeno,1,si,1471,174,hotmail.com,1
KP301761,2020-03-13,BR,individuo,1,si,2331,151,hotmail.com,1
KP304243,22/04/2023,chile ,persona,2,1,1878,569,kipu.cl,0
KP304976,13-11-2018,VE,individuo,2,,2817,,hotmail.com,1
KP302728,16/05/2023,Venezuela,persona,1,1,-51,260,icloud.com,1
KP301889,2026-06-05,chile ,empresa,2,1,56,64,kipu.cl,1
KP303283,2019-02-27,CL,individuo,1,0,2711,180,gmail.com,
KP300501,27/01/2021,US,persona,0,0,2011,,outlook.com,0
KP303760,14-11-2023,CL,persona,1,1,990,8,hotmail.com,1
KP300769,02/07/2025,CL,persona,2,,394,12,hotmail.com,1
KP304104,2024-03-18,AR,comercio_pequeno,1,1,865,3093,outlook.com,0
KP304504,2021-10-17,PE,persona,1,1,1946,6,hotmail.com,1
KP303765,2021-09-26,CL,comercio_pequeno,1,si,2668,18,kipu.cl,1
KP304488,12/02/2025,AR,persona,2,0,534,130,yahoo.com,1
KP302741,08-09-2023,CL,comercio_grande,3,1,1057,37,hotmail.com,
KP300327,2025-08-29,CL,comercio_grande,3,1,336,6,kipu.cl,1
KP301857,2021-08-21,CL,persona,2,,2142,111,kipu.cl,0
KP300404,2022-11-29,CL,persona,2,1,1340,341,hotmail.com,0
KP303010,2022-04-06,Chile,persona,0,1,1577,211,,1
KP301896,24/07/2024,US,Persona,0,no,737,0,yahoo.com,0
KP300513,2021-06-06,AR,PERSONA,3,1,1881,3767,gmail.com,1
KP303574,2018-07-02,CL,comercio_grande,2,1,2951,2107,outlook.com,0
KP301435,22/08/2019,CL,comercio_pequeno,2,1,2780,1,gmail.com,1
KP301181,17/11/2018,Chile,persona,1,0,3076,2050,icloud.com,0
KP300926,28-10-2023, CL,persona,2,0,1007,140,icloud.com,0
KP301267,2021-06-13,EEUU,Persona,1,1,1874,13,tempmail.io,1
KP302836,07-09-2022,CL,individuo,2,1,1423,77,hotmail.com,
KP301048,25/08/2024,Argentina,comercio pequeño,2,,705,1898,hotmail.com,1
KP301536,23/01/2024, CL,persona,2,1,920,2744,10minutemail.com,1
KP303128,24-06-2022,CL,persona,3,0,1498,241,icloud.com,0
KP304668,21-09-2024,Chile,Persona,3,1,678,19,gmail.com,0
KP300494,30/08/2018,chile ,comercio_pequeno,1,si,3478,2,gmail.com,1
KP300862,17/06/2026,CL,comercio grande,3,1,44,230,gmail.com,1
KP303974,23-04-2023,CL,persona,2,1,1195,2,hotmail.com,1
KP302979,28/07/2024,CL,comercio_pequeno,3,1,733,2,kipu.cl,
KP302376,2021-09-04,ARGENTINA,Persona,2,1,1791,1732,gmail.com,1
KP304944,24-06-2020,CL,PERSONA,2,1,2228,0,tempmail.io,0
KP301208,2019-07-27,CL,persona,1,1,2561,51,kipu.cl,
KP303639,03/06/2025,CO,persona,3,0,423,10,icloud.com,1
KP303234,2024-02-03,CL,persona,3,0,909,277,kipu.cl,0
KP300483,2023-09-18,CHILE,persona,2,0,1047,70,kipu.cl,
KP303184,12-02-2023,CL,persona,0,,1265,5,yahoo.com,1
KP303109,10-08-2021,CL,persona,2,1,1816,261,outlook.com,
KP302199,2021-08-01,cl,persona,2,si,1825,13,yahoo.com,
KP300634,2022-12-17, CL,persona,1,1,1322,,outlook.com,0
KP300961,25-10-2025,US,COMERCIO_PEQUENO,2,1,279,258,icloud.com,1
KP300102,2023-12-21,AR,persona,3,1,953,0,icloud.com,0
KP302496,2024-07-20,CL,persona,2,1,741,209,hotmail.com,1
KP300350,2021-03-30,CL,PERSONA,1,1,1949,179,,1
KP302863,30/10/2023,CHILE,comercio_pequeno,3,0,1005,26,outlook.com,1
KP301911,2020-03-21,RU,persona,1,1,2323,283,kipu.cl,1
KP303089,08/11/2025,CHILE,PERSONA,1,,265,6,gmail.com,1
KP304457,20-11-2023,CL,comercio_pequeno,1,0,984,17,hotmail.com,0
KP304045,11-07-2025,CL,persona,3,1,385,6,outlook.com,0
KP303756,25/05/2020,CL,Persona,2,0,2258,151,gmail.com,1
KP301594,03/05/2025,CL,persona,2,1,454,235,10minutemail.com,1
KP300766,2025-04-08,PE,Persona,1,1,479,115,outlook.com,1
KP304817,01-04-2023,AR,comercio_pequeno,2,,1217,18,hotmail.com,1
KP304342,17/09/2023,CL,persona,2,0,1048,169,yahoo.com,0
KP303063,31/05/2020,Estados Unidos,individuo,2,0,2252,16,kipu.cl,1
KP303141,07-06-2021,CL,COMERCIO_PEQUENO,2,0,1880,289,hotmail.com,1
KP304775,28-04-2023,chile ,pyme,1,0,1190,62,kipu.cl,0
KP300723,2024-04-23,CHILE,PERSONA,2,1,829,2954,hotmail.com,1
KP300278,22/01/2022,BR,COMERCIO_PEQUENO,1,0,1651,0,kipu.cl,1
KP300284,25-01-2026,CL,persona,2,,187,5,icloud.com,0
KP302731,2021-12-19, CL,persona,2,1,1685,147,kipu.cl,1
KP300029,23-01-2025,Chile,persona,2,,554,,kipu.cl,1
KP303915,04/02/2020,Venezuela,persona,2,1,2612,4,gmail.com,1
KP300293,09/09/2023,CL,persona,2,0,1056,45,yahoo.com,1
KP301017,2026-01-02,chile ,Persona,3,0,210,169,icloud.com,1
KP301833,03/09/2021,RU,individuo,1,0,1792,252,gmail.com,1
KP301308,2024-03-11,CL,persona,3,1,872,2759,hotmail.com,
KP304726,2018-10-13,CL,PERSONA,1,0,2848,172,kipu.cl,1
KP300596,2022-07-30,CL,persona,1,1,1462,2644,icloud.com,1
KP300906,06-11-2019, CL,persona,1,1,2459,23,gmail.com,
KP302085,20/12/2024, CL,persona,2,si,588,120,yahoo.com,1
KP301655,25-08-2019,CL,persona,1,1,2532,13,,1
KP304893,02/02/2025,CL,comercio_pequeno,2,1,544,2481,hotmail.com,0
KP304122,2024-05-05,CL,comercio_pequeno,3,,817,18,icloud.com,0
KP302595,2025-01-01,chile ,persona,1,1,576,11,kipu.cl,1
KP303419,09/02/2024,CL,persona,1,1,903,171,gmail.com,1
KP304456,05-04-2019,Chile,Persona,2,0,2674,140,hotmail.com,0
KP301443,2025-09-15, CL,comercio_grande,3,1,319,64,icloud.com,
KP301500,09-04-2026,US,persona,2,si,113,254,hotmail.com,
KP300606,2023-06-11,VE,pyme,3,0,1146,,gmail.com,1
KP303832,06/02/2020,CL,COMERCIO_PEQUENO,2,1,2367,9,icloud.com,1
KP303436,30-07-2024,US,persona,0,0,731,3920,kipu.cl,
KP304727,12-02-2024,CHILE,persona,2,no,900,9,outlook.com,1
KP302839,04-02-2019,NG,persona,2,0,2734,251,gmail.com,
KP303958,2022-10-01,CL,persona,1,1,1399,283,hotmail.com,0
KP304353,29-12-2021,AR,persona,3,1,1675,281,outlook.com,1
KP301802,2024-08-14,CO,persona,1,0,716,139,hotmail.com,1
KP302572,2018-08-15,CL,comercio_pequeno,1,1,3420,202,yahoo.com,1
KP300896,08-03-2025,Colombia,persona,3,1,510,36,outlook.com,
KP300565,10-10-2019,CL,persona,,si,2486,9,kipu.cl,1
KP300601,08-08-2024,CL,Persona,2,0,722,28,hotmail.com,0
KP300381,2023-08-31,CL,persona,2,1,1065,3299,gmail.com,1
KP301318,2026-05-15,CL,pyme,2,0,77,7,icloud.com,
KP302666,2020-01-22,PERU,comercio_pequeno,3,0,2382,243,gmail.com,1
KP301416,2024-01-22,CL,comercio_pequeno,0,1,921,15,yahoo.com,0
KP301834,15-02-2019,CL,persona,1,1,2723,57,icloud.com,1
KP301441,23/11/2020,CL,persona,1,1,2076,208,guerrillamail.com,
KP300611,16/06/2021,US,individuo,3,0,1871,3,mailinator.com,1
KP300255,2022-05-29,CL,persona,3,0,1524,176,yahoo.com,1
KP303206,2024-07-05,CL,persona,3,1,1324,246,hotmail.com,0
KP300279,22/02/2025,CL,persona,2,1,524,89,hotmail.com,
KP304058,06-07-2020,CL,persona,2,1,2216,2414,yahoo.com,1
KP301283,2025-04-07,cl,persona,2,0,480,,yahoo.com,1
KP302241,17-12-2023,CL,individuo,3,0,957,271,gmail.com,
KP303796,22-07-2018,CL,individuo,3,0,2931,17,hotmail.com,1
KP303078,2018-09-02,CL,persona,2,no,2889,144,gmail.com,0
KP300270,08/02/2024,NG,COMERCIO_PEQUENO,3,si,904,241,hotmail.com,0
KP303903,25/05/2021,cl,persona,,,1893,212,hotmail.com,1
KP302295,22/01/2025,CL,PERSONA,2,si,555,189,outlook.com,1
KP304991,2020-11-17,AR,PERSONA,2,1,2082,13,yahoo.com,1
KP302018,14-06-2021,CL,persona,2,1,1873,160,hotmail.com,1
KP303014,17-06-2018,CL,persona,2,no,2966,273,outlook.com,1
KP304189,2024-03-21,AR,persona,1,1,862,5,kipu.cl,
KP301842,2018-06-02,CL,PERSONA,1,1,2981,0,icloud.com,1
KP303625,2023-05-26,RU,comercio_pequeno,0,1,1162,10,yahoo.com,0
KP302283,14/07/2022,CL,persona,0,0,1478,2170,kipu.cl,1
KP300036,23-03-2025,CL,Persona,1,1,495,250,yahoo.com,
KP301552,2025-07-22,CL,comercio_pequeno,2,1,374,2108,hotmail.com,0
KP300759,19/04/2020,CL,comercio_pequeno,3,1,2294,6,icloud.com,
KP302441,07-07-2024,CL,comercio_pequeno,0,1,1618,2480,yahoo.com,0
KP303647,2023-08-14, CL,comercio_pequeno,1,si,1082,134,outlook.com,
KP303277,2025-08-31,Peru,persona,0,,334,,yahoo.com,0
KP302059,01-02-2021,CL,comercio_pequeno,3,si,2006,117,hotmail.com,1
KP304491,28/01/2021,CHILE,individuo,2,0,2010,3052,guerrillamail.com,0
KP301999,04/12/2022,Estados Unidos,persona,1,1,1335,19,outlook.com,1
KP303726,06/06/2021,CL,COMERCIO_PEQUENO,1,1,1881,42,icloud.com,1
